file,method,params,noisy_snr,enhanced_snr,snr_improvement,mae,mse,rmse,pesq,stoi
p232_001.wav,noisy_input,{},15.47964769813364,15.47964769813364,0.0,0.01157425343990326,0.0002314635639777407,0.015213926645601415,2.9246838092803955,0.8965751566212057
p232_001.wav,spectral_subtraction,"{""alpha"": 2.0, ""beta"": 0.02, ""noise_frames"": 6}",15.47964769813364,19.94725099520554,4.4676032970719,0.006540538743138313,8.274129504570737e-05,0.009096224219186077,3.2329702377319336,0.8992335219977726
p232_001.wav,wavelet_denoise,"{""mode"": ""soft"", ""threshold_scale"": 1.0, ""wavelet"": ""db4""}",15.47964769813364,15.498357987692067,0.018710289558427462,0.011558386497199535,0.0002304685185663402,0.015181189629483593,3.2401187419891357,0.903344331224045
p232_001.wav,frequency_masking,"{""mask_floor"": 0.05, ""noise_frames"": 6, ""threshold"": 2.0}",15.47964769813364,21.64705625025464,6.167408552121,0.0053688655607402325,5.594248796114698e-05,0.007479471101698768,2.9623653888702393,0.899028799389451
p232_002.wav,noisy_input,{},11.319264844878232,11.319264844878232,0.0,0.018814580515027046,0.000600089377257973,0.02449672176553371,3.058913230895996,0.9695388685959673
p232_002.wav,spectral_subtraction,"{""alpha"": 2.0, ""beta"": 0.02, ""noise_frames"": 6}",11.319264844878232,15.78343139738765,4.464166552509418,0.010432574898004532,0.0002146838087355718,0.014652092298902972,3.2644758224487305,0.9660003405927036
p232_002.wav,wavelet_denoise,"{""mode"": ""soft"", ""threshold_scale"": 1.0, ""wavelet"": ""db4""}",11.319264844878232,11.339486380302453,0.02022153542422167,0.018777664750814438,0.0005973017541691661,0.024439757653650456,2.991283893585205,0.9658222153195062
p232_002.wav,frequency_masking,"{""mask_floor"": 0.05, ""noise_frames"": 6, ""threshold"": 2.0}",11.319264844878232,12.768942227468767,1.4496773825905347,0.014597106724977493,0.0004297819687053561,0.02073118348540083,3.277261972427368,0.9678528363426964
p232_003.wav,noisy_input,{},6.7272916138631045,6.7272916138631045,0.0,0.025891117751598358,0.001052745385095477,0.03244603804928234,2.80773663520813,0.9717256221934897
p232_003.wav,spectral_subtraction,"{""alpha"": 2.0, ""beta"": 0.02, ""noise_frames"": 6}",6.7272916138631045,15.812726619456331,9.085435005593226,0.008205689489841461,0.0001299510768149048,0.01139960862551451,3.164452075958252,0.9663195519993305
p232_003.wav,wavelet_denoise,"{""mode"": ""soft"", ""threshold_scale"": 1.0, ""wavelet"": ""db4""}",6.7272916138631045,6.746175738220689,0.018884124357584575,0.025828730314970016,0.0010481778299435973,0.03237557458862464,2.950929880142212,0.9729967553525326
p232_003.wav,frequency_masking,"{""mask_floor"": 0.05, ""noise_frames"": 6, ""threshold"": 2.0}",6.7272916138631045,19.36104161708752,12.633750003224414,0.005454964470118284,5.740482083638199e-05,0.00757659691658346,3.0989089012145996,0.9719066555548336
p232_005.wav,noisy_input,{},1.8216674543482727,1.8216674543482727,0.0,0.04962778091430664,0.004313364624977112,0.065676210494951,1.3278971910476685,0.8819830679935514
p232_005.wav,spectral_subtraction,"{""alpha"": 2.0, ""beta"": 0.02, ""noise_frames"": 6}",1.8216674543482727,5.733352732984195,3.9116852786359226,0.02978508733212948,0.001752458163537085,0.04186237169030303,1.4888302087783813,0.8641646813186434
p232_005.wav,wavelet_denoise,"{""mode"": ""soft"", ""threshold_scale"": 1.0, ""wavelet"": ""db4""}",1.8216674543482727,2.0264974497608614,0.20482999541258873,0.04839811474084854,0.004114652518182993,0.06414555727548864,1.4890968799591064,0.8858500467186925
p232_005.wav,frequency_masking,"{""mask_floor"": 0.05, ""noise_frames"": 6, ""threshold"": 2.0}",1.8216674543482727,4.00796154942772,2.1862940950794476,0.034738391637802124,0.002607274567708373,0.051061478314952585,1.5223498344421387,0.8783649996699227
p232_006.wav,noisy_input,{},16.763328040386778,16.763328040386778,0.0,0.0067056454718112946,8.700375474290922e-05,0.009327580326264106,2.19832706451416,0.9650807879117461
p232_006.wav,spectral_subtraction,"{""alpha"": 2.0, ""beta"": 0.02, ""noise_frames"": 6}",16.763328040386778,15.893081651686776,-0.8702463887000018,0.007277155760675669,0.00010630718315951526,0.010310537481601784,2.25540828704834,0.954388747211768
p232_006.wav,wavelet_denoise,"{""mode"": ""soft"", ""threshold_scale"": 1.0, ""wavelet"": ""db4""}",16.763328040386778,16.923510518297196,0.16018247791041773,0.006593694910407066,8.385322144022211e-05,0.009157140461968579,2.3498146533966064,0.964832308142227
p232_006.wav,frequency_masking,"{""mask_floor"": 0.05, ""noise_frames"": 6, ""threshold"": 2.0}",16.763328040386778,17.571700314491,0.8083722741042223,0.005951780825853348,7.222719432320446e-05,0.008498658383721778,2.492941379547119,0.9607235477593068
p232_007.wav,noisy_input,{},11.750537155798702,11.750537155798702,0.0,0.014354735612869263,0.0003624576493166387,0.019038320548741654,1.5527491569519043,0.9369829551514651
p232_007.wav,spectral_subtraction,"{""alpha"": 2.0, ""beta"": 0.02, ""noise_frames"": 6}",11.750537155798702,12.593646306839656,0.8431091510409541,0.01242093462496996,0.00029850139981135726,0.0172771930535998,1.8196642398834229,0.9197227520935702
p232_007.wav,wavelet_denoise,"{""mode"": ""soft"", ""threshold_scale"": 1.0, ""wavelet"": ""db4""}",11.750537155798702,12.136763712837872,0.38622655703917097,0.01368762832134962,0.00033161535975523293,0.018210309161440202,1.7043145895004272,0.9390723481202288
p232_007.wav,frequency_masking,"{""mask_floor"": 0.05, ""noise_frames"": 6, ""threshold"": 2.0}",11.750537155798702,13.90332864240047,2.152791486601769,0.010855798609554768,0.00022078935580793768,0.01485898232746569,1.9048926830291748,0.9310510438495516
p232_009.wav,noisy_input,{},6.781847783664868,6.781847783664868,0.0,0.028784703463315964,0.0017494026105850935,0.041825860548052006,1.8015260696411133,0.9609195846950129
p232_009.wav,spectral_subtraction,"{""alpha"": 2.0, ""beta"": 0.02, ""noise_frames"": 6}",6.781847783664868,8.915760299029099,2.133912515364231,0.022047435864806175,0.0010702827712520957,0.032715176466772966,1.9675503969192505,0.9560789827647795
p232_009.wav,wavelet_denoise,"{""mode"": ""soft"", ""threshold_scale"": 1.0, ""wavelet"": ""db4""}",6.781847783664868,6.858051169163264,0.07620338549839634,0.028430908918380737,0.0017189744394272566,0.04146051663242098,1.9576942920684814,0.962522060573755
p232_009.wav,frequency_masking,"{""mask_floor"": 0.05, ""noise_frames"": 6, ""threshold"": 2.0}",6.781847783664868,7.9235997812476535,1.1417519975827854,0.022844651713967323,0.0013449761318042874,0.03667391623217089,1.9402289390563965,0.9606742549061573
p232_010.wav,noisy_input,{},0.7500768231659449,0.7500768231659449,0.0,0.05350467935204506,0.004806918557733297,0.06933194471333758,1.2195324897766113,0.7850155247295175
p232_010.wav,spectral_subtraction,"{""alpha"": 2.0, ""beta"": 0.02, ""noise_frames"": 6}",0.7500768231659449,5.311864406413451,4.561787583247506,0.026476409286260605,0.0016814656555652618,0.04100567833319261,1.2397890090942383,0.7553928182387822
p232_010.wav,wavelet_denoise,"{""mode"": ""soft"", ""threshold_scale"": 1.0, ""wavelet"": ""db4""}",0.7500768231659449,1.3567314568297961,0.6066546336638512,0.049664456397295,0.004180240910500288,0.06465478258025688,1.2452491521835327,0.8053619985884161
p232_010.wav,frequency_masking,"{""mask_floor"": 0.05, ""noise_frames"": 6, ""threshold"": 2.0}",0.7500768231659449,4.1311695836633415,3.3810927604973964,0.03323893994092941,0.0022067721001803875,0.046976292959112764,1.271795630455017,0.7730111160210171
p232_011.wav,noisy_input,{},16.71754353882197,16.71754353882197,0.0,0.009675764478743076,0.00014621642185375094,0.012091998257267115,2.7245891094207764,0.9653087784275142
p232_011.wav,spectral_subtraction,"{""alpha"": 2.0, ""beta"": 0.02, ""noise_frames"": 6}",16.71754353882197,15.164748838326068,-1.5527947004959035,0.010570615530014038,0.00020906224381178617,0.014458984881788423,2.7692646980285645,0.958733406595729
p232_011.wav,wavelet_denoise,"{""mode"": ""soft"", ""threshold_scale"": 1.0, ""wavelet"": ""db4""}",16.71754353882197,16.57539591121365,-0.14214762760832045,0.009789884090423584,0.00015108137449715286,0.012291516362807026,2.5142459869384766,0.9465896473454484
p232_011.wav,frequency_masking,"{""mask_floor"": 0.05, ""noise_frames"": 6, ""threshold"": 2.0}",16.71754353882197,18.805504657016474,2.087961118194503,0.00729514891281724,9.040658187586814e-05,0.009508237579902394,3.120868682861328,0.9651507213563159
p232_012.wav,noisy_input,{},11.814361705345323,11.814361705345323,0.0,0.012085705064237118,0.00022675747459288687,0.015058468534113516,2.030937910079956,0.965386612613547
p232_012.wav,spectral_subtraction,"{""alpha"": 2.0, ""beta"": 0.02, ""noise_frames"": 6}",11.814361705345323,15.0592125279789,3.244850822633577,0.0077298185788095,0.00010741786536527798,0.010364259035998568,2.5193748474121094,0.9601211360489161
p232_012.wav,wavelet_denoise,"{""mode"": ""soft"", ""threshold_scale"": 1.0, ""wavelet"": ""db4""}",11.814361705345323,11.868434481861298,0.05407277651597475,0.011961609125137329,0.00022395167616195977,0.014965015073896843,1.851142406463623,0.9419136889432834
p232_012.wav,frequency_masking,"{""mask_floor"": 0.05, ""noise_frames"": 6, ""threshold"": 2.0}",11.814361705345323,16.884216626673556,5.069854921328233,0.00641346350312233,7.056284812279046e-05,0.008400169529407753,2.4490933418273926,0.9652154203790007
p232_013.wav,noisy_input,{},6.717762142839479,6.717762142839479,0.0,0.03067380003631115,0.0014695306308567524,0.038334457487445316,1.4132285118103027,0.9442680838699106
p232_013.wav,spectral_subtraction,"{""alpha"": 2.0, ""beta"": 0.02, ""noise_frames"": 6}",6.717762142839479,10.051355611333355,3.3335934684938753,0.018245602026581764,0.0006820548442192376,0.026116179740138825,1.8288042545318604,0.9401409974840109
p232_013.wav,wavelet_denoise,"{""mode"": ""soft"", ""threshold_scale"": 1.0, ""wavelet"": ""db4""}",6.717762142839479,7.159739191540958,0.4419770487014789,0.02899082936346531,0.0013273361837491393,0.03643262526567553,1.4914634227752686,0.9286902922753568
p232_013.wav,frequency_masking,"{""mask_floor"": 0.05, ""noise_frames"": 6, ""threshold"": 2.0}",6.717762142839479,10.575914612341265,3.8581524695017855,0.01840326376259327,0.0006044541951268911,0.024585650187190316,1.733224868774414,0.9467090786482891
p232_014.wav,noisy_input,{},1.8762707715595037,1.8762707715595037,0.0,0.0414327047765255,0.0026860451325774193,0.051827069496329994,1.2674221992492676,0.9106883029145597
p232_014.wav,spectral_subtraction,"{""alpha"": 2.0, ""beta"": 0.02, ""noise_frames"": 6}",1.8762707715595037,7.971535273761553,6.095264502202049,0.018243253231048584,0.0006600652122870088,0.02569173431839526,1.716569423675537,0.8971484958587587
p232_014.wav,wavelet_denoise,"{""mode"": ""soft"", ""threshold_scale"": 1.0, ""wavelet"": ""db4""}",1.8762707715595037,2.308982190653546,0.4327114190940424,0.03927379474043846,0.002431320259347558,0.04930841976120871,1.344644546508789,0.8431552167561422
p232_014.wav,frequency_masking,"{""mask_floor"": 0.05, ""noise_frames"": 6, ""threshold"": 2.0}",1.8762707715595037,7.499299183241424,5.62302841168192,0.019229894503951073,0.0007358858711086214,0.02712721642757733,1.6695888042449951,0.9104120174551958
p232_015.wav,noisy_input,{},16.94711093116958,16.94711093116958,0.0,0.009158996865153313,0.00013372147805057466,0.01156380032906893,3.6260108947753906,0.9946358516729781
p232_015.wav,spectral_subtraction,"{""alpha"": 2.0, ""beta"": 0.02, ""noise_frames"": 6}",16.94711093116958,19.7168952754298,2.76978434426022,0.006488356739282608,7.066799298627302e-05,0.008406425696232199,3.674133777618408,0.9894037865272702
p232_015.wav,wavelet_denoise,"{""mode"": ""soft"", ""threshold_scale"": 1.0, ""wavelet"": ""db4""}",16.94711093116958,16.88864330084715,-0.05846763032242919,0.009197773411870003,0.00013553390454035252,0.011641902960442185,3.683835744857788,0.9898976504131782
p232_015.wav,frequency_masking,"{""mask_floor"": 0.05, ""noise_frames"": 6, ""threshold"": 2.0}",16.94711093116958,19.78222488870998,2.8351139575404005,0.006047587376087904,6.96129136485979e-05,0.008343435362522916,3.8696000576019287,0.9941457818741073
p232_016.wav,noisy_input,{},11.985021505700963,11.985021505700963,0.0,0.014969735406339169,0.00034476775908842683,0.018567922853362645,3.353851795196533,0.9903460144063252
p232_016.wav,spectral_subtraction,"{""alpha"": 2.0, ""beta"": 0.02, ""noise_frames"": 6}",11.985021505700963,18.688895805549418,6.703874299848454,0.006588459946215153,7.364431075984612e-05,0.008581626347018735,3.5629844665527344,0.9887292931463516
p232_016.wav,wavelet_denoise,"{""mode"": ""soft"", ""threshold_scale"": 1.0, ""wavelet"": ""db4""}",11.985021505700963,11.972472484972965,-0.012549020727998794,0.014980708248913288,0.0003457654092926532,0.018594768331244495,3.321789503097534,0.986514308327309
p232_016.wav,frequency_masking,"{""mask_floor"": 0.05, ""noise_frames"": 6, ""threshold"": 2.0}",11.985021505700963,18.281114277573124,6.296092771872161,0.00638581020757556,8.089419861789793e-05,0.00899412022478563,3.7190401554107666,0.990894280074255
p232_017.wav,noisy_input,{},6.431482424949898,6.431482424949898,0.0,0.023439768701791763,0.0008594011887907982,0.029315545173010143,2.7590458393096924,0.9904558892622033
p232_017.wav,spectral_subtraction,"{""alpha"": 2.0, ""beta"": 0.02, ""noise_frames"": 6}",6.431482424949898,9.857244651961443,3.4257622270115444,0.014281433075666428,0.0003904988116119057,0.01976104277643024,3.3060295581817627,0.9891511398878606
p232_017.wav,wavelet_denoise,"{""mode"": ""soft"", ""threshold_scale"": 1.0, ""wavelet"": ""db4""}",6.431482424949898,6.478072196834836,0.04658977188493729,0.023304052650928497,0.0008502310956828296,0.029158722463146935,2.3097338676452637,0.9718586281294394
p232_017.wav,frequency_masking,"{""mask_floor"": 0.05, ""noise_frames"": 6, ""threshold"": 2.0}",6.431482424949898,7.20688314066364,0.7754007157137419,0.020339444279670715,0.0007188791059888899,0.02681192096789952,3.2940468788146973,0.9910892002061424
p232_019.wav,noisy_input,{},2.0462727240802483,2.0462727240802483,0.0,0.037963591516017914,0.0024465774185955524,0.04946288930699007,2.1878671646118164,0.9794965886230873
p232_019.wav,spectral_subtraction,"{""alpha"": 2.0, ""beta"": 0.02, ""noise_frames"": 6}",2.0462727240802483,8.771733421183738,6.72546069710349,0.013371043838560581,0.0005200114101171494,0.022803758683979037,2.481781244277954,0.9776686512768495
p232_019.wav,wavelet_denoise,"{""mode"": ""soft"", ""threshold_scale"": 1.0, ""wavelet"": ""db4""}",2.0462727240802483,2.09513686120537,0.0488641371251215,0.037714485079050064,0.002419204218313098,0.04918540655837967,2.2128379344940186,0.9704701230621825
p232_019.wav,frequency_masking,"{""mask_floor"": 0.05, ""noise_frames"": 6, ""threshold"": 2.0}",2.0462727240802483,4.969025595259117,2.9227528711788686,0.021052848547697067,0.0012481985613703728,0.03532985368453106,2.522843837738037,0.9795512014713994
p232_020.wav,noisy_input,{},16.231231816885593,16.231231816885593,0.0,0.007895185612142086,0.0001039936687448062,0.010197728607136306,2.8898630142211914,0.9586894653290319
p232_020.wav,spectral_subtraction,"{""alpha"": 2.0, ""beta"": 0.02, ""noise_frames"": 6}",16.231231816885593,16.757822361575123,0.5265905446895296,0.007030365988612175,9.211870928993449e-05,0.00959784920124996,3.115548849105835,0.9566275289121265
p232_020.wav,wavelet_denoise,"{""mode"": ""soft"", ""threshold_scale"": 1.0, ""wavelet"": ""db4""}",16.231231816885593,16.29491212651203,0.063680309626438,0.007843099534511566,0.00010247994214296341,0.010123237730240429,2.9574034214019775,0.9573646734232476
p232_020.wav,frequency_masking,"{""mask_floor"": 0.05, ""noise_frames"": 6, ""threshold"": 2.0}",16.231231816885593,19.948162642252914,3.716930825367321,0.004929360002279282,4.418896423885599e-05,0.006647478035981464,3.0837583541870117,0.9596456211043805
p232_021.wav,noisy_input,{},11.915033954555067,11.915033954555067,0.0,0.01327572576701641,0.0003755692741833627,0.019379609753123583,2.591747760772705,0.976325847349778
p232_021.wav,spectral_subtraction,"{""alpha"": 2.0, ""beta"": 0.02, ""noise_frames"": 6}",11.915033954555067,14.488059971703493,2.5730260171484254,0.009169395081698895,0.00020767653768416494,0.014410986700575536,2.953930139541626,0.9746322361499885
p232_021.wav,wavelet_denoise,"{""mode"": ""soft"", ""threshold_scale"": 1.0, ""wavelet"": ""db4""}",11.915033954555067,11.946152221123125,0.031118266568057606,0.013228585943579674,0.000372887821868062,0.019310303515689804,2.742640733718872,0.9765563029430454
p232_021.wav,frequency_masking,"{""mask_floor"": 0.05, ""noise_frames"": 6, ""threshold"": 2.0}",11.915033954555067,13.050798750176673,1.135764795621606,0.01046234741806984,0.00028914358699694276,0.017004222622541223,2.980752468109131,0.9764237697249594
p232_022.wav,noisy_input,{},7.0072070048218595,7.0072070048218595,0.0,0.01890510879456997,0.0006110799731686711,0.024720031819734197,1.6432890892028809,0.9699690404829068
p232_022.wav,spectral_subtraction,"{""alpha"": 2.0, ""beta"": 0.02, ""noise_frames"": 6}",7.0072070048218595,11.523709906817249,4.5165029019953895,0.010371104814112186,0.0002159970172215253,0.014696836980164314,2.257277011871338,0.965519042909644
p232_022.wav,wavelet_denoise,"{""mode"": ""soft"", ""threshold_scale"": 1.0, ""wavelet"": ""db4""}",7.0072070048218595,7.109894623732282,0.10268761891042288,0.018652381375432014,0.000596800644416362,0.02442950356467282,1.794079303741455,0.96993324406421
p232_022.wav,frequency_masking,"{""mask_floor"": 0.05, ""noise_frames"": 6, ""threshold"": 2.0}",7.0072070048218595,9.801334172822223,2.7941271680003634,0.01212993822991848,0.00032113329507410526,0.01792019238384748,2.0586774349212646,0.9699599664969091
p232_023.wav,noisy_input,{},1.9680774299066122,1.9680774299066122,0.0,0.04174570366740227,0.002802613889798522,0.05293971939667344,1.3066831827163696,0.9372941114566538
p232_023.wav,spectral_subtraction,"{""alpha"": 2.0, ""beta"": 0.02, ""noise_frames"": 6}",1.9680774299066122,9.38970953620496,7.421632106298347,0.01597079448401928,0.0005074579385109246,0.022526827084854286,1.6882741451263428,0.9287888093566202
p232_023.wav,wavelet_denoise,"{""mode"": ""soft"", ""threshold_scale"": 1.0, ""wavelet"": ""db4""}",1.9680774299066122,2.0836168522987855,0.1155394223921733,0.04116221144795418,0.0027290363796055317,0.0522401797432353,1.393270492553711,0.9428053557942164
p232_023.wav,frequency_masking,"{""mask_floor"": 0.05, ""noise_frames"": 6, ""threshold"": 2.0}",1.9680774299066122,6.115605021093171,4.1475275911865594,0.022703872993588448,0.0010784760816022754,0.03284015958551778,1.5119194984436035,0.9370690235970172
p232_024.wav,noisy_input,{},16.802524331980297,16.802524331980297,0.0,0.010964819230139256,0.0001966290728887543,0.014022448890573797,3.801738739013672,0.9973606760574923
p232_024.wav,spectral_subtraction,"{""alpha"": 2.0, ""beta"": 0.02, ""noise_frames"": 6}",16.802524331980297,20.379463573813847,3.57693924183355,0.0070248073898255825,8.628868090454489e-05,0.009289170086963899,3.9598214626312256,0.9950189408023145
p232_024.wav,wavelet_denoise,"{""mode"": ""soft"", ""threshold_scale"": 1.0, ""wavelet"": ""db4""}",16.802524331980297,16.80738972406046,0.004865392080162678,0.010955564677715302,0.00019640891696326435,0.014014596567980982,3.8492074012756348,0.9946756264003144
p232_024.wav,frequency_masking,"{""mask_floor"": 0.05, ""noise_frames"": 6, ""threshold"": 2.0}",16.802524331980297,18.176781426249086,1.3742570942687884,0.008871175348758698,0.00014329202531371266,0.011970464707508755,4.030903339385986,0.9964410301175226
p232_025.wav,noisy_input,{},10.638316683498148,10.638316683498148,0.0,0.018514705821871758,0.0004544620751403272,0.021318116125500566,2.916628360748291,0.9738168972296839
p232_025.wav,spectral_subtraction,"{""alpha"": 2.0, ""beta"": 0.02, ""noise_frames"": 6}",10.638316683498148,18.377401543519476,7.739084860021327,0.00644853338599205,7.648726750630885e-05,0.00874569994376144,2.955857515335083,0.9737307744949527
p232_025.wav,wavelet_denoise,"{""mode"": ""soft"", ""threshold_scale"": 1.0, ""wavelet"": ""db4""}",10.638316683498148,10.677048502684459,0.03873181918631019,0.018425768241286278,0.00045042706187814474,0.021223266993517863,3.134686231613159,0.9748865306964161
p232_025.wav,frequency_masking,"{""mask_floor"": 0.05, ""noise_frames"": 6, ""threshold"": 2.0}",10.638316683498148,18.89750926479482,8.259192581296672,0.006182892248034477,6.785446021240205e-05,0.008237381878509824,3.039841413497925,0.9743673732280133
p232_027.wav,noisy_input,{},6.704948319515564,6.704948319515564,0.0,0.031070124357938766,0.0015425243182107806,0.039274983363596486,2.9024267196655273,0.9867243245639145
p232_027.wav,spectral_subtraction,"{""alpha"": 2.0, ""beta"": 0.02, ""noise_frames"": 6}",6.704948319515564,11.236800273814701,4.531851954299137,0.016362454742193222,0.0005433089099824429,0.023308987751132455,3.4817967414855957,0.9851281848924457
p232_027.wav,wavelet_denoise,"{""mode"": ""soft"", ""threshold_scale"": 1.0, ""wavelet"": ""db4""}",6.704948319515564,6.7310589289549725,0.02611060943940835,0.030959872528910637,0.0015332781476899981,0.03915709575147266,2.84084415435791,0.9853457913594817
p232_027.wav,frequency_masking,"{""mask_floor"": 0.05, ""noise_frames"": 6, ""threshold"": 2.0}",6.704948319515564,8.360086112420548,1.6551377929049842,0.0231794286519289,0.0010537030175328255,0.032460792004090494,3.3896398544311523,0.9863170203609228
p232_028.wav,noisy_input,{},0.21396802174130264,0.21396802174130264,0.0,0.0670500174164772,0.005930032581090927,0.07700670478010942,1.4459370374679565,0.8047350372111268
p232_028.wav,spectral_subtraction,"{""alpha"": 2.0, ""beta"": 0.02, ""noise_frames"": 6}",0.21396802174130264,10.319281104968809,10.105313083227506,0.016659582033753395,0.0005787963164038956,0.024058186058053,1.4676661491394043,0.7746593169647891
p232_028.wav,wavelet_denoise,"{""mode"": ""soft"", ""threshold_scale"": 1.0, ""wavelet"": ""db4""}",0.21396802174130264,0.3138530214317522,0.09988499969044956,0.06637199968099594,0.005795201752334833,0.07612622250141428,1.5480742454528809,0.8016368725146887
p232_028.wav,frequency_masking,"{""mask_floor"": 0.05, ""noise_frames"": 6, ""threshold"": 2.0}",0.21396802174130264,7.529423413554294,7.315455391812992,0.025640783831477165,0.00110030104406178,0.033170786003074756,1.478109359741211,0.7890427323119396
p232_029.wav,noisy_input,{},16.42843911612937,16.42843911612937,0.0,0.008221041411161423,0.00011084264406235889,0.010528183322034191,1.7666321992874146,0.9735116463301153
p232_029.wav,spectral_subtraction,"{""alpha"": 2.0, ""beta"": 0.02, ""noise_frames"": 6}",16.42843911612937,17.48430902577836,1.0558699096489903,0.006800298113375902,8.692003029864281e-05,0.009323091241570191,2.0801827907562256,0.9711210483871495
p232_029.wav,wavelet_denoise,"{""mode"": ""soft"", ""threshold_scale"": 1.0, ""wavelet"": ""db4""}",16.42843911612937,16.806747583302805,0.37830846717343647,0.007871025241911411,0.00010159586236113682,0.010079477286106498,1.8587441444396973,0.9743540807823221
p232_029.wav,frequency_masking,"{""mask_floor"": 0.05, ""noise_frames"": 6, ""threshold"": 2.0}",16.42843911612937,17.55165513760108,1.1232160214717126,0.0070672654546797276,8.5582556494046e-05,0.009251084071288402,1.9705729484558105,0.9740131258776553
p232_030.wav,noisy_input,{},11.72098147655202,11.72098147655202,0.0,0.014734078198671341,0.00045943044824525714,0.02143432873325538,1.9659883975982666,0.9901334227589146
p232_030.wav,spectral_subtraction,"{""alpha"": 2.0, ""beta"": 0.02, ""noise_frames"": 6}",11.72098147655202,14.966587621470147,3.2456061449181277,0.009346643462777138,0.00021760014351457357,0.014751275996149404,2.3289902210235596,0.9900180166626673
p232_030.wav,wavelet_denoise,"{""mode"": ""soft"", ""threshold_scale"": 1.0, ""wavelet"": ""db4""}",11.72098147655202,11.784458414538502,0.0634769379864828,0.01456599123775959,0.0004527642158791423,0.02127825688065501,2.007946491241455,0.9909837128692877
p232_030.wav,frequency_masking,"{""mask_floor"": 0.05, ""noise_frames"": 6, ""threshold"": 2.0}",11.72098147655202,12.764877782260132,1.0438963057081132,0.01189513597637415,0.00036126855411566794,0.019007065899703402,2.1263294219970703,0.9905307003411487
p232_031.wav,noisy_input,{},5.5368837899593295,5.5368837899593295,0.0,0.024615908041596413,0.0011347845429554582,0.0336865632404889,1.5490167140960693,0.7951168446555683
p232_031.wav,spectral_subtraction,"{""alpha"": 2.0, ""beta"": 0.02, ""noise_frames"": 6}",5.5368837899593295,10.78551063094826,5.24862684098893,0.011174159124493599,0.0003388837503734976,0.018408795462319025,1.8914477825164795,0.776620849551874
p232_031.wav,wavelet_denoise,"{""mode"": ""soft"", ""threshold_scale"": 1.0, ""wavelet"": ""db4""}",5.5368837899593295,5.621725917613583,0.08484212765425347,0.024281900376081467,0.0011128309415653348,0.033359120815233345,1.6816596984863281,0.8001190438736733
p232_031.wav,frequency_masking,"{""mask_floor"": 0.05, ""noise_frames"": 6, ""threshold"": 2.0}",5.5368837899593295,8.887153960284214,3.350270170324885,0.013183016330003738,0.0005246701766736805,0.022905680008977698,2.0032200813293457,0.7773091020894466
p232_032.wav,noisy_input,{},1.6428219956287282,1.6428219956287282,0.0,0.05725448578596115,0.005476769059896469,0.07400519616821828,1.1110551357269287,0.7706346470130266
p232_032.wav,spectral_subtraction,"{""alpha"": 2.0, ""beta"": 0.02, ""noise_frames"": 6}",1.6428219956287282,4.621952522306648,2.9791305266779196,0.037840500473976135,0.002758108777925372,0.052517699663307535,1.1615276336669922,0.7376857543998547
p232_032.wav,wavelet_denoise,"{""mode"": ""soft"", ""threshold_scale"": 1.0, ""wavelet"": ""db4""}",1.6428219956287282,2.3013743058126455,0.6585523101839172,0.05274607613682747,0.0047061871737241745,0.06860165576517942,1.1678324937820435,0.7840333968627692
p232_032.wav,frequency_masking,"{""mask_floor"": 0.05, ""noise_frames"": 6, ""threshold"": 2.0}",1.6428219956287282,3.721561691347892,2.0787396957191637,0.043149951845407486,0.0033935203682631254,0.058253930067104706,1.1689822673797607,0.7600282695186736
p232_033.wav,noisy_input,{},14.818045054875999,14.818045054875999,0.0,0.012453251518309116,0.00024162732006516308,0.01554436618409265,2.461737632751465,0.8464635701939414
p232_033.wav,spectral_subtraction,"{""alpha"": 2.0, ""beta"": 0.02, ""noise_frames"": 6}",14.818045054875999,16.990871494479546,2.172826439603547,0.008651982061564922,0.0001465086970711127,0.012104077704274402,2.6227118968963623,0.8457538204464993
p232_033.wav,wavelet_denoise,"{""mode"": ""soft"", ""threshold_scale"": 1.0, ""wavelet"": ""db4""}",14.818045054875999,15.12552204944599,0.307476994569992,0.012067219242453575,0.00022511184215545654,0.015003727608679669,2.2605462074279785,0.8264219406907772
p232_033.wav,frequency_masking,"{""mask_floor"": 0.05, ""noise_frames"": 6, ""threshold"": 2.0}",14.818045054875999,20.09297035128137,5.274925296405371,0.00661161495372653,7.172218465711921e-05,0.008468895126114104,2.6595160961151123,0.8500772077792801
p232_034.wav,noisy_input,{},10.059678084894184,10.059678084894184,0.0,0.01732894964516163,0.0004814206622540951,0.021941300377463845,1.4347387552261353,0.8631409074202089
p232_034.wav,spectral_subtraction,"{""alpha"": 2.0, ""beta"": 0.02, ""noise_frames"": 6}",10.059678084894184,13.58026611756285,3.520588032668666,0.010242416523396969,0.0002140256983693689,0.014629617164142366,1.6709206104278564,0.8583047302669532
p232_034.wav,wavelet_denoise,"{""mode"": ""soft"", ""threshold_scale"": 1.0, ""wavelet"": ""db4""}",10.059678084894184,10.395040301881217,0.3353622169870327,0.016549455001950264,0.00044564445852302015,0.021110292715237754,1.5022741556167603,0.8503546790519634
p232_034.wav,frequency_masking,"{""mask_floor"": 0.05, ""noise_frames"": 6, ""threshold"": 2.0}",10.059678084894184,12.909693913462885,2.8500158285687007,0.011732072569429874,0.00024976013810373843,0.01580380138143157,1.5643080472946167,0.8661582047447192
p232_035.wav,noisy_input,{},6.538457262336418,6.538457262336418,0.0,0.031736817210912704,0.0015694486210122705,0.03961626712617268,1.5358225107192993,0.9698935559566173
p232_035.wav,spectral_subtraction,"{""alpha"": 2.0, ""beta"": 0.02, ""noise_frames"": 6}",6.538457262336418,11.528154519792897,4.98969725745648,0.016477549448609352,0.00049748201854527,0.022304304933022906,1.9749504327774048,0.9671574012912566
p232_035.wav,wavelet_denoise,"{""mode"": ""soft"", ""threshold_scale"": 1.0, ""wavelet"": ""db4""}",6.538457262336418,6.914834530066175,0.3763772677297572,0.030453620478510857,0.0014391609001904726,0.03793627420016985,1.7388417720794678,0.9383880338041632
p232_035.wav,frequency_masking,"{""mask_floor"": 0.05, ""noise_frames"": 6, ""threshold"": 2.0}",6.538457262336418,12.613761732409017,6.0753044700725995,0.015181380324065685,0.0003874508838634938,0.019683772094380027,1.8356260061264038,0.970531953138793
p232_036.wav,noisy_input,{},1.4163569159839404,1.4163569159839404,0.0,0.0516669936478138,0.004243046976625919,0.06513867496830067,1.1501580476760864,0.8186676458345391
p232_036.wav,spectral_subtraction,"{""alpha"": 2.0, ""beta"": 0.02, ""noise_frames"": 6}",1.4163569159839404,5.653621472307676,4.237264556323735,0.028962034732103348,0.0015993788838386536,0.03999223529435,1.3146177530288696,0.818769929101859
p232_036.wav,wavelet_denoise,"{""mode"": ""soft"", ""threshold_scale"": 1.0, ""wavelet"": ""db4""}",1.4163569159839404,2.0650663160537235,0.6487094000697831,0.047757621854543686,0.00365432258695364,0.0604509932668905,1.2265280485153198,0.8162821103101939
p232_036.wav,frequency_masking,"{""mask_floor"": 0.05, ""noise_frames"": 6, ""threshold"": 2.0}",1.4163569159839404,3.625261776711173,2.208904860727232,0.03843611106276512,0.0025514515582472086,0.05051189521535703,1.222566843032837,0.8223202663016361
p232_037.wav,noisy_input,{},16.55924626203114,16.55924626203114,0.0,0.007064128294587135,8.093439828371629e-05,0.008996354721981358,3.642753839492798,0.9991374002335457
p232_037.wav,spectral_subtraction,"{""alpha"": 2.0, ""beta"": 0.02, ""noise_frames"": 6}",16.55924626203114,21.3719514416765,4.812705179645359,0.0039002809207886457,2.672161099326331e-05,0.005169295018981148,3.796146869659424,0.9990052636935038
p232_037.wav,wavelet_denoise,"{""mode"": ""soft"", ""threshold_scale"": 1.0, ""wavelet"": ""db4""}",16.55924626203114,16.530036495371302,-0.02920976665983943,0.007085018791258335,8.14805825939402e-05,0.009026659547913624,3.736093044281006,0.9963259584977145
p232_037.wav,frequency_masking,"{""mask_floor"": 0.05, ""noise_frames"": 6, ""threshold"": 2.0}",16.55924626203114,19.07917570247725,2.5199294404461092,0.0047939070500433445,4.530437945504673e-05,0.006730852802954966,3.8519458770751953,0.9991370652521032
p232_038.wav,noisy_input,{},10.946749216774805,10.946749216774805,0.0,0.014463434927165508,0.00029582763090729713,0.017199640429593203,2.833803653717041,0.9471558319821299
p232_038.wav,spectral_subtraction,"{""alpha"": 2.0, ""beta"": 0.02, ""noise_frames"": 6}",10.946749216774805,17.891614295384958,6.944865078610153,0.005844500847160816,5.977949331281707e-05,0.007731719945317282,2.9397308826446533,0.9458907452629945
p232_038.wav,wavelet_denoise,"{""mode"": ""soft"", ""threshold_scale"": 1.0, ""wavelet"": ""db4""}",10.946749216774805,10.964306401502832,0.017557184728026698,0.01443310733884573,0.00029463411192409694,0.017164909318842816,3.0003554821014404,0.9410688368353948
p232_038.wav,frequency_masking,"{""mask_floor"": 0.05, ""noise_frames"": 6, ""threshold"": 2.0}",10.946749216774805,13.774422021715333,2.827672804940528,0.009488524869084358,0.0001542664394946769,0.012420404159876476,2.962756633758545,0.9482908102487257
p232_039.wav,noisy_input,{},4.424511782307977,4.424511782307977,0.0,0.030198685824871063,0.0014287290396168828,0.03779853224156836,2.1327667236328125,0.7698180048297218
p232_039.wav,spectral_subtraction,"{""alpha"": 2.0, ""beta"": 0.02, ""noise_frames"": 6}",4.424511782307977,13.184673942307787,8.76016215999981,0.009064892306923866,0.00019007877563126385,0.013786905948444846,1.8111321926116943,0.7674713303373761
p232_039.wav,wavelet_denoise,"{""mode"": ""soft"", ""threshold_scale"": 1.0, ""wavelet"": ""db4""}",4.424511782307977,4.491521182634873,0.06700940032689573,0.02991536259651184,0.0014068536693230271,0.03750804806068995,2.618607759475708,0.7739417703262994
p232_039.wav,frequency_masking,"{""mask_floor"": 0.05, ""noise_frames"": 6, ""threshold"": 2.0}",4.424511782307977,8.505314360675504,4.080802578367527,0.014833113178610802,0.0005583025049418211,0.023628425782134133,1.9787359237670898,0.7750744263193589
p232_040.wav,noisy_input,{},0.5107664557235863,0.5107664557235863,0.0,0.03463856130838394,0.0019144241232424974,0.04375413264187164,2.48063063621521,0.9909148634069354
p232_040.wav,spectral_subtraction,"{""alpha"": 2.0, ""beta"": 0.02, ""noise_frames"": 6}",0.5107664557235863,15.019330110854112,14.508563655130526,0.005597045179456472,6.77925199852325e-05,0.0082336213166038,2.262860059738159,0.9898187580841655
p232_040.wav,wavelet_denoise,"{""mode"": ""soft"", ""threshold_scale"": 1.0, ""wavelet"": ""db4""}",0.5107664557235863,0.5762840090149816,0.0655175532913953,0.03441305458545685,0.0018857598770409822,0.04342533680975868,2.1500473022460938,0.9857893242418962
p232_040.wav,frequency_masking,"{""mask_floor"": 0.05, ""noise_frames"": 6, ""threshold"": 2.0}",0.5107664557235863,7.560971705191472,7.0502052494678855,0.011160354129970074,0.0003775875084102154,0.01943161106059442,2.544764518737793,0.9909887884392472
p232_041.wav,noisy_input,{},15.819698506245976,15.819698506245976,0.0,0.007256788667291403,9.700140071799979e-05,0.009848928912221866,2.2604641914367676,0.903665931120462
p232_041.wav,spectral_subtraction,"{""alpha"": 2.0, ""beta"": 0.02, ""noise_frames"": 6}",15.819698506245976,16.653563562001256,0.8338650557552807,0.006469250191003084,8.005556446732953e-05,0.008947377518990106,2.2145073413848877,0.9058488699136263
p232_041.wav,wavelet_denoise,"{""mode"": ""soft"", ""threshold_scale"": 1.0, ""wavelet"": ""db4""}",15.819698506245976,16.025388791271006,0.20569028502502995,0.007088548969477415,9.251432493329048e-05,0.009618436719825653,2.427440643310547,0.9071895606958403
p232_041.wav,frequency_masking,"{""mask_floor"": 0.05, ""noise_frames"": 6, ""threshold"": 2.0}",15.819698506245976,18.443024284150585,2.6233257779046095,0.005084720905870199,5.302069985191338e-05,0.007281531422160683,2.265530824661255,0.9062366729449565
p232_042.wav,noisy_input,{},11.239720490159897,11.239720490159897,0.0,0.01650375686585903,0.0005529273767024279,0.023514407853535837,2.942869186401367,0.998202127646717
p232_042.wav,spectral_subtraction,"{""alpha"": 2.0, ""beta"": 0.02, ""noise_frames"": 6}",11.239720490159897,14.680500641489914,3.440780151330017,0.009028813801705837,0.0002503744908608496,0.015823226310106596,3.1415560245513916,0.997388165563868
p232_042.wav,wavelet_denoise,"{""mode"": ""soft"", ""threshold_scale"": 1.0, ""wavelet"": ""db4""}",11.239720490159897,11.274795630945743,0.03507514078584606,0.016418199986219406,0.0005484797293320298,0.02341964409063532,3.036665678024292,0.9976786511970525
p232_042.wav,frequency_masking,"{""mask_floor"": 0.05, ""noise_frames"": 6, ""threshold"": 2.0}",11.239720490159897,12.820117088532758,1.580396598372861,0.01137349009513855,0.00038426287937909365,0.01960262429826919,3.125833034515381,0.9981922614179807
p232_043.wav,noisy_input,{},5.830363863621756,5.830363863621756,0.0,0.03165385499596596,0.0015296062920242548,0.03911018143686187,1.6019961833953857,0.8529337591414142
p232_043.wav,spectral_subtraction,"{""alpha"": 2.0, ""beta"": 0.02, ""noise_frames"": 6}",5.830363863621756,10.527937601336872,4.697573737715116,0.014944623224437237,0.0005185877671465278,0.02277252219554364,1.8806999921798706,0.8379100408704535
p232_043.wav,wavelet_denoise,"{""mode"": ""soft"", ""threshold_scale"": 1.0, ""wavelet"": ""db4""}",5.830363863621756,6.003848272226778,0.173484408605022,0.03105069138109684,0.001469708513468504,0.03833677755717744,1.8075153827667236,0.8582374620395995
p232_043.wav,frequency_masking,"{""mask_floor"": 0.05, ""noise_frames"": 6, ""threshold"": 2.0}",5.830363863621756,11.376651088169393,5.546287224547637,0.015481309033930302,0.0004265313036739826,0.02065263430349704,1.878258466720581,0.8521818955666902
p232_044.wav,noisy_input,{},-0.18131677271321744,-0.18131677271321744,0.0,0.06688565015792847,0.008164957165718079,0.09036015253261849,1.1204277276992798,0.7909435254289515
p232_044.wav,spectral_subtraction,"{""alpha"": 2.0, ""beta"": 0.02, ""noise_frames"": 6}",-0.18131677271321744,4.800999119634605,4.982315892347823,0.03245953097939491,0.0025925212539732456,0.050916807185577194,1.430845022201538,0.7272907967092365
p232_044.wav,wavelet_denoise,"{""mode"": ""soft"", ""threshold_scale"": 1.0, ""wavelet"": ""db4""}",-0.18131677271321744,-0.002016751262019681,0.17930002145119778,0.06533034890890121,0.007834727875888348,0.08851399819174563,1.1480016708374023,0.7922477829535443
p232_044.wav,frequency_masking,"{""mask_floor"": 0.05, ""noise_frames"": 6, ""threshold"": 2.0}",-0.18131677271321744,2.0806733161843773,2.261990088897595,0.04517247527837753,0.004850147292017937,0.0696429988729516,1.1449594497680664,0.7698395556263413
p232_045.wav,noisy_input,{},14.376226037393117,14.376226037393117,0.0,0.01125112920999527,0.0001966421987162903,0.014022916911837218,3.7586591243743896,0.9633251046752235
p232_045.wav,spectral_subtraction,"{""alpha"": 2.0, ""beta"": 0.02, ""noise_frames"": 6}",14.376226037393117,19.37671907486861,5.0004930374754935,0.005679679103195667,6.21766594122164e-05,0.007885217778363283,3.6947951316833496,0.9517747765940369
p232_045.wav,wavelet_denoise,"{""mode"": ""soft"", ""threshold_scale"": 1.0, ""wavelet"": ""db4""}",14.376226037393117,14.39008904904765,0.013863011654532187,0.011226638220250607,0.00019601549138315022,0.0140005532527522,3.8368475437164307,0.9566876121936514
p232_045.wav,frequency_masking,"{""mask_floor"": 0.05, ""noise_frames"": 6, ""threshold"": 2.0}",14.376226037393117,16.15449701207779,1.7782709746846734,0.008379173465073109,0.00013057186151854694,0.011426804519136002,3.7413930892944336,0.9519889422074251
p232_046.wav,noisy_input,{},9.912108378975606,9.912108378975606,0.0,0.016259510070085526,0.0003966389922425151,0.019915797554768303,2.0275697708129883,0.8255116263544122
p232_046.wav,spectral_subtraction,"{""alpha"": 2.0, ""beta"": 0.02, ""noise_frames"": 6}",9.912108378975606,16.233208975709793,6.321100596734187,0.006693438161164522,9.25305939745158e-05,0.009619282404343673,2.0583927631378174,0.8272232815307224
p232_046.wav,wavelet_denoise,"{""mode"": ""soft"", ""threshold_scale"": 1.0, ""wavelet"": ""db4""}",9.912108378975606,10.081505418537912,0.16939703956230545,0.015953466296195984,0.0003814658848568797,0.019531151652088508,2.376281976699829,0.8268313307591648
p232_046.wav,frequency_masking,"{""mask_floor"": 0.05, ""noise_frames"": 6, ""threshold"": 2.0}",9.912108378975606,16.699729782012543,6.787621403036937,0.007006262429058552,8.310616976814345e-05,0.009116258540001126,2.113224744796753,0.8232765295409714
p232_047.wav,noisy_input,{},5.696495781538395,5.696495781538395,0.0,0.026346279308199883,0.0009743545087985694,0.031214652149248266,2.2970285415649414,0.940422912726812
p232_047.wav,spectral_subtraction,"{""alpha"": 2.0, ""beta"": 0.02, ""noise_frames"": 6}",5.696495781538395,13.719993610406494,8.023497828868098,0.008778448216617107,0.00015359150711447,0.012393204069750082,2.2444326877593994,0.9391412634539036
p232_047.wav,wavelet_denoise,"{""mode"": ""soft"", ""threshold_scale"": 1.0, ""wavelet"": ""db4""}",5.696495781538395,5.756611546253657,0.06011576471526148,0.026139281690120697,0.0009609602275304496,0.030999358501918223,2.4317121505737305,0.9433191854654082
p232_047.wav,frequency_masking,"{""mask_floor"": 0.05, ""noise_frames"": 6, ""threshold"": 2.0}",5.696495781538395,9.151603984924176,3.4551082033857803,0.016025325283408165,0.000439750321675092,0.02097022464531775,2.3308582305908203,0.940114850886934
p232_048.wav,noisy_input,{},-0.6764861824389201,-0.6764861824389201,0.0,0.06534355133771896,0.005684152245521545,0.07539331698182238,1.8583135604858398,0.7019295318976403
p232_048.wav,spectral_subtraction,"{""alpha"": 2.0, ""beta"": 0.02, ""noise_frames"": 6}",-0.6764861824389201,9.060971099196331,9.737457281635251,0.017177095636725426,0.0006038373685441911,0.024573102542092464,1.9079952239990234,0.6973114579501944
p232_048.wav,wavelet_denoise,"{""mode"": ""soft"", ""threshold_scale"": 1.0, ""wavelet"": ""db4""}",-0.6764861824389201,-0.6115744070452288,0.0649117753936913,0.0649530291557312,0.005599826108664274,0.07483198586610056,2.0442306995391846,0.7053121503239219
p232_048.wav,frequency_masking,"{""mask_floor"": 0.05, ""noise_frames"": 6, ""threshold"": 2.0}",-0.6764861824389201,6.548486017725608,7.224972200164528,0.02508460357785225,0.0010768829379230738,0.03281589459275907,2.060478687286377,0.7014799188682748
p232_049.wav,noisy_input,{},16.436993572183226,16.436993572183226,0.0,0.008340438827872276,0.000155800546053797,0.012482008894957455,2.7044644355773926,0.9964963027172876
p232_049.wav,spectral_subtraction,"{""alpha"": 2.0, ""beta"": 0.02, ""noise_frames"": 6}",16.436993572183226,17.470528668913538,1.0335350967303114,0.007156882435083389,0.00012280483497306705,0.011081734294462534,2.928839683532715,0.9953790796433697
p232_049.wav,wavelet_denoise,"{""mode"": ""soft"", ""threshold_scale"": 1.0, ""wavelet"": ""db4""}",16.436993572183226,16.465899391409277,0.02890581922605051,0.008320690132677555,0.00015476701082661748,0.012440539008685173,2.8507726192474365,0.9954187118659709
p232_049.wav,frequency_masking,"{""mask_floor"": 0.05, ""noise_frames"": 6, ""threshold"": 2.0}",16.436993572183226,16.763825658504544,0.32683208632131766,0.0077210222370922565,0.00014450596063397825,0.012021063207303182,2.9498727321624756,0.9963396560947984
p232_050.wav,noisy_input,{},10.47937369369782,10.47937369369782,0.0,0.014039774425327778,0.0003566825180314481,0.018886040295187558,1.6545612812042236,0.9110375753127399
p232_050.wav,spectral_subtraction,"{""alpha"": 2.0, ""beta"": 0.02, ""noise_frames"": 6}",10.47937369369782,13.492494041915739,3.013120348217919,0.009106253273785114,0.00017822548397816718,0.013350111759014124,1.8054301738739014,0.8949365406177021
p232_050.wav,wavelet_denoise,"{""mode"": ""soft"", ""threshold_scale"": 1.0, ""wavelet"": ""db4""}",10.47937369369782,10.689844465012705,0.21047077131488479,0.013554719276726246,0.00033980890293605626,0.018433906339570465,1.76842200756073,0.9093928643022201
p232_050.wav,frequency_masking,"{""mask_floor"": 0.05, ""noise_frames"": 6, ""threshold"": 2.0}",10.47937369369782,13.75942325999037,3.2800495662925506,0.009060065262019634,0.00016760110156610608,0.012946084410589408,1.811955451965332,0.9062013912292701
p232_051.wav,noisy_input,{},5.109596580661266,5.109596580661266,0.0,0.03191206976771355,0.0016707578906789422,0.040874905390458606,1.409935474395752,0.8736694751964221
p232_051.wav,spectral_subtraction,"{""alpha"": 2.0, ""beta"": 0.02, ""noise_frames"": 6}",5.109596580661266,10.152176600564719,5.042580019903452,0.013756765983998775,0.000523185299243778,0.02287324417837964,1.5338382720947266,0.8544598705850697
p232_051.wav,wavelet_denoise,"{""mode"": ""soft"", ""threshold_scale"": 1.0, ""wavelet"": ""db4""}",5.109596580661266,5.506368004084008,0.3967714234227415,0.030297575518488884,0.0015248825075104833,0.0390497440133797,1.4841736555099487,0.8837125762228657
p232_051.wav,frequency_masking,"{""mask_floor"": 0.05, ""noise_frames"": 6, ""threshold"": 2.0}",5.109596580661266,9.391668386656418,4.282071805995152,0.016882069408893585,0.0006233132444322109,0.024966242096723545,1.6166400909423828,0.873070434042388
p232_052.wav,noisy_input,{},1.0328048272279258,1.0328048272279258,0.0,0.058923084288835526,0.005681391805410385,0.0753750078302509,1.154026746749878,0.7323307645498377
p232_052.wav,spectral_subtraction,"{""alpha"": 2.0, ""beta"": 0.02, ""noise_frames"": 6}",1.0328048272279258,3.5095435070178977,2.476738679789972,0.039355888962745667,0.0032120393589138985,0.0566748564966326,1.1685454845428467,0.6804020289391476
p232_052.wav,wavelet_denoise,"{""mode"": ""soft"", ""threshold_scale"": 1.0, ""wavelet"": ""db4""}",1.0328048272279258,1.7722968251116142,0.7394919978836885,0.054085973650217056,0.004791875835508108,0.06922337636599438,1.1948169469833374,0.7322366872222831
p232_052.wav,frequency_masking,"{""mask_floor"": 0.05, ""noise_frames"": 6, ""threshold"": 2.0}",1.0328048272279258,3.5661320918612334,2.5333272646333076,0.04219565540552139,0.003170458134263754,0.05630682138305939,1.1830047369003296,0.721989477314665
p232_053.wav,noisy_input,{},15.392084892445991,15.392084892445991,0.0,0.010885161347687244,0.0001883382792584598,0.013723639431960453,2.406578779220581,0.9620125362202948
p232_053.wav,spectral_subtraction,"{""alpha"": 2.0, ""beta"": 0.02, ""noise_frames"": 6}",15.392084892445991,18.32845339703718,2.9363685045911883,0.007164997048676014,9.578593744663522e-05,0.009787029040859908,2.562479019165039,0.9620556318402012
p232_053.wav,wavelet_denoise,"{""mode"": ""soft"", ""threshold_scale"": 1.0, ""wavelet"": ""db4""}",15.392084892445991,15.410836274359722,0.018751381913730825,0.010924006812274456,0.00018752684991341084,0.01369404432274888,2.583787202835083,0.957206551731072
p232_053.wav,frequency_masking,"{""mask_floor"": 0.05, ""noise_frames"": 6, ""threshold"": 2.0}",15.392084892445991,19.201646442966528,3.8095615505205362,0.006763552315533161,7.83397990744561e-05,0.008850977294878578,2.5392568111419678,0.9620054273940716
p232_054.wav,noisy_input,{},11.616061297233681,11.616061297233681,0.0,0.01583978533744812,0.0003899799194186926,0.019747909241706895,2.020904064178467,0.9767212105870963
p232_054.wav,spectral_subtraction,"{""alpha"": 2.0, ""beta"": 0.02, ""noise_frames"": 6}",11.616061297233681,15.367744598028976,3.7516833007952943,0.009280942380428314,0.0001643894356675446,0.012821444367447242,2.6095986366271973,0.9755287559958405
p232_054.wav,wavelet_denoise,"{""mode"": ""soft"", ""threshold_scale"": 1.0, ""wavelet"": ""db4""}",11.616061297233681,11.766545699159934,0.1504844019262528,0.015515603125095367,0.0003766984154935926,0.019408720089011348,1.992874026298523,0.956893380040067
p232_054.wav,frequency_masking,"{""mask_floor"": 0.05, ""noise_frames"": 6, ""threshold"": 2.0}",11.616061297233681,15.960451465001631,4.3443901677679495,0.009041796438395977,0.00014341785572469234,0.011975719424096923,2.4193127155303955,0.977748702463638
p232_055.wav,noisy_input,{},5.190120096286122,5.190120096286122,0.0,0.04253971204161644,0.002929954556748271,0.054129054644878764,1.830014944076538,0.8750234132947144
p232_055.wav,spectral_subtraction,"{""alpha"": 2.0, ""beta"": 0.02, ""noise_frames"": 6}",5.190120096286122,13.182655550671381,7.992535454385259,0.014802872203290462,0.00046516532893292606,0.02156769178500393,2.2482283115386963,0.8690806230495263
p232_055.wav,wavelet_denoise,"{""mode"": ""soft"", ""threshold_scale"": 1.0, ""wavelet"": ""db4""}",5.190120096286122,5.539829348697548,0.3497092524114267,0.04071050509810448,0.0027032734360545874,0.051993013338857245,1.7565984725952148,0.854087679573994
p232_055.wav,frequency_masking,"{""mask_floor"": 0.05, ""noise_frames"": 6, ""threshold"": 2.0}",5.190120096286122,12.997090389489436,7.806970293203315,0.014433898963034153,0.00048547162441536784,0.022033420624482433,2.2500150203704834,0.8743669674866311
p232_056.wav,noisy_input,{},0.4805451404064082,0.4805451404064082,0.0,0.060534533113241196,0.0056733498349785805,0.07532164254036539,1.26952064037323,0.8113661614556819
p232_056.wav,spectral_subtraction,"{""alpha"": 2.0, ""beta"": 0.02, ""noise_frames"": 6}",0.4805451404064082,4.406543369552453,3.9259982291460447,0.03063190169632435,0.0022974165622144938,0.0479313734647203,1.2042447328567505,0.7896066762340674
p232_056.wav,wavelet_denoise,"{""mode"": ""soft"", ""threshold_scale"": 1.0, ""wavelet"": ""db4""}",0.4805451404064082,1.2992424605391626,0.8186973201327543,0.054959509521722794,0.004698614589869976,0.06854644111746412,1.302954912185669,0.7898196784477763
p232_056.wav,frequency_masking,"{""mask_floor"": 0.05, ""noise_frames"": 6, ""threshold"": 2.0}",0.4805451404064082,5.005543874330497,4.524998733924089,0.033130351454019547,0.00200142664834857,0.04473730711999293,1.304783821105957,0.8055458257764284
p232_057.wav,noisy_input,{},16.076696212869262,16.076696212869262,0.0,0.00698706042021513,7.481587090296671e-05,0.008649616806712694,3.0125269889831543,0.9779531662763714
p232_057.wav,spectral_subtraction,"{""alpha"": 2.0, ""beta"": 0.02, ""noise_frames"": 6}",16.076696212869262,19.65435138899104,3.5776551761217767,0.004453920293599367,3.2826774258865044e-05,0.005729465442680062,2.856950044631958,0.966639280690826
p232_057.wav,wavelet_denoise,"{""mode"": ""soft"", ""threshold_scale"": 1.0, ""wavelet"": ""db4""}",16.076696212869262,16.03037350009181,-0.046322712777453035,0.0069985524751245975,7.561813981737942e-05,0.008695869123749473,3.7046027183532715,0.9808631290371466
p232_057.wav,frequency_masking,"{""mask_floor"": 0.05, ""noise_frames"": 6, ""threshold"": 2.0}",16.076696212869262,19.73331257058643,3.6566163577171693,0.004263035021722317,3.22353262163233e-05,0.005677616244192918,2.866774320602417,0.97493498400359
p232_058.wav,noisy_input,{},11.7400573494517,11.7400573494517,0.0,0.014331045560538769,0.00033735911711119115,0.01836733832407927,3.3398144245147705,0.971545842425382
p232_058.wav,spectral_subtraction,"{""alpha"": 2.0, ""beta"": 0.02, ""noise_frames"": 6}",11.7400573494517,15.941436754756882,4.2013794053051825,0.008407880552113056,0.0001282196317333728,0.011323410781799484,3.4789528846740723,0.9609014661992983
p232_058.wav,wavelet_denoise,"{""mode"": ""soft"", ""threshold_scale"": 1.0, ""wavelet"": ""db4""}",11.7400573494517,11.719501422979324,-0.02055592647237603,0.014374974183738232,0.0003389596822671592,0.01841085772763342,3.2921624183654785,0.9486975627921926
p232_058.wav,frequency_masking,"{""mask_floor"": 0.05, ""noise_frames"": 6, ""threshold"": 2.0}",11.7400573494517,13.872596053679583,2.1325387042278834,0.009942252188920975,0.00020646126358769834,0.014368759987824222,3.7007367610931396,0.9646971203709813
p232_059.wav,noisy_input,{},4.678345165916124,4.678345165916124,0.0,0.026233624666929245,0.000960943812970072,0.030999093744335043,2.2574915885925293,0.7975795187117561
p232_059.wav,spectral_subtraction,"{""alpha"": 2.0, ""beta"": 0.02, ""noise_frames"": 6}",4.678345165916124,16.581771319118314,11.90342615320219,0.005770173855125904,6.199481867952272e-05,0.0078736788529583,2.465643882751465,0.7992665658411363
p232_059.wav,wavelet_denoise,"{""mode"": ""soft"", ""threshold_scale"": 1.0, ""wavelet"": ""db4""}",4.678345165916124,4.762225048297727,0.08387988238160293,0.025982476770877838,0.0009425621828995645,0.030701175594748234,2.1929402351379395,0.8109135613213133
p232_059.wav,frequency_masking,"{""mask_floor"": 0.05, ""noise_frames"": 6, ""threshold"": 2.0}",4.678345165916124,13.502769384585973,8.824424218669849,0.0077043031342327595,0.00012596664601005614,0.011223486357191162,2.547481060028076,0.8028137509027548
p232_060.wav,noisy_input,{},0.0635966473351437,0.0635966473351437,0.0,0.06378748267889023,0.005761926993727684,0.07590735796830031,2.216240167617798,0.8466917104841661
p232_060.wav,spectral_subtraction,"{""alpha"": 2.0, ""beta"": 0.02, ""noise_frames"": 6}",0.0635966473351437,8.610474209734697,8.546877562399553,0.019397543743252754,0.0008051558979786932,0.028375269126101575,2.496717691421509,0.8448335320320685
p232_060.wav,wavelet_denoise,"{""mode"": ""soft"", ""threshold_scale"": 1.0, ""wavelet"": ""db4""}",0.0635966473351437,0.163792529490019,0.1001958821548753,0.06311211735010147,0.005630515515804291,0.07503676109617399,2.5899412631988525,0.8300734185248626
p232_060.wav,frequency_masking,"{""mask_floor"": 0.05, ""noise_frames"": 6, ""threshold"": 2.0}",0.0635966473351437,3.1818358715531363,3.1182392242179926,0.038839299231767654,0.002810242585837841,0.05301172121180222,2.3855137825012207,0.8474205681335993
p232_061.wav,noisy_input,{},16.560349170333268,16.560349170333268,0.0,0.009278947487473488,0.00014619340072385967,0.012091046303933322,2.814218759536743,0.9930380386474755
p232_061.wav,spectral_subtraction,"{""alpha"": 2.0, ""beta"": 0.02, ""noise_frames"": 6}",16.560349170333268,17.931514253504236,1.3711650831709683,0.007385391741991043,0.00010661326814442873,0.010325370121425611,3.0520384311676025,0.9902965422151018
p232_061.wav,wavelet_denoise,"{""mode"": ""soft"", ""threshold_scale"": 1.0, ""wavelet"": ""db4""}",16.560349170333268,16.626197459314895,0.06584828898162698,0.0091921491548419,0.0001439935149392113,0.01199972978609149,2.944103717803955,0.9932163887636282
p232_061.wav,frequency_masking,"{""mask_floor"": 0.05, ""noise_frames"": 6, ""threshold"": 2.0}",16.560349170333268,18.590784222053017,2.030435051719749,0.006791347172111273,9.159763430943713e-05,0.009570665301296306,3.0289909839630127,0.9923300941840365
p232_062.wav,noisy_input,{},11.386545828823662,11.386545828823662,0.0,0.013325643725693226,0.00032600504346191883,0.01805560975048804,1.9989523887634277,0.975853829265351
p232_062.wav,spectral_subtraction,"{""alpha"": 2.0, ""beta"": 0.02, ""noise_frames"": 6}",11.386545828823662,13.642248300822343,2.2557024719986813,0.009504299610853195,0.00019393404363654554,0.013926020380444139,2.247004508972168,0.9668307252633763
p232_062.wav,wavelet_denoise,"{""mode"": ""soft"", ""threshold_scale"": 1.0, ""wavelet"": ""db4""}",11.386545828823662,11.511781469959246,0.12523564113558372,0.013077657669782639,0.0003167384129483253,0.017797146202364167,2.0891199111938477,0.9776915205424588
p232_062.wav,frequency_masking,"{""mask_floor"": 0.05, ""noise_frames"": 6, ""threshold"": 2.0}",11.386545828823662,12.838581217118307,1.4520353882946448,0.010391297750175,0.0002333569573238492,0.015276025573553129,2.221862554550171,0.9728200549779543
p232_063.wav,noisy_input,{},5.431329864806839,5.431329864806839,0.0,0.021940503269433975,0.0008122449507936835,0.028499911417295378,1.9150116443634033,0.9825393852191473
p232_063.wav,spectral_subtraction,"{""alpha"": 2.0, ""beta"": 0.02, ""noise_frames"": 6}",5.431329864806839,9.037834170914065,3.606504306107226,0.012804481200873852,0.0003540271718520671,0.018815609792192947,2.107861042022705,0.975510260916142
p232_063.wav,wavelet_denoise,"{""mode"": ""soft"", ""threshold_scale"": 1.0, ""wavelet"": ""db4""}",5.431329864806839,5.5655836522077875,0.13425378740094818,0.02156343311071396,0.00078752008266747,0.02806278821976658,2.0366640090942383,0.9835341493365926
p232_063.wav,frequency_masking,"{""mask_floor"": 0.05, ""noise_frames"": 6, ""threshold"": 2.0}",5.431329864806839,6.963954173188194,1.5326243083813544,0.01701616495847702,0.0005707219825126231,0.023889788247546756,2.0906362533569336,0.9818319474652151
p232_064.wav,noisy_input,{},0.8805304008582802,0.8805304008582802,0.0,0.056549496948719025,0.005148376803845167,0.07175219023726849,1.3196399211883545,0.9416663362780068
p232_064.wav,spectral_subtraction,"{""alpha"": 2.0, ""beta"": 0.02, ""noise_frames"": 6}",0.8805304008582802,8.636259844762302,7.755729443904022,0.017299611121416092,0.0008631721138954163,0.02937979090966129,1.735032320022583,0.9195879518373088
p232_064.wav,wavelet_denoise,"{""mode"": ""soft"", ""threshold_scale"": 1.0, ""wavelet"": ""db4""}",0.8805304008582802,1.0405809660358076,0.16005056517752747,0.05543132126331329,0.004962097387760878,0.0704421563253204,1.4225118160247803,0.9499714831062842
p232_064.wav,frequency_masking,"{""mask_floor"": 0.05, ""noise_frames"": 6, ""threshold"": 2.0}",0.8805304008582802,10.138066629750305,9.257536228892025,0.016420980915427208,0.0006108248489908874,0.02471487100898743,1.726015329360962,0.9376932904372464
p232_065.wav,noisy_input,{},15.193910922765903,15.193910922765903,0.0,0.010324947535991669,0.00019871859694831073,0.01409675838440564,2.3431413173675537,0.9293251597548089
p232_065.wav,spectral_subtraction,"{""alpha"": 2.0, ""beta"": 0.02, ""noise_frames"": 6}",15.193910922765903,15.010193532976047,-0.18371738978985697,0.010333705693483353,0.0002073052164632827,0.014398097668208905,2.2319765090942383,0.9273328042474537
p232_065.wav,wavelet_denoise,"{""mode"": ""soft"", ""threshold_scale"": 1.0, ""wavelet"": ""db4""}",15.193910922765903,15.319802313205335,0.1258913904394312,0.010168306529521942,0.0001930409052874893,0.013893916124962368,2.3963615894317627,0.9334274512061239
p232_065.wav,frequency_masking,"{""mask_floor"": 0.05, ""noise_frames"": 6, ""threshold"": 2.0}",15.193910922765903,15.706907787925763,0.5129968651598595,0.009235700592398643,0.000176578905666247,0.01328829957768288,2.1664645671844482,0.9312070101497231
p232_066.wav,noisy_input,{},11.464528718020578,11.464528718020578,0.0,0.01774749346077442,0.0005264959763735533,0.02294550013343691,2.6568028926849365,0.9736593427285173
p232_066.wav,spectral_subtraction,"{""alpha"": 2.0, ""beta"": 0.02, ""noise_frames"": 6}",11.464528718020578,16.667585764883807,5.203057046863229,0.009324707090854645,0.0001588873565196991,0.012605052817013466,2.647934913635254,0.9727077264530485
p232_066.wav,wavelet_denoise,"{""mode"": ""soft"", ""threshold_scale"": 1.0, ""wavelet"": ""db4""}",11.464528718020578,11.535303424855709,0.07077470683513098,0.017595304176211357,0.0005179854924790561,0.022759294639312883,2.771195888519287,0.9745698984352753
p232_066.wav,frequency_masking,"{""mask_floor"": 0.05, ""noise_frames"": 6, ""threshold"": 2.0}",11.464528718020578,15.96841114595756,4.503882427936983,0.00901077501475811,0.0001866409002104774,0.01366165803299429,2.6841678619384766,0.9736539837545733
p232_067.wav,noisy_input,{},6.276830438997113,6.276830438997113,0.0,0.030117768794298172,0.0013987477868795395,0.037399836722632085,2.5837650299072266,0.9637495201564646
p232_067.wav,spectral_subtraction,"{""alpha"": 2.0, ""beta"": 0.02, ""noise_frames"": 6}",6.276830438997113,13.148629936464904,6.871799497467791,0.011883783154189587,0.0002874481142498553,0.01695429486147552,2.813629627227783,0.9554169075024105
p232_067.wav,wavelet_denoise,"{""mode"": ""soft"", ""threshold_scale"": 1.0, ""wavelet"": ""db4""}",6.276830438997113,6.308516904713929,0.03168646571681588,0.030006660148501396,0.0013885796070098877,0.03726364994213379,2.6168906688690186,0.9630205806401293
p232_067.wav,frequency_masking,"{""mask_floor"": 0.05, ""noise_frames"": 6, ""threshold"": 2.0}",6.276830438997113,16.839193408612974,10.562362969615862,0.008166351355612278,0.00012288619473110884,0.011085404581300081,2.7269272804260254,0.9583040454821339
p232_068.wav,noisy_input,{},1.3500972202367667,1.3500972202367667,0.0,0.049572382122278214,0.003853718051686883,0.06207832191423092,1.9818432331085205,0.954159171919952
p232_068.wav,spectral_subtraction,"{""alpha"": 2.0, ""beta"": 0.02, ""noise_frames"": 6}",1.3500972202367667,6.222191356383662,4.872094136146895,0.026137825101614,0.0012550774263218045,0.035427071941127236,2.409787654876709,0.9437409271277355
p232_068.wav,wavelet_denoise,"{""mode"": ""soft"", ""threshold_scale"": 1.0, ""wavelet"": ""db4""}",1.3500972202367667,1.3850576917846054,0.034960471547838656,0.049368131905794144,0.003822820261120796,0.06182895972859964,2.119824171066284,0.9514761581596308
p232_068.wav,frequency_masking,"{""mask_floor"": 0.05, ""noise_frames"": 6, ""threshold"": 2.0}",1.3500972202367667,3.523744576311818,2.173647356075051,0.03522573038935661,0.0023362278006970882,0.04833454045190756,2.20713210105896,0.9511481358493624
p232_069.wav,noisy_input,{},16.338669859143756,16.338669859143756,0.0,0.009045766666531563,0.00014285136421676725,0.011952044353028783,2.3186795711517334,0.9782692587266181
p232_069.wav,spectral_subtraction,"{""alpha"": 2.0, ""beta"": 0.02, ""noise_frames"": 6}",16.338669859143756,18.26655123106575,1.9278813719219947,0.006998375523835421,9.164235962089151e-05,0.0095730015993361,2.603259325027466,0.972310801537282
p232_069.wav,wavelet_denoise,"{""mode"": ""soft"", ""threshold_scale"": 1.0, ""wavelet"": ""db4""}",16.338669859143756,16.43521493903959,0.09654507989583294,0.008891922421753407,0.00013971076987218112,0.011819931043461341,2.4116766452789307,0.9766503141361872
p232_069.wav,frequency_masking,"{""mask_floor"": 0.05, ""noise_frames"": 6, ""threshold"": 2.0}",16.338669859143756,17.156189753302517,0.8175198941587603,0.007929915562272072,0.00011834022734547034,0.010878429452153024,2.614666223526001,0.9770463230085632
p232_070.wav,noisy_input,{},11.252958922611214,11.252958922611214,0.0,0.015460200607776642,0.0003980025358032435,0.01995000089732438,1.9137717485427856,0.920145064011556
p232_070.wav,spectral_subtraction,"{""alpha"": 2.0, ""beta"": 0.02, ""noise_frames"": 6}",11.252958922611214,13.473448522640897,2.2204896000296834,0.011368409730494022,0.00023869145661592484,0.015449642604795906,2.2093710899353027,0.9187926961823477
p232_070.wav,wavelet_denoise,"{""mode"": ""soft"", ""threshold_scale"": 1.0, ""wavelet"": ""db4""}",11.252958922611214,11.396705615902263,0.1437466932910496,0.015130506828427315,0.00038504472468048334,0.01962255652764143,2.0128281116485596,0.9247546483351955
p232_070.wav,frequency_masking,"{""mask_floor"": 0.05, ""noise_frames"": 6, ""threshold"": 2.0}",11.252958922611214,12.199407991964895,0.9464490693536813,0.013286061584949493,0.0003200670180376619,0.01789041693303043,2.091947555541992,0.9209914688606158
p232_071.wav,noisy_input,{},6.169521451338252,6.169521451338252,0.0,0.026438573375344276,0.0015081369783729315,0.038834739324127454,1.5071306228637695,0.8773147036785888
p232_071.wav,spectral_subtraction,"{""alpha"": 2.0, ""beta"": 0.02, ""noise_frames"": 6}",6.169521451338252,7.2173018519850265,1.0477804006467748,0.023270152509212494,0.0011848482536152005,0.03442162479627016,1.444820761680603,0.8364891322844812
p232_071.wav,wavelet_denoise,"{""mode"": ""soft"", ""threshold_scale"": 1.0, ""wavelet"": ""db4""}",6.169521451338252,6.416170072226222,0.2466486208879699,0.02547687664628029,0.0014248723164200783,0.03774748092813716,1.65521240234375,0.8831826592450638
p232_071.wav,frequency_masking,"{""mask_floor"": 0.05, ""noise_frames"": 6, ""threshold"": 2.0}",6.169521451338252,9.423842831697018,3.254321380358766,0.018782317638397217,0.0007128672441467643,0.02669957385702559,1.5110608339309692,0.8579751204446636
p232_072.wav,noisy_input,{},0.8535829890696534,0.8535829890696534,0.0,0.04226042702794075,0.0028891379479318857,0.05375070183664475,1.1551315784454346,0.7469843670183636
p232_072.wav,spectral_subtraction,"{""alpha"": 2.0, ""beta"": 0.02, ""noise_frames"": 6}",0.8535829890696534,4.20905589594871,3.355472906879057,0.02690039575099945,0.0013342001475393772,0.036526704580886804,1.2503421306610107,0.7150321255718103
p232_072.wav,wavelet_denoise,"{""mode"": ""soft"", ""threshold_scale"": 1.0, ""wavelet"": ""db4""}",0.8535829890696534,1.3495137308489116,0.4959307417792582,0.03982671722769737,0.0025773607194423676,0.050767713356447,1.2280763387680054,0.7538025797970339
p232_072.wav,frequency_masking,"{""mask_floor"": 0.05, ""noise_frames"": 6, ""threshold"": 2.0}",0.8535829890696534,2.583301117920367,1.7297181288507135,0.03330115228891373,0.0019399764714762568,0.04404516399647363,1.2385857105255127,0.7332042324877633
p232_073.wav,noisy_input,{},15.324519953525058,15.324519953525058,0.0,0.009420212358236313,0.00013871834380552173,0.011777875182116752,2.4031002521514893,0.9968240214026811
p232_073.wav,spectral_subtraction,"{""alpha"": 2.0, ""beta"": 0.02, ""noise_frames"": 6}",15.324519953525058,17.48819104450517,2.163671090980113,0.006001951638609171,8.428820001427084e-05,0.009180860526893481,2.556108236312866,0.9957213645294725
p232_073.wav,wavelet_denoise,"{""mode"": ""soft"", ""threshold_scale"": 1.0, ""wavelet"": ""db4""}",15.324519953525058,15.702094610945725,0.3775746574206664,0.008936683647334576,0.0001271675864700228,0.011276860665540867,2.3527514934539795,0.9946475874568241
p232_073.wav,frequency_masking,"{""mask_floor"": 0.05, ""noise_frames"": 6, ""threshold"": 2.0}",15.324519953525058,19.486605016023116,4.162085062498058,0.005441543646156788,5.3201682021608576e-05,0.007293948314980617,2.613147020339966,0.9971043057529924
p232_074.wav,noisy_input,{},11.044097132150394,11.044097132150394,0.0,0.021106544882059097,0.0006934483535587788,0.026333407556918622,2.2045602798461914,0.9253787513838214
p232_074.wav,spectral_subtraction,"{""alpha"": 2.0, ""beta"": 0.02, ""noise_frames"": 6}",11.044097132150394,18.367923076037933,7.323825943887538,0.008219614624977112,0.00012841966236010194,0.011332239953341173,2.3412723541259766,0.9133613123302204
p232_074.wav,wavelet_denoise,"{""mode"": ""soft"", ""threshold_scale"": 1.0, ""wavelet"": ""db4""}",11.044097132150394,11.444835760344132,0.4007386281937375,0.020205050706863403,0.0006323248380795121,0.025146070032502337,1.8868052959442139,0.8806684580090991
p232_074.wav,frequency_masking,"{""mask_floor"": 0.05, ""noise_frames"": 6, ""threshold"": 2.0}",11.044097132150394,16.6795214153936,5.635424283243207,0.010008175857365131,0.00018944000476039946,0.013763720600201076,2.415442943572998,0.9208755372091384
p232_075.wav,noisy_input,{},6.143256243396255,6.143256243396255,0.0,0.030374396592378616,0.0014166864566504955,0.03763889552909989,1.4827829599380493,0.9684528047884196
p232_075.wav,spectral_subtraction,"{""alpha"": 2.0, ""beta"": 0.02, ""noise_frames"": 6}",6.143256243396255,9.218004474362216,3.0747482309659606,0.016501352190971375,0.0006979091558605433,0.02641797032060834,1.909505009651184,0.954275394982834
p232_075.wav,wavelet_denoise,"{""mode"": ""soft"", ""threshold_scale"": 1.0, ""wavelet"": ""db4""}",6.143256243396255,6.555356561548321,0.41210031815206616,0.029024891555309296,0.0012884385650977492,0.03589482643916459,1.5757324695587158,0.9543441343627149
p232_075.wav,frequency_masking,"{""mask_floor"": 0.05, ""noise_frames"": 6, ""threshold"": 2.0}",6.143256243396255,11.92484397182415,5.781587728427894,0.014352080412209034,0.0003742096305359155,0.019344498715033055,1.865372896194458,0.9683136178898292
p232_076.wav,noisy_input,{},0.7476545775071526,0.7476545775071526,0.0,0.04049188643693924,0.0026070759631693363,0.05105953351891629,1.1932320594787598,0.8272487660866543
p232_076.wav,spectral_subtraction,"{""alpha"": 2.0, ""beta"": 0.02, ""noise_frames"": 6}",0.7476545775071526,6.001695211557041,5.254040634049888,0.019421007484197617,0.000777588167693466,0.02788526793296894,1.3581887483596802,0.818359417011555
p232_076.wav,wavelet_denoise,"{""mode"": ""soft"", ""threshold_scale"": 1.0, ""wavelet"": ""db4""}",0.7476545775071526,1.354472828118056,0.6068182506109034,0.03774583339691162,0.0022671062033623457,0.04761413869180399,1.2233011722564697,0.8349683760844683
p232_076.wav,frequency_masking,"{""mask_floor"": 0.05, ""noise_frames"": 6, ""threshold"": 2.0}",0.7476545775071526,3.968896683662147,3.2212421061549943,0.02668529376387596,0.0012417365796864033,0.03523828287085515,1.317968726158142,0.8283046609158748
p232_077.wav,noisy_input,{},15.13250960990324,15.13250960990324,0.0,0.00902890507131815,0.00013504832168109715,0.011621029286646564,3.153886556625366,0.8994570233617024
p232_077.wav,spectral_subtraction,"{""alpha"": 2.0, ""beta"": 0.02, ""noise_frames"": 6}",15.13250960990324,20.484377886209938,5.351868276306698,0.0048237573355436325,3.938241570722312e-05,0.006275541068881879,3.530745506286621,0.9075882819907876
p232_077.wav,wavelet_denoise,"{""mode"": ""soft"", ""threshold_scale"": 1.0, ""wavelet"": ""db4""}",15.13250960990324,15.127018639340479,-0.005490970562760822,0.009047473780810833,0.0001352191757177934,0.0116283780346957,3.6168997287750244,0.8824946509515629
p232_077.wav,frequency_masking,"{""mask_floor"": 0.05, ""noise_frames"": 6, ""threshold"": 2.0}",15.13250960990324,20.413754929613688,5.2812453197104485,0.004689034540206194,4.0028069633990526e-05,0.006326774030577552,3.0617549419403076,0.9063169896461833
p232_078.wav,noisy_input,{},11.043401426453809,11.043401426453809,0.0,0.013488845899701118,0.00029575329972431064,0.017197479458464563,3.31364369392395,0.9978766629780448
p232_078.wav,spectral_subtraction,"{""alpha"": 2.0, ""beta"": 0.02, ""noise_frames"": 6}",11.043401426453809,18.368882900314805,7.325481473860997,0.005237634759396315,5.474966383189894e-05,0.007399301577304371,3.575896978378296,0.996629923470265
p232_078.wav,wavelet_denoise,"{""mode"": ""soft"", ""threshold_scale"": 1.0, ""wavelet"": ""db4""}",11.043401426453809,11.062561347472082,0.01915992101827335,0.013457907363772392,0.00029445139807648957,0.017159586186050336,3.2874197959899902,0.9767162074398044
p232_078.wav,frequency_masking,"{""mask_floor"": 0.05, ""noise_frames"": 6, ""threshold"": 2.0}",11.043401426453809,16.468308263663683,5.424906837209875,0.005847991444170475,8.480840915581211e-05,0.009209148123242025,3.361802816390991,0.9979694997845844
p232_079.wav,noisy_input,{},5.896333842371492,5.896333842371492,0.0,0.03197545185685158,0.0015481008449569345,0.039345912684253935,2.70137882232666,0.9479952920986472
p232_079.wav,spectral_subtraction,"{""alpha"": 2.0, ""beta"": 0.02, ""noise_frames"": 6}",5.896333842371492,14.75263069561916,8.856296853247668,0.010074359364807606,0.0002014510682784021,0.014193345915547965,2.8273422718048096,0.9397219331870061
p232_079.wav,wavelet_denoise,"{""mode"": ""soft"", ""threshold_scale"": 1.0, ""wavelet"": ""db4""}",5.896333842371492,5.94367686051596,0.04734301814446784,0.03185659646987915,0.0015313164331018925,0.03913203844807848,2.585085153579712,0.9310892473326927
p232_079.wav,frequency_masking,"{""mask_floor"": 0.05, ""noise_frames"": 6, ""threshold"": 2.0}",5.896333842371492,11.859885625429062,5.96355178305757,0.012639573775231838,0.0003921426541637629,0.019802592107190486,2.8437767028808594,0.9491128672571046
p232_080.wav,noisy_input,{},-0.7304997439938515,-0.7304997439938515,0.0,0.04392203688621521,0.0031067312229424715,0.05573805901664025,1.6181631088256836,0.9464702154229847
p232_080.wav,spectral_subtraction,"{""alpha"": 2.0, ""beta"": 0.02, ""noise_frames"": 6}",-0.7304997439938515,14.057078329032022,14.787578073025873,0.006346198730170727,0.00010316821135347709,0.010157175362938118,1.4880681037902832,0.9395137137175585
p232_080.wav,wavelet_denoise,"{""mode"": ""soft"", ""threshold_scale"": 1.0, ""wavelet"": ""db4""}",-0.7304997439938515,-0.583858995650943,0.14664074834290852,0.04319702461361885,0.003003582824021578,0.05480495255012614,2.0255534648895264,0.94674379595991
p232_080.wav,frequency_masking,"{""mask_floor"": 0.05, ""noise_frames"": 6, ""threshold"": 2.0}",-0.7304997439938515,12.08454813747734,12.815047881471191,0.00781621690839529,0.0001624796277610585,0.01274674969398311,1.6645779609680176,0.945075353863119
p232_081.wav,noisy_input,{},15.739478147092363,15.739478147092363,0.0,0.012100138701498508,0.00024013975053094327,0.015496443157413357,2.5203278064727783,0.9365903775704099
p232_081.wav,spectral_subtraction,"{""alpha"": 2.0, ""beta"": 0.02, ""noise_frames"": 6}",15.739478147092363,16.10228879247232,0.36281064537995533,0.0105330441147089,0.00022089351841714233,0.014862486952631525,2.8976385593414307,0.9334415824689309
p232_081.wav,wavelet_denoise,"{""mode"": ""soft"", ""threshold_scale"": 1.0, ""wavelet"": ""db4""}",15.739478147092363,15.768117114763058,0.028638967670694626,0.012023958377540112,0.00023856137704569846,0.015445432238875624,2.6438677310943604,0.9371732157365481
p232_081.wav,frequency_masking,"{""mask_floor"": 0.05, ""noise_frames"": 6, ""threshold"": 2.0}",15.739478147092363,17.717717221632764,1.9782390745404008,0.009082733653485775,0.00015227904077619314,0.012340139414779443,2.956646680831909,0.9369965821767635
p232_082.wav,noisy_input,{},10.236605708514093,10.236605708514093,0.0,0.01869402639567852,0.000583294196985662,0.024151484364023302,1.4678174257278442,0.8422141271871897
p232_082.wav,spectral_subtraction,"{""alpha"": 2.0, ""beta"": 0.02, ""noise_frames"": 6}",10.236605708514093,12.530621847446902,2.2940161389328093,0.013125594705343246,0.00034394266549497843,0.0185456912919141,1.5577647686004639,0.8368344491186295
p232_082.wav,wavelet_denoise,"{""mode"": ""soft"", ""threshold_scale"": 1.0, ""wavelet"": ""db4""}",10.236605708514093,10.682365767402313,0.44576005888822046,0.017809519544243813,0.0005263948696665466,0.02294329683516618,1.523390293121338,0.8449407635624299
p232_082.wav,frequency_masking,"{""mask_floor"": 0.05, ""noise_frames"": 6, ""threshold"": 2.0}",10.236605708514093,12.05552415652193,1.818918448007837,0.014331983402371407,0.00038370356196537614,0.01958835271188918,1.5444960594177246,0.8422241871066528
p232_083.wav,noisy_input,{},5.411570333959467,5.411570333959467,0.0,0.03193052485585213,0.0019089935813099146,0.04369203109618406,1.8604624271392822,0.8908970680340024
p232_083.wav,spectral_subtraction,"{""alpha"": 2.0, ""beta"": 0.02, ""noise_frames"": 6}",5.411570333959467,9.782019662411356,4.370449328451889,0.017208212986588478,0.0006978459423407912,0.026416773882152817,2.1348185539245605,0.8841207525358246
p232_083.wav,wavelet_denoise,"{""mode"": ""soft"", ""threshold_scale"": 1.0, ""wavelet"": ""db4""}",5.411570333959467,5.535503266002358,0.1239329320428908,0.0314016118645668,0.0018552873516455293,0.043073046695648654,2.0102245807647705,0.8795502887204346
p232_083.wav,frequency_masking,"{""mask_floor"": 0.05, ""noise_frames"": 6, ""threshold"": 2.0}",5.411570333959467,8.288056581774613,2.876486247815146,0.0186793003231287,0.0009843643056228757,0.03137458056489163,2.099914789199829,0.8876913448280895
p232_084.wav,noisy_input,{},-0.31157099696901647,-0.31157099696901647,0.0,0.05773535743355751,0.005669075064361095,0.0752932604179225,1.2107548713684082,0.871211993128831
p232_084.wav,spectral_subtraction,"{""alpha"": 2.0, ""beta"": 0.02, ""noise_frames"": 6}",-0.31157099696901647,6.379210048042165,6.690781045011182,0.021623216569423676,0.0012146022636443377,0.034851144366352414,1.5181819200515747,0.8628637282464069
p232_084.wav,wavelet_denoise,"{""mode"": ""soft"", ""threshold_scale"": 1.0, ""wavelet"": ""db4""}",-0.31157099696901647,-0.17109865938255167,0.1404723375864648,0.05674855783581734,0.005488642957061529,0.07408537613498044,1.2587140798568726,0.8718824945002397
p232_084.wav,frequency_masking,"{""mask_floor"": 0.05, ""noise_frames"": 6, ""threshold"": 2.0}",-0.31157099696901647,3.5473464381624757,3.858917435131492,0.030417174100875854,0.002331419615074992,0.04828477622475838,1.4349191188812256,0.8723980387372795
p232_085.wav,noisy_input,{},15.83649272905577,15.83649272905577,0.0,0.011981464922428131,0.00023420542129315436,0.015303771472847939,3.806945562362671,0.9968026149169921
p232_085.wav,spectral_subtraction,"{""alpha"": 2.0, ""beta"": 0.02, ""noise_frames"": 6}",15.83649272905577,20.894866931774235,5.058374202718465,0.006340563762933016,7.307343912543729e-05,0.008548300364717964,3.8783295154571533,0.9967975809827797
p232_085.wav,wavelet_denoise,"{""mode"": ""soft"", ""threshold_scale"": 1.0, ""wavelet"": ""db4""}",15.83649272905577,15.849751700478773,0.013258971423002919,0.011953338049352169,0.00023349148978013545,0.01528042832449848,3.8055260181427,0.9961801574257964
p232_085.wav,frequency_masking,"{""mask_floor"": 0.05, ""noise_frames"": 6, ""threshold"": 2.0}",15.83649272905577,18.174925530286465,2.338432801230695,0.008344007655978203,0.00013669532199855894,0.011691677467265292,3.990818500518799,0.9972355027024926
p232_086.wav,noisy_input,{},10.723030067431786,10.723030067431786,0.0,0.014651517383754253,0.00033774730400182307,0.018377902600727403,3.086887836456299,0.9783855602959576
p232_086.wav,spectral_subtraction,"{""alpha"": 2.0, ""beta"": 0.02, ""noise_frames"": 6}",10.723030067431786,16.227669601924298,5.504639534492512,0.007007859647274017,9.508848597761244e-05,0.009751332523179201,3.360764265060425,0.98461208343874
p232_086.wav,wavelet_denoise,"{""mode"": ""soft"", ""threshold_scale"": 1.0, ""wavelet"": ""db4""}",10.723030067431786,10.749286460432439,0.026256393000652523,0.014600380323827267,0.000335711520165205,0.018322432157473117,2.96734356880188,0.9797047952020804
p232_086.wav,frequency_masking,"{""mask_floor"": 0.05, ""noise_frames"": 6, ""threshold"": 2.0}",10.723030067431786,16.35680107612864,5.633771008696854,0.0064670923165977,9.230278374161571e-05,0.009607433775031484,3.3604049682617188,0.9852128230870748
p232_087.wav,noisy_input,{},5.795133978209823,5.795133978209823,0.0,0.032889436930418015,0.001724590896628797,0.041528193996715014,3.1108314990997314,0.9448488438515235
p232_087.wav,spectral_subtraction,"{""alpha"": 2.0, ""beta"": 0.02, ""noise_frames"": 6}",5.795133978209823,15.237222673442695,9.442088695232872,0.009211931377649307,0.00019609983428381383,0.014003565056221,3.221956968307495,0.9483404086751036
p232_087.wav,wavelet_denoise,"{""mode"": ""soft"", ""threshold_scale"": 1.0, ""wavelet"": ""db4""}",5.795133978209823,5.805254724593768,0.010120746383944557,0.03284500166773796,0.0017205766635015607,0.04147983441989084,3.3136110305786133,0.9491364429895578
p232_087.wav,frequency_masking,"{""mask_floor"": 0.05, ""noise_frames"": 6, ""threshold"": 2.0}",5.795133978209823,9.783402113367442,3.988268135157619,0.016559328883886337,0.0006884292233735323,0.0262379348153305,3.198754072189331,0.946524061788146
p232_088.wav,noisy_input,{},1.4488433077120797,1.4488433077120797,0.0,0.057272396981716156,0.005168370436877012,0.07189137943367767,2.120758533477783,0.9347705652290677
p232_088.wav,spectral_subtraction,"{""alpha"": 2.0, ""beta"": 0.02, ""noise_frames"": 6}",1.4488433077120797,10.092448856000098,8.643605548288019,0.018822642043232918,0.0007063063094392419,0.02657642394001198,2.143092155456543,0.9195657540237944
p232_088.wav,wavelet_denoise,"{""mode"": ""soft"", ""threshold_scale"": 1.0, ""wavelet"": ""db4""}",1.4488433077120797,1.4726895476842898,0.023846239972210137,0.057098906487226486,0.005140069872140884,0.0716942806096894,2.202575445175171,0.9354060988956047
p232_088.wav,frequency_masking,"{""mask_floor"": 0.05, ""noise_frames"": 6, ""threshold"": 2.0}",1.4488433077120797,6.714082896829458,5.265239589117378,0.02408651076257229,0.0015375515213236213,0.039211624823814954,2.1712186336517334,0.9271511630377217
p232_089.wav,noisy_input,{},16.03053971331314,16.03053971331314,0.0,0.009486006572842598,0.00014275076682679355,0.011947835236007967,1.9500253200531006,0.9043504692740885
p232_089.wav,spectral_subtraction,"{""alpha"": 2.0, ""beta"": 0.02, ""noise_frames"": 6}",16.03053971331314,14.55309876268984,-1.4774409506232988,0.009692040272057056,0.0002005961287068203,0.014163196274387372,2.3832156658172607,0.9029048813129498
p232_089.wav,wavelet_denoise,"{""mode"": ""soft"", ""threshold_scale"": 1.0, ""wavelet"": ""db4""}",16.03053971331314,16.37187332171723,0.3413336084040921,0.009111705236136913,0.00013196085637900978,0.011487421659319805,2.0695810317993164,0.9053439530419846
p232_089.wav,frequency_masking,"{""mask_floor"": 0.05, ""noise_frames"": 6, ""threshold"": 2.0}",16.03053971331314,18.259340501561873,2.2288007882487335,0.0069265831261873245,8.544731099391356e-05,0.009243771470234082,2.4788999557495117,0.9049565670625637
p232_090.wav,noisy_input,{},11.364074311422891,11.364074311422891,0.0,0.009666698053479195,0.00017072533955797553,0.013066190705709737,1.8214972019195557,0.9653464513546149
p232_090.wav,spectral_subtraction,"{""alpha"": 2.0, ""beta"": 0.02, ""noise_frames"": 6}",11.364074311422891,15.101126033815984,3.737051722393092,0.005898891482502222,7.220924453577027e-05,0.008497602281571565,2.0812735557556152,0.9629622529696189
p232_090.wav,wavelet_denoise,"{""mode"": ""soft"", ""threshold_scale"": 1.0, ""wavelet"": ""db4""}",11.364074311422891,11.514214390676674,0.1501400792537826,0.00947814341634512,0.00016492404392920434,0.012842275652282362,1.9292361736297607,0.9674508277119189
p232_090.wav,frequency_masking,"{""mask_floor"": 0.05, ""noise_frames"": 6, ""threshold"": 2.0}",11.364074311422891,14.064078480921298,2.7000041694984063,0.006218342576175928,9.168485121335834e-05,0.009575220687449367,1.9878824949264526,0.9654130491788991
p232_091.wav,noisy_input,{},5.2243870636485115,5.2243870636485115,0.0,0.03355760499835014,0.0018722789827734232,0.043269839181275256,1.4913616180419922,0.9177272307832692
p232_091.wav,spectral_subtraction,"{""alpha"": 2.0, ""beta"": 0.02, ""noise_frames"": 6}",5.2243870636485115,7.180625469745577,1.9562384060970652,0.023597950115799904,0.00119329197332263,0.03454405843734389,1.605356216430664,0.8869225348225857
p232_091.wav,wavelet_denoise,"{""mode"": ""soft"", ""threshold_scale"": 1.0, ""wavelet"": ""db4""}",5.2243870636485115,5.589482546908883,0.36509548326037145,0.032020311802625656,0.0017213176470249891,0.041488765310924706,1.5500199794769287,0.9210437037127964
p232_091.wav,frequency_masking,"{""mask_floor"": 0.05, ""noise_frames"": 6, ""threshold"": 2.0}",5.2243870636485115,7.899146467249778,2.674759403601267,0.022969534620642662,0.001011334010399878,0.03180147811658883,1.688164472579956,0.9135711826041897
p232_092.wav,noisy_input,{},0.5323103092425773,0.5323103092425773,0.0,0.06433263421058655,0.006880704313516617,0.08295001093138335,1.403854250907898,0.8439016998883826
p232_092.wav,spectral_subtraction,"{""alpha"": 2.0, ""beta"": 0.02, ""noise_frames"": 6}",0.5323103092425773,4.1463212939469045,3.6140109847043274,0.037453215569257736,0.0029938621446490288,0.05471619636496153,1.5208929777145386,0.8189966034512093
p232_092.wav,wavelet_denoise,"{""mode"": ""soft"", ""threshold_scale"": 1.0, ""wavelet"": ""db4""}",0.5323103092425773,0.7222415564697736,0.18993124722719634,0.06273826956748962,0.006586273666471243,0.08115586033350422,1.4963819980621338,0.8448724979748518
p232_092.wav,frequency_masking,"{""mask_floor"": 0.05, ""noise_frames"": 6, ""threshold"": 2.0}",0.5323103092425773,2.4416426569664402,1.909332347723863,0.047177646309137344,0.004433019552379847,0.06658092483872424,1.5897018909454346,0.8382678252495798
p232_093.wav,noisy_input,{},16.017796797998955,16.017796797998955,0.0,0.008864503353834152,0.0001270963402930647,0.011273701268574784,2.2862796783447266,0.9226380990666528
p232_093.wav,spectral_subtraction,"{""alpha"": 2.0, ""beta"": 0.02, ""noise_frames"": 6}",16.017796797998955,16.865162161334467,0.8473653633355127,0.007384494412690401,0.0001045674507622607,0.010225822742560165,2.7145767211914062,0.9215821356753325
p232_093.wav,wavelet_denoise,"{""mode"": ""soft"", ""threshold_scale"": 1.0, ""wavelet"": ""db4""}",16.017796797998955,16.309971095679927,0.2921742976809725,0.008503536693751812,0.0001188271344290115,0.010900785954646183,2.3716037273406982,0.908275332741351
p232_093.wav,frequency_masking,"{""mask_floor"": 0.05, ""noise_frames"": 6, ""threshold"": 2.0}",16.017796797998955,17.52394680744049,1.5061500094415337,0.0072242789901793,8.984999294625595e-05,0.00947892361749244,2.5961198806762695,0.9240747685427694
p232_094.wav,noisy_input,{},11.395790481740729,11.395790481740729,0.0,0.016819218173623085,0.00044458164484240115,0.021085104809850985,1.7637076377868652,0.9511795120553672
p232_094.wav,spectral_subtraction,"{""alpha"": 2.0, ""beta"": 0.02, ""noise_frames"": 6}",11.395790481740729,13.333491828170107,1.9377013464293782,0.01220361515879631,0.00028456494328565896,0.016869052827164274,2.135169744491577,0.9504249578855415
p232_094.wav,wavelet_denoise,"{""mode"": ""soft"", ""threshold_scale"": 1.0, ""wavelet"": ""db4""}",11.395790481740729,11.764861214123421,0.36907073238269206,0.016063686460256577,0.00040836120024323463,0.02020794893707015,1.8779964447021484,0.9338334385688153
p232_094.wav,frequency_masking,"{""mask_floor"": 0.05, ""noise_frames"": 6, ""threshold"": 2.0}",11.395790481740729,14.878476223473161,3.482685741732432,0.010822436772286892,0.00019938062177971005,0.014120220316259589,2.027071475982666,0.9538414956698668
p232_095.wav,noisy_input,{},6.656719137434839,6.656719137434839,0.0,0.030673369765281677,0.0015271122101694345,0.03907828310160817,1.109383225440979,0.8851685907000171
p232_095.wav,spectral_subtraction,"{""alpha"": 2.0, ""beta"": 0.02, ""noise_frames"": 6}",6.656719137434839,8.808882666302939,2.1521635288680994,0.021951017901301384,0.0009303676197305322,0.03050192813135806,1.187558650970459,0.8829616273112411
p232_095.wav,wavelet_denoise,"{""mode"": ""soft"", ""threshold_scale"": 1.0, ""wavelet"": ""db4""}",6.656719137434839,8.325913782102628,1.6691946446677886,0.0254791509360075,0.001039803959429264,0.032245991369924794,1.2959332466125488,0.8852751099550248
p232_095.wav,frequency_masking,"{""mask_floor"": 0.05, ""noise_frames"": 6, ""threshold"": 2.0}",6.656719137434839,9.61778815780299,2.96106902036815,0.02038870006799698,0.0007722608861513436,0.02778958233135834,1.1490328311920166,0.8882223975767564
p232_096.wav,noisy_input,{},0.4328774920219318,0.4328774920219318,0.0,0.06582622230052948,0.006876491010189056,0.08292461040118944,1.142934799194336,0.7892468195436931
p232_096.wav,spectral_subtraction,"{""alpha"": 2.0, ""beta"": 0.02, ""noise_frames"": 6}",0.4328774920219318,6.115290401675454,5.682412909653522,0.02666281908750534,0.0018583418568596244,0.04310848938271468,1.1879169940948486,0.7666389504426583
p232_096.wav,wavelet_denoise,"{""mode"": ""soft"", ""threshold_scale"": 1.0, ""wavelet"": ""db4""}",0.4328774920219318,1.4294078684087075,0.9965303763867757,0.05876121297478676,0.005466556642204523,0.07393616599611129,1.1568760871887207,0.7558288203460369
p232_096.wav,frequency_masking,"{""mask_floor"": 0.05, ""noise_frames"": 6, ""threshold"": 2.0}",0.4328774920219318,4.277984402425632,3.8451069104037003,0.03764994814991951,0.0028369794599711895,0.053263303126741865,1.178013563156128,0.7775307190600217
p232_097.wav,noisy_input,{},16.340891307659156,16.340891307659156,0.0,0.008902030065655708,0.00012424259330146015,0.011146416164017032,2.5739006996154785,0.9957134643898444
p232_097.wav,spectral_subtraction,"{""alpha"": 2.0, ""beta"": 0.02, ""noise_frames"": 6}",16.340891307659156,20.11630691065799,3.7754156029988337,0.005513001699000597,5.208695074543357e-05,0.007217128982180765,2.803704261779785,0.9954043497477186
p232_097.wav,wavelet_denoise,"{""mode"": ""soft"", ""threshold_scale"": 1.0, ""wavelet"": ""db4""}",16.340891307659156,16.328521651669842,-0.012369655989314055,0.00891111884266138,0.00012459696154110134,0.011162300907120419,2.9210166931152344,0.9949559189813505
p232_097.wav,frequency_masking,"{""mask_floor"": 0.05, ""noise_frames"": 6, ""threshold"": 2.0}",16.340891307659156,18.488480150510853,2.1475888428516967,0.006595307029783726,7.577249925816432e-05,0.00870474004540999,2.7310292720794678,0.9957031822089689
p232_098.wav,noisy_input,{},11.091861265319281,11.091861265319281,0.0,0.021148232743144035,0.0006869761273264885,0.02621022944055409,2.1943089962005615,0.9365643751333596
p232_098.wav,spectral_subtraction,"{""alpha"": 2.0, ""beta"": 0.02, ""noise_frames"": 6}",11.091861265319281,14.56842214944756,3.476560884128279,0.013149725273251534,0.00030852158670313656,0.01756478256919614,2.2976622581481934,0.9297716274411406
p232_098.wav,wavelet_denoise,"{""mode"": ""soft"", ""threshold_scale"": 1.0, ""wavelet"": ""db4""}",11.091861265319281,11.153336848725598,0.06147558340631676,0.021020518615841866,0.000677320291288197,0.026025377831804808,2.2611074447631836,0.9327479665214943
p232_098.wav,frequency_masking,"{""mask_floor"": 0.05, ""noise_frames"": 6, ""threshold"": 2.0}",11.091861265319281,12.415454081075454,1.3235928157561734,0.017101075500249863,0.0005065033910796046,0.022505630208452386,2.3562119007110596,0.936370864992012
p232_099.wav,noisy_input,{},6.36605187649272,6.36605187649272,0.0,0.030541477724909782,0.0015933290123939514,0.039916525555137576,2.9641222953796387,0.9860052834128488
p232_099.wav,spectral_subtraction,"{""alpha"": 2.0, ""beta"": 0.02, ""noise_frames"": 6}",6.36605187649272,7.379739306081029,1.013687429588309,0.025892257690429688,0.001261643716134131,0.035519624380532674,3.3441057205200195,0.9824717791792711
p232_099.wav,wavelet_denoise,"{""mode"": ""soft"", ""threshold_scale"": 1.0, ""wavelet"": ""db4""}",6.36605187649272,6.405746742762326,0.039694866269606166,0.030355842784047127,0.0015788321616128087,0.039734521031627,2.8483264446258545,0.9721525721980423
p232_099.wav,frequency_masking,"{""mask_floor"": 0.05, ""noise_frames"": 6, ""threshold"": 2.0}",6.36605187649272,6.515291738434694,0.14923986194197436,0.029479848220944405,0.0015395063674077392,0.03923654377500316,3.4904098510742188,0.984910449471661
p232_100.wav,noisy_input,{},0.24131656926863987,0.24131656926863987,0.0,0.05137629434466362,0.004152854438871145,0.06444264456763972,2.182351589202881,0.8768480437369692
p232_100.wav,spectral_subtraction,"{""alpha"": 2.0, ""beta"": 0.02, ""noise_frames"": 6}",0.24131656926863987,10.979932578354832,10.738616009086192,0.012331738136708736,0.0003503362531773746,0.018717271520640358,2.0913894176483154,0.8773378062210322
p232_100.wav,wavelet_denoise,"{""mode"": ""soft"", ""threshold_scale"": 1.0, ""wavelet"": ""db4""}",0.24131656926863987,0.3343738064286708,0.09305723716003095,0.0507550947368145,0.004064816981554031,0.06375591722776822,2.679957628250122,0.8719294172227263
p232_100.wav,frequency_masking,"{""mask_floor"": 0.05, ""noise_frames"": 6, ""threshold"": 2.0}",0.24131656926863987,6.009364643513507,5.768048074244867,0.020281638950109482,0.0011003779945895076,0.0331719458969399,2.3672895431518555,0.8796579042268715
p232_101.wav,noisy_input,{},15.761884974580981,15.761884974580981,0.0,0.008931036107242107,0.0001259730343008414,0.0112237709483418,2.7721059322357178,0.9929119301493028
p232_101.wav,spectral_subtraction,"{""alpha"": 2.0, ""beta"": 0.02, ""noise_frames"": 6}",15.761884974580981,18.613463040988357,2.8515780664073755,0.005643122363835573,6.533107807626948e-05,0.008082764259600144,3.190218687057495,0.9898684158997173
p232_101.wav,wavelet_denoise,"{""mode"": ""soft"", ""threshold_scale"": 1.0, ""wavelet"": ""db4""}",15.761884974580981,15.85699934495715,0.09511437037616766,0.008840766735374928,0.00012324411363806576,0.011101536544013435,2.8912136554718018,0.9933216431663658
p232_101.wav,frequency_masking,"{""mask_floor"": 0.05, ""noise_frames"": 6, ""threshold"": 2.0}",15.761884974580981,19.74932716543686,3.9874421908558784,0.00528238108381629,5.029599560657516e-05,0.007091966977262032,3.14532732963562,0.99243737991529
p232_102.wav,noisy_input,{},10.740264025445343,10.740264025445343,0.0,0.015783563256263733,0.0004473852168302983,0.021151482615417255,2.328521728515625,0.9009597244308686
p232_102.wav,spectral_subtraction,"{""alpha"": 2.0, ""beta"": 0.02, ""noise_frames"": 6}",10.740264025445343,15.121115387576292,4.380851362130949,0.008691123686730862,0.00016315352695528418,0.012773156499287253,2.5387094020843506,0.8984142009440552
p232_102.wav,wavelet_denoise,"{""mode"": ""soft"", ""threshold_scale"": 1.0, ""wavelet"": ""db4""}",10.740264025445343,10.79968938674879,0.05942536130344678,0.015633754432201385,0.00044130522292107344,0.02100726595540394,2.4779880046844482,0.8987229163253883
p232_102.wav,frequency_masking,"{""mask_floor"": 0.05, ""noise_frames"": 6, ""threshold"": 2.0}",10.740264025445343,12.255063225354927,1.514799199909584,0.012103225104510784,0.00031564701930619776,0.017766457702822973,2.450536012649536,0.8996964980198141
p232_103.wav,noisy_input,{},6.646521646360939,6.646521646360939,0.0,0.0260767862200737,0.00113970588427037,0.03375953027324832,1.5252037048339844,0.913262030211017
p232_103.wav,spectral_subtraction,"{""alpha"": 2.0, ""beta"": 0.02, ""noise_frames"": 6}",6.646521646360939,12.320088428499261,5.673566782138322,0.012898904271423817,0.00030862854328006506,0.01756782693676327,1.8178119659423828,0.8982127895320849
p232_103.wav,wavelet_denoise,"{""mode"": ""soft"", ""threshold_scale"": 1.0, ""wavelet"": ""db4""}",6.646521646360939,6.839235476695701,0.1927138303347622,0.025512250140309334,0.0010902382200583816,0.03301875558009995,1.6083440780639648,0.9157513459448153
p232_103.wav,frequency_masking,"{""mask_floor"": 0.05, ""noise_frames"": 6, ""threshold"": 2.0}",6.646521646360939,10.329072433421265,3.6825507870603262,0.015825388953089714,0.0004881324712187052,0.022093720176075037,1.7465214729309082,0.9066230402071204
p232_104.wav,noisy_input,{},1.26921107917974,1.26921107917974,0.0,0.05566302314400673,0.005327849183231592,0.07299211726776798,1.2903542518615723,0.925544836629426
p232_104.wav,spectral_subtraction,"{""alpha"": 2.0, ""beta"": 0.02, ""noise_frames"": 6}",1.26921107917974,5.701212714174146,4.432001634994407,0.02926090732216835,0.0019202233524993062,0.04382035317634154,1.6771996021270752,0.9024555983062015
p232_104.wav,wavelet_denoise,"{""mode"": ""soft"", ""threshold_scale"": 1.0, ""wavelet"": ""db4""}",1.26921107917974,1.3797016149428156,0.11049053576307566,0.05486897751688957,0.005194011144340038,0.07206948830358127,1.4546315670013428,0.929239449254329
p232_104.wav,frequency_masking,"{""mask_floor"": 0.05, ""noise_frames"": 6, ""threshold"": 2.0}",1.26921107917974,3.347348701057795,2.078137621878055,0.03940083086490631,0.0033017040695995092,0.05746045657319048,1.5263359546661377,0.9193410453586071
p232_105.wav,noisy_input,{},15.435832738295145,15.435832738295145,0.0,0.007464027963578701,8.833887841319665e-05,0.0093988764441925,3.550692081451416,0.963582257126454
p232_105.wav,spectral_subtraction,"{""alpha"": 2.0, ""beta"": 0.02, ""noise_frames"": 6}",15.435832738295145,18.780977838087086,3.3451450997919405,0.004975530784577131,4.0891907701734453e-05,0.006394678076473784,3.518899917602539,0.9601432681825733
p232_105.wav,wavelet_denoise,"{""mode"": ""soft"", ""threshold_scale"": 1.0, ""wavelet"": ""db4""}",15.435832738295145,15.456740402766043,0.020907664470897203,0.007439847569912672,8.791462460067123e-05,0.009376279891335968,3.4745497703552246,0.958847500477546
p232_105.wav,frequency_masking,"{""mask_floor"": 0.05, ""noise_frames"": 6, ""threshold"": 2.0}",15.435832738295145,18.049210990960347,2.6133782526652016,0.005217954982072115,4.8396512283943594e-05,0.006956760185887077,3.61934232711792,0.966826266009212
p232_106.wav,noisy_input,{},11.148925622787974,11.148925622787974,0.0,0.016324831172823906,0.00041147746378555894,0.020284907290533987,3.345266819000244,0.9843397854918182
p232_106.wav,spectral_subtraction,"{""alpha"": 2.0, ""beta"": 0.02, ""noise_frames"": 6}",11.148925622787974,19.348107124364574,8.1991815015766,0.005865417420864105,6.229137215996161e-05,0.007892488337651288,3.515170097351074,0.9821708901206729
p232_106.wav,wavelet_denoise,"{""mode"": ""soft"", ""threshold_scale"": 1.0, ""wavelet"": ""db4""}",11.148925622787974,11.175157038578776,0.026231415790801904,0.016273118555545807,0.00040899962186813354,0.0202237390674458,3.4022655487060547,0.982671569979425
p232_106.wav,frequency_masking,"{""mask_floor"": 0.05, ""noise_frames"": 6, ""threshold"": 2.0}",11.148925622787974,15.284725266105596,4.135799643317622,0.009067803621292114,0.00015876913676038384,0.012600362564640108,3.480198383331299,0.9835818330147332
p232_107.wav,noisy_input,{},6.190290989005342,6.190290989005342,0.0,0.03630170226097107,0.0019860686734318733,0.04456533039742747,2.954439401626587,0.964726007454742
p232_107.wav,spectral_subtraction,"{""alpha"": 2.0, ""beta"": 0.02, ""noise_frames"": 6}",6.190290989005342,13.101923663026975,6.911632674021633,0.014501120895147324,0.00040441847522743046,0.0201101585082622,3.2221462726593018,0.9596091070347218
p232_107.wav,wavelet_denoise,"{""mode"": ""soft"", ""threshold_scale"": 1.0, ""wavelet"": ""db4""}",6.190290989005342,6.214903224036802,0.024612235031460372,0.036198940128088,0.0019748450722545385,0.04443922897907364,3.019940137863159,0.9674997341195022
p232_107.wav,frequency_masking,"{""mask_floor"": 0.05, ""noise_frames"": 6, ""threshold"": 2.0}",6.190290989005342,10.063123099300025,3.8728321102946834,0.020019540563225746,0.000814162427559495,0.02853353163489397,3.241455554962158,0.9612026731012047
p232_108.wav,noisy_input,{},0.45736142847575856,0.45736142847575856,0.0,0.06781605631113052,0.0061167567037045956,0.07820969699279365,1.8602718114852905,0.9204098855570503
p232_108.wav,spectral_subtraction,"{""alpha"": 2.0, ""beta"": 0.02, ""noise_frames"": 6}",0.45736142847575856,11.141616117972506,10.684254689496747,0.014701718464493752,0.0005225113709457219,0.022858507627264775,2.062084197998047,0.8860142490635736
p232_108.wav,wavelet_denoise,"{""mode"": ""soft"", ""threshold_scale"": 1.0, ""wavelet"": ""db4""}",0.45736142847575856,0.49800788694682685,0.04064645847106829,0.06749190390110016,0.006059775594621897,0.07784456046906486,1.9955365657806396,0.9213528707660048
p232_108.wav,frequency_masking,"{""mask_floor"": 0.05, ""noise_frames"": 6, ""threshold"": 2.0}",0.45736142847575856,6.660003803347432,6.202642374871673,0.028163695707917213,0.0014664152404293418,0.038293801592807965,2.2521257400512695,0.8980957255773403
p232_109.wav,noisy_input,{},16.594241281248525,16.594241281248525,0.0,0.00675450311973691,9.292123286286369e-05,0.009639566010089027,2.321202516555786,0.9730342064877403
p232_109.wav,spectral_subtraction,"{""alpha"": 2.0, ""beta"": 0.02, ""noise_frames"": 6}",16.594241281248525,18.748228567530138,2.1539872862816125,0.005376703571528196,5.6586944992886856e-05,0.007522429460811637,2.5488672256469727,0.9720240989356344
p232_109.wav,wavelet_denoise,"{""mode"": ""soft"", ""threshold_scale"": 1.0, ""wavelet"": ""db4""}",16.594241281248525,16.646331460823514,0.05209017957498929,0.006698465906083584,9.181337372865528e-05,0.009581929540998268,2.5069687366485596,0.9755677713286762
p232_109.wav,frequency_masking,"{""mask_floor"": 0.05, ""noise_frames"": 6, ""threshold"": 2.0}",16.594241281248525,19.73618597527701,3.141944694028485,0.004360982682555914,4.5073418732499704e-05,0.00671367401148579,2.4553439617156982,0.9727629797148285
p232_110.wav,noisy_input,{},10.82905197429524,10.82905197429524,0.0,0.015672536566853523,0.00043878029100596905,0.020947083114504727,1.3992644548416138,0.9211956795443541
p232_110.wav,spectral_subtraction,"{""alpha"": 2.0, ""beta"": 0.02, ""noise_frames"": 6}",10.82905197429524,12.407375667133971,1.5783236928387314,0.012077942490577698,0.00030508069903589785,0.01746655945044409,1.7806323766708374,0.911517050196986
p232_110.wav,wavelet_denoise,"{""mode"": ""soft"", ""threshold_scale"": 1.0, ""wavelet"": ""db4""}",10.82905197429524,11.590264012787895,0.7612120384926548,0.014378885738551617,0.0003682357200887054,0.01918946898923223,1.471232533454895,0.9209534024178413
p232_110.wav,frequency_masking,"{""mask_floor"": 0.05, ""noise_frames"": 6, ""threshold"": 2.0}",10.82905197429524,13.321958404187601,2.4929064298923613,0.01147742010653019,0.0002471476327627897,0.01572092976775832,1.579685091972351,0.9185498975982845
p232_112.wav,noisy_input,{},5.392629818842619,5.392629818842619,0.0,0.029199186712503433,0.0016986510017886758,0.041214694003336674,1.8255987167358398,0.9032879720071716
p232_112.wav,spectral_subtraction,"{""alpha"": 2.0, ""beta"": 0.02, ""noise_frames"": 6}",5.392629818842619,10.238840554901818,4.8462107360591995,0.014936977066099644,0.0005565229803323746,0.023590739291772408,1.964547872543335,0.8964323782255706
p232_112.wav,wavelet_denoise,"{""mode"": ""soft"", ""threshold_scale"": 1.0, ""wavelet"": ""db4""}",5.392629818842619,5.468362286811379,0.0757324679687601,0.028862908482551575,0.0016692866338416934,0.040856904359504446,1.9998345375061035,0.907519581338151
p232_112.wav,frequency_masking,"{""mask_floor"": 0.05, ""noise_frames"": 6, ""threshold"": 2.0}",5.392629818842619,14.844075147600002,9.451445328757384,0.009772118180990219,0.00019273457292001694,0.013882887773082981,2.0285441875457764,0.8986496679843384
p232_113.wav,noisy_input,{},-0.26844521571028646,-0.26844521571028646,0.0,0.054874733090400696,0.004766526166349649,0.06904003307031109,1.2654917240142822,0.6869781051597807
p232_113.wav,spectral_subtraction,"{""alpha"": 2.0, ""beta"": 0.02, ""noise_frames"": 6}",-0.26844521571028646,4.30824820456255,4.576693420272837,0.023991554975509644,0.0016616235952824354,0.04076301749481306,1.2065784931182861,0.6600889503695843
p232_113.wav,wavelet_denoise,"{""mode"": ""soft"", ""threshold_scale"": 1.0, ""wavelet"": ""db4""}",-0.26844521571028646,0.28237799410719694,0.5508232098174835,0.05147957429289818,0.004198746755719185,0.06479773727314238,1.3043323755264282,0.6845792070727523
p232_113.wav,frequency_masking,"{""mask_floor"": 0.05, ""noise_frames"": 6, ""threshold"": 2.0}",-0.26844521571028646,5.495092798344211,5.763538014054498,0.026321647688746452,0.0012642943765968084,0.035556917422588936,1.300620198249817,0.6796426489941828
p232_114.wav,noisy_input,{},16.513515833988606,16.513515833988606,0.0,0.007324514910578728,8.514613000443205e-05,0.009227466066284506,2.2549660205841064,0.9508499141883152
p232_114.wav,spectral_subtraction,"{""alpha"": 2.0, ""beta"": 0.02, ""noise_frames"": 6}",16.513515833988606,16.683112514868885,0.16959668088027868,0.006690892390906811,8.188516949303448e-05,0.009049042462771101,2.527278423309326,0.9480138039793492
p232_114.wav,wavelet_denoise,"{""mode"": ""soft"", ""threshold_scale"": 1.0, ""wavelet"": ""db4""}",16.513515833988606,16.84185866650607,0.328342832517464,0.007085680961608887,7.894609007053077e-05,0.008885161229292959,2.6350951194763184,0.9411618996469449
p232_114.wav,frequency_masking,"{""mask_floor"": 0.05, ""noise_frames"": 6, ""threshold"": 2.0}",16.513515833988606,19.235387311192195,2.721871477203589,0.0051657650619745255,4.54964792879764e-05,0.006745107804029258,2.5965728759765625,0.9509826845823013
p232_115.wav,noisy_input,{},11.333602299542456,11.333602299542456,0.0,0.016030719503760338,0.00040160201024264097,0.02004001023559222,2.074200391769409,0.9435591832741619
p232_115.wav,spectral_subtraction,"{""alpha"": 2.0, ""beta"": 0.02, ""noise_frames"": 6}",11.333602299542456,9.595199202097483,-1.738403097444973,0.016995178535580635,0.00059928884729743,0.02448037678013617,2.433635711669922,0.9314003047029809
p232_115.wav,wavelet_denoise,"{""mode"": ""soft"", ""threshold_scale"": 1.0, ""wavelet"": ""db4""}",11.333602299542456,11.619326097043343,0.2857237975008875,0.015469573438167572,0.000376030890038237,0.019391515929350057,2.1558048725128174,0.9141403252202494
p232_115.wav,frequency_masking,"{""mask_floor"": 0.05, ""noise_frames"": 6, ""threshold"": 2.0}",11.333602299542456,14.6439105911873,3.3103082916448443,0.010298036970198154,0.00018739805091172457,0.013689340777105543,2.4202544689178467,0.9438404654269319
p232_116.wav,noisy_input,{},5.812198007063908,5.812198007063908,0.0,0.02481136843562126,0.0009628048865124583,0.031029097416980376,1.6184656620025635,0.9250830694681986
p232_116.wav,spectral_subtraction,"{""alpha"": 2.0, ""beta"": 0.02, ""noise_frames"": 6}",5.812198007063908,12.253275024293956,6.4410770172300476,0.010203702375292778,0.00021848949836567044,0.014781390271746107,1.7711946964263916,0.9213010744807165
p232_116.wav,wavelet_denoise,"{""mode"": ""soft"", ""threshold_scale"": 1.0, ""wavelet"": ""db4""}",5.812198007063908,6.223043264865176,0.41084525780126757,0.023633845150470734,0.000875898462254554,0.02959558180294069,1.9134252071380615,0.9035246370619627
p232_116.wav,frequency_masking,"{""mask_floor"": 0.05, ""noise_frames"": 6, ""threshold"": 2.0}",5.812198007063908,11.704724218989854,5.892526211925946,0.010666567832231522,0.0002479052054695785,0.015745005731011296,1.6427421569824219,0.9260362767769404
p232_117.wav,noisy_input,{},1.637064639789442,1.637064639789442,0.0,0.05243608355522156,0.004326853435486555,0.06577882208953392,1.136232614517212,0.8875585665755674
p232_117.wav,spectral_subtraction,"{""alpha"": 2.0, ""beta"": 0.02, ""noise_frames"": 6}",1.637064639789442,5.212880040384182,3.5758154005947405,0.03048085980117321,0.0018992871046066284,0.04358081119720729,1.2972443103790283,0.8650837772105318
p232_117.wav,wavelet_denoise,"{""mode"": ""soft"", ""threshold_scale"": 1.0, ""wavelet"": ""db4""}",1.637064639789442,2.226003028367467,0.588938388578025,0.048888664692640305,0.003778142388910055,0.06146659571596637,1.2311023473739624,0.8429866916711285
p232_117.wav,frequency_masking,"{""mask_floor"": 0.05, ""noise_frames"": 6, ""threshold"": 2.0}",1.637064639789442,4.6803870693663425,3.0433224295769006,0.03442763909697533,0.0021470389328897,0.046336151468261796,1.3128310441970825,0.8885691129120729
p232_118.wav,noisy_input,{},16.320635416854852,16.320635416854852,0.0,0.0051866755820810795,4.1747771319933236e-05,0.0064612515289170745,3.2996060848236084,0.9886264651879079
p232_118.wav,spectral_subtraction,"{""alpha"": 2.0, ""beta"": 0.02, ""noise_frames"": 6}",16.320635416854852,20.632455488507688,4.311820071652836,0.0029790233820676804,1.5468611309188418e-05,0.0039330155490651724,3.465902090072632,0.9847373895296874
p232_118.wav,wavelet_denoise,"{""mode"": ""soft"", ""threshold_scale"": 1.0, ""wavelet"": ""db4""}",16.320635416854852,16.30315811726321,-0.017477299591643458,0.005204723682254553,4.19161151512526e-05,0.006474265607098044,3.62556791305542,0.9859234044819792
p232_118.wav,frequency_masking,"{""mask_floor"": 0.05, ""noise_frames"": 6, ""threshold"": 2.0}",16.320635416854852,18.619737474725376,2.299102057870524,0.0037098065949976444,2.4587994630564936e-05,0.004958628301311254,3.451805591583252,0.9881015492013288
p232_119.wav,noisy_input,{},11.206822326908616,11.206822326908616,0.0,0.011277384124696255,0.00020933477208018303,0.01446840599652163,2.856541395187378,0.9459275146214208
p232_119.wav,spectral_subtraction,"{""alpha"": 2.0, ""beta"": 0.02, ""noise_frames"": 6}",11.206822326908616,14.254969905168755,3.0481475782601386,0.007204648107290268,0.00010375920101068914,0.010186226043569283,3.246042490005493,0.9456165424385767
p232_119.wav,wavelet_denoise,"{""mode"": ""soft"", ""threshold_scale"": 1.0, ""wavelet"": ""db4""}",11.206822326908616,11.224311668509138,0.017489341600521513,0.011278627440333366,0.00020849346765317023,0.01443930287975047,3.219785451889038,0.9435125837156252
p232_119.wav,frequency_masking,"{""mask_floor"": 0.05, ""noise_frames"": 6, ""threshold"": 2.0}",11.206822326908616,12.162546415883666,0.9557240889750496,0.009490917436778545,0.00016798439901322126,0.012960879561712673,3.101912021636963,0.9470583418085641
p232_120.wav,noisy_input,{},4.943030274652918,4.943030274652918,0.0,0.03142056614160538,0.0015653023729100823,0.03956390239738849,2.694490432739258,0.9144933001049247
p232_120.wav,spectral_subtraction,"{""alpha"": 2.0, ""beta"": 0.02, ""noise_frames"": 6}",4.943030274652918,15.75016144166298,10.807131167010063,0.008035331964492798,0.000129982567159459,0.011400989744730894,3.061929225921631,0.9053691810398181
p232_120.wav,wavelet_denoise,"{""mode"": ""soft"", ""threshold_scale"": 1.0, ""wavelet"": ""db4""}",4.943030274652918,4.996927921449213,0.05389764679629483,0.03126271814107895,0.001545996405184269,0.03931916078942007,3.0767648220062256,0.9199386302190927
p232_120.wav,frequency_masking,"{""mask_floor"": 0.05, ""noise_frames"": 6, ""threshold"": 2.0}",4.943030274652918,15.26156164244848,10.318531367795561,0.007770059164613485,0.0001454605080652982,0.012060700977360238,3.1846399307250977,0.9046918071145406
p232_121.wav,noisy_input,{},1.5244770813544253,1.5244770813544253,0.0,0.05390258878469467,0.005521015264093876,0.07430353466756394,1.4180865287780762,0.9612437619016538
p232_121.wav,spectral_subtraction,"{""alpha"": 2.0, ""beta"": 0.02, ""noise_frames"": 6}",1.5244770813544253,8.311869322662748,6.787392241308322,0.016923198476433754,0.0011568571208044887,0.034012602382124314,1.6230251789093018,0.9579161581344351
p232_121.wav,wavelet_denoise,"{""mode"": ""soft"", ""threshold_scale"": 1.0, ""wavelet"": ""db4""}",1.5244770813544253,1.5700121419038617,0.04553506054943646,0.05355874449014664,0.005463430657982826,0.07391502322250076,1.5573407411575317,0.9488338189786893
p232_121.wav,frequency_masking,"{""mask_floor"": 0.05, ""noise_frames"": 6, ""threshold"": 2.0}",1.5244770813544253,5.172253388281308,3.6477763069268825,0.022694293409585953,0.002383643528446555,0.048822571915524436,1.505690574645996,0.9625012523022144
p232_123.wav,noisy_input,{},16.682829455375504,16.682829455375504,0.0,0.008145085535943508,0.00011573008669074625,0.010757791905904587,2.835181474685669,0.972598854580607
p232_123.wav,spectral_subtraction,"{""alpha"": 2.0, ""beta"": 0.02, ""noise_frames"": 6}",16.682829455375504,19.899968111172186,3.2171386557966812,0.005615318659693003,5.517373574548401e-05,0.0074279025131919986,2.9106478691101074,0.9714285539644739
p232_123.wav,wavelet_denoise,"{""mode"": ""soft"", ""threshold_scale"": 1.0, ""wavelet"": ""db4""}",16.682829455375504,16.70534904954566,0.0225195941701557,0.008141028694808483,0.00011513153731357306,0.010729936500910574,2.8917019367218018,0.9738828501451501
p232_123.wav,frequency_masking,"{""mask_floor"": 0.05, ""noise_frames"": 6, ""threshold"": 2.0}",16.682829455375504,19.586048813462888,2.9032193580873837,0.005415549501776695,5.93095101066865e-05,0.007701266785840269,2.987443208694458,0.9729707585442898
p232_124.wav,noisy_input,{},10.061314166582617,10.061314166582617,0.0,0.02258848212659359,0.0008864221163094044,0.029772841925308446,2.112558603286743,0.9091361019838685
p232_124.wav,spectral_subtraction,"{""alpha"": 2.0, ""beta"": 0.02, ""noise_frames"": 6}",10.061314166582617,12.967204986724592,2.905890820141975,0.014857323840260506,0.0004539954534266144,0.021307169061764504,2.3534674644470215,0.920280522812257
p232_124.wav,wavelet_denoise,"{""mode"": ""soft"", ""threshold_scale"": 1.0, ""wavelet"": ""db4""}",10.061314166582617,10.176387756303601,0.1150735897209838,0.022281181067228317,0.0008632433018647134,0.02938100239720751,2.345851421356201,0.9177279753212899
p232_124.wav,frequency_masking,"{""mask_floor"": 0.05, ""noise_frames"": 6, ""threshold"": 2.0}",10.061314166582617,10.905358373086747,0.8440442065041296,0.01956687867641449,0.000729854276869446,0.027015815310100232,2.4141008853912354,0.9177035603112803
p232_125.wav,noisy_input,{},5.33590435669622,5.33590435669622,0.0,0.03303482383489609,0.0017802075017243624,0.04219250527907015,1.753355860710144,0.8431567427492743
p232_125.wav,spectral_subtraction,"{""alpha"": 2.0, ""beta"": 0.02, ""noise_frames"": 6}",5.33590435669622,13.066486821848503,7.730582465152283,0.012178952805697918,0.00030020117992535233,0.017326314666580207,1.8389248847961426,0.8362901477562988
p232_125.wav,wavelet_denoise,"{""mode"": ""soft"", ""threshold_scale"": 1.0, ""wavelet"": ""db4""}",5.33590435669622,5.470831781789345,0.1349274250931245,0.03252829238772392,0.001725749927572906,0.04154214640064841,1.8381118774414062,0.8463317387064332
p232_125.wav,frequency_masking,"{""mask_floor"": 0.05, ""noise_frames"": 6, ""threshold"": 2.0}",5.33590435669622,10.59895718871681,5.263052832020589,0.016166595742106438,0.0005298651522025466,0.02301879997312081,1.895688772201538,0.8383103669074817
p232_126.wav,noisy_input,{},0.8882553620461113,0.8882553620461113,0.0,0.05209609493613243,0.004449863452464342,0.06670729684573001,1.3850409984588623,0.8932913831839151
p232_126.wav,spectral_subtraction,"{""alpha"": 2.0, ""beta"": 0.02, ""noise_frames"": 6}",0.8882553620461113,7.459429829020795,6.571174466974684,0.020962823182344437,0.000980007229372859,0.03130506715170659,1.8592454195022583,0.8743450999187887
p232_126.wav,wavelet_denoise,"{""mode"": ""soft"", ""threshold_scale"": 1.0, ""wavelet"": ""db4""}",0.8882553620461113,1.0468717469039583,0.15861638485784701,0.0510656014084816,0.00429027434438467,0.06550018583473385,1.5799931287765503,0.8970161143029899
p232_126.wav,frequency_masking,"{""mask_floor"": 0.05, ""noise_frames"": 6, ""threshold"": 2.0}",0.8882553620461113,6.0371922107989455,5.148936848752834,0.02519042417407036,0.0013597310753539205,0.03687453152724683,1.7382863759994507,0.8882654896915373
p232_127.wav,noisy_input,{},15.733349947494634,15.733349947494634,0.0,0.009031323716044426,0.00013179218512959778,0.01148007774928366,3.7124390602111816,0.9950396003911396
p232_127.wav,spectral_subtraction,"{""alpha"": 2.0, ""beta"": 0.02, ""noise_frames"": 6}",15.733349947494634,18.66670973444876,2.9333597869541244,0.005989707540720701,6.707391730742529e-05,0.008189866745401007,3.830596923828125,0.9921066192738466
p232_127.wav,wavelet_denoise,"{""mode"": ""soft"", ""threshold_scale"": 1.0, ""wavelet"": ""db4""}",15.733349947494634,15.74921247843097,0.015862530936335162,0.009013185277581215,0.00013131169544067234,0.011459131530821712,3.745605945587158,0.9939756265209554
p232_127.wav,frequency_masking,"{""mask_floor"": 0.05, ""noise_frames"": 6, ""threshold"": 2.0}",15.733349947494634,16.916659419981784,1.1833094724871493,0.007437084335833788,0.00010035955347120762,0.010017961542709555,3.916351795196533,0.9943255425814661
p232_128.wav,noisy_input,{},11.07643188484277,11.07643188484277,0.0,0.012996583245694637,0.00027476102695800364,0.01657591707743507,2.007991313934326,0.9865201250992083
p232_128.wav,spectral_subtraction,"{""alpha"": 2.0, ""beta"": 0.02, ""noise_frames"": 6}",11.07643188484277,10.468663932517234,-0.6077679523255348,0.011299509555101395,0.0003160326450597495,0.017777307024961612,1.7066320180892944,0.9680987464519449
p232_128.wav,wavelet_denoise,"{""mode"": ""soft"", ""threshold_scale"": 1.0, ""wavelet"": ""db4""}",11.07643188484277,11.30729802940233,0.23086614455956145,0.012653295882046223,0.00026053647161461413,0.016141142202911605,2.2729549407958984,0.9854377746430012
p232_128.wav,frequency_masking,"{""mask_floor"": 0.05, ""noise_frames"": 6, ""threshold"": 2.0}",11.07643188484277,15.737161046521308,4.660729161678539,0.006813016254454851,9.394685184815899e-05,0.009692618420641503,1.856804370880127,0.9821704799860463
p232_129.wav,noisy_input,{},6.656916732535526,6.656916732535526,0.0,0.023514647036790848,0.00132173637393862,0.036355692455771214,2.50524640083313,0.9806827785795206
p232_129.wav,spectral_subtraction,"{""alpha"": 2.0, ""beta"": 0.02, ""noise_frames"": 6}",6.656916732535526,15.127668622501565,8.470751889966039,0.009169792756438255,0.00018796183576341718,0.013709917423654206,2.611982583999634,0.9773730286217951
p232_129.wav,wavelet_denoise,"{""mode"": ""soft"", ""threshold_scale"": 1.0, ""wavelet"": ""db4""}",6.656916732535526,6.676761289204835,0.019844556669308844,0.023445403203368187,0.001315710716880858,0.036272726901638616,2.7058684825897217,0.9811149346952819
p232_129.wav,frequency_masking,"{""mask_floor"": 0.05, ""noise_frames"": 6, ""threshold"": 2.0}",6.656916732535526,12.180831123001228,5.523914390465702,0.009255869314074516,0.00037047031219117343,0.019247605362516487,2.649075984954834,0.9796689553912368
p232_130.wav,noisy_input,{},1.2280570922683647,1.2280570922683647,0.0,0.044415444135665894,0.002866713097319007,0.0535416949425306,1.6919969320297241,0.9752815830967912
p232_130.wav,spectral_subtraction,"{""alpha"": 2.0, ""beta"": 0.02, ""noise_frames"": 6}",1.2280570922683647,9.664479223637956,8.436422131369591,0.014131218194961548,0.00041090554441325366,0.020270805223603073,1.746497631072998,0.961587605450282
p232_130.wav,wavelet_denoise,"{""mode"": ""soft"", ""threshold_scale"": 1.0, ""wavelet"": ""db4""}",1.2280570922683647,1.2893012221449536,0.06124412987658889,0.04412122815847397,0.002826570300385356,0.0531654991548594,1.9033374786376953,0.9752249537376326
p232_130.wav,frequency_masking,"{""mask_floor"": 0.05, ""noise_frames"": 6, ""threshold"": 2.0}",1.2280570922683647,11.160837861735175,9.93278076946681,0.012240280397236347,0.0002911428455263376,0.017062908472072914,1.7228977680206299,0.9704808333389489
p232_131.wav,noisy_input,{},16.468313299699183,16.468313299699183,0.0,0.0077924965880811214,0.000105170467577409,0.010255265358702767,2.328611373901367,0.9759770600613353
p232_131.wav,spectral_subtraction,"{""alpha"": 2.0, ""beta"": 0.02, ""noise_frames"": 6}",16.468313299699183,17.60308281831285,1.1347695186136662,0.00653116637840867,8.098728721961379e-05,0.008999293706709087,2.5563721656799316,0.9680564236280326
p232_131.wav,wavelet_denoise,"{""mode"": ""soft"", ""threshold_scale"": 1.0, ""wavelet"": ""db4""}",16.468313299699183,16.553644114304845,0.08533081460566194,0.0076895770616829395,0.00010312422818969935,0.010155010004411583,2.4279096126556396,0.9752791664508997
p232_131.wav,frequency_masking,"{""mask_floor"": 0.05, ""noise_frames"": 6, ""threshold"": 2.0}",16.468313299699183,17.253689037242637,0.785375737543454,0.006872387137264013,8.77720449352637e-05,0.009368673595299587,2.6731910705566406,0.9739335477662993
p232_132.wav,noisy_input,{},10.658816785309895,10.658816785309895,0.0,0.01116938330233097,0.0002150384825654328,0.014664190484490877,1.9761375188827515,0.8524702370990082
p232_132.wav,spectral_subtraction,"{""alpha"": 2.0, ""beta"": 0.02, ""noise_frames"": 6}",10.658816785309895,10.05185444337763,-0.606962341932265,0.01070613507181406,0.00024729332653805614,0.015725562836924348,1.9899730682373047,0.835947369137931
p232_132.wav,wavelet_denoise,"{""mode"": ""soft"", ""threshold_scale"": 1.0, ""wavelet"": ""db4""}",10.658816785309895,10.88933586498301,0.23051907967311536,0.010825137607753277,0.00020392208534758538,0.014280129038197987,2.104660749435425,0.8503970678319052
p232_132.wav,frequency_masking,"{""mask_floor"": 0.05, ""noise_frames"": 6, ""threshold"": 2.0}",10.658816785309895,12.064894983583503,1.4060781982736081,0.008852055296301842,0.00015556372818537056,0.012472518919022355,2.0906732082366943,0.8428398595782411
p232_133.wav,noisy_input,{},6.179239894294596,6.179239894294596,0.0,0.025732392445206642,0.0011044482234865427,0.03323323973804755,1.1876026391983032,0.867171104258255
p232_133.wav,spectral_subtraction,"{""alpha"": 2.0, ""beta"": 0.02, ""noise_frames"": 6}",6.179239894294596,8.167276538665496,1.9880366443708999,0.019028449431061745,0.0006987819797359407,0.026434484669384813,1.3248625993728638,0.8578816688733755
p232_133.wav,wavelet_denoise,"{""mode"": ""soft"", ""threshold_scale"": 1.0, ""wavelet"": ""db4""}",6.179239894294596,6.655956380626714,0.47671648633211827,0.024178721010684967,0.0009896319825202227,0.031458416719857704,1.24137544631958,0.8746797010781397
p232_133.wav,frequency_masking,"{""mask_floor"": 0.05, ""noise_frames"": 6, ""threshold"": 2.0}",6.179239894294596,7.461744920353659,1.2825050260590638,0.0213076900690794,0.0008220436284318566,0.028671303221720783,1.2914392948150635,0.8662341582374442
p232_134.wav,noisy_input,{},0.44946976795213595,0.44946976795213595,0.0,0.04069310426712036,0.0027980580925941467,0.05289667373847005,1.2241977453231812,0.7727154606763733
p232_134.wav,spectral_subtraction,"{""alpha"": 2.0, ""beta"": 0.02, ""noise_frames"": 6}",0.44946976795213595,4.772554059299374,4.323084291347238,0.022069154307246208,0.001034066081047058,0.03215689787661519,1.3094875812530518,0.7513044378656506
p232_134.wav,wavelet_denoise,"{""mode"": ""soft"", ""threshold_scale"": 1.0, ""wavelet"": ""db4""}",0.44946976795213595,0.7730429878716444,0.32357321991950844,0.039047807455062866,0.0025971641298383474,0.05096237955431779,1.293581247329712,0.7722194062672924
p232_134.wav,frequency_masking,"{""mask_floor"": 0.05, ""noise_frames"": 6, ""threshold"": 2.0}",0.44946976795213595,2.775085349845467,2.3256155818933313,0.028885064646601677,0.0016379293520003557,0.04047133988392719,1.2641761302947998,0.7667827068964322
p232_135.wav,noisy_input,{},15.487765451420582,15.487765451420582,0.0,0.009745288640260696,0.00014542456483468413,0.012059210788218444,2.628209352493286,0.9381979401494119
p232_135.wav,spectral_subtraction,"{""alpha"": 2.0, ""beta"": 0.02, ""noise_frames"": 6}",15.487765451420582,17.183967537655132,1.6962020862345497,0.007165905553847551,9.840509301284328e-05,0.009919934123412478,2.96567440032959,0.939183196049334
p232_135.wav,wavelet_denoise,"{""mode"": ""soft"", ""threshold_scale"": 1.0, ""wavelet"": ""db4""}",15.487765451420582,15.630604906509088,0.14283945508850593,0.009532148949801922,0.000140719348564744,0.01186251864338868,2.629277229309082,0.9190829341156668
p232_135.wav,frequency_masking,"{""mask_floor"": 0.05, ""noise_frames"": 6, ""threshold"": 2.0}",15.487765451420582,18.929418761907254,3.4416533104866716,0.006231728009879589,6.583736831089482e-05,0.008114022942467861,2.7298073768615723,0.9419440736841062
p232_136.wav,noisy_input,{},9.60595045779985,9.60595045779985,0.0,0.016666287556290627,0.0004516679618973285,0.02125248131153933,1.5404016971588135,0.7761785174742829
p232_136.wav,spectral_subtraction,"{""alpha"": 2.0, ""beta"": 0.02, ""noise_frames"": 6}",9.60595045779985,13.765624478855635,4.159674021055785,0.009871897287666798,0.00017332128481939435,0.013165154188971519,1.6922197341918945,0.776306474371076
p232_136.wav,wavelet_denoise,"{""mode"": ""soft"", ""threshold_scale"": 1.0, ""wavelet"": ""db4""}",9.60595045779985,10.477353348230283,0.8714028904304332,0.01525444071739912,0.00036955493851564825,0.019223811758224442,1.615351915359497,0.7754031490702445
p232_136.wav,frequency_masking,"{""mask_floor"": 0.05, ""noise_frames"": 6, ""threshold"": 2.0}",9.60595045779985,13.794690324561378,4.188739866761528,0.0102835176512599,0.0001721651788102463,0.013121172920522246,1.6657685041427612,0.7767597295417734
p232_137.wav,noisy_input,{},5.196730140600074,5.196730140600074,0.0,0.03433430939912796,0.0018654558807611465,0.04319092359236078,1.7353825569152832,0.9208563991821127
p232_137.wav,spectral_subtraction,"{""alpha"": 2.0, ""beta"": 0.02, ""noise_frames"": 6}",5.196730140600074,11.956148233512657,6.759418092912583,0.014311591163277626,0.0003934079722966999,0.019834514672577696,1.8926258087158203,0.927660972886213
p232_137.wav,wavelet_denoise,"{""mode"": ""soft"", ""threshold_scale"": 1.0, ""wavelet"": ""db4""}",5.196730140600074,5.609173647775792,0.412443507175718,0.03266943246126175,0.0016964483074843884,0.04118796313832948,1.8887807130813599,0.8757371960123104
p232_137.wav,frequency_masking,"{""mask_floor"": 0.05, ""noise_frames"": 6, ""threshold"": 2.0}",5.196730140600074,10.297773804422885,5.101043663822811,0.017000406980514526,0.0005763424560427666,0.024007133440766448,1.854716181755066,0.9278937008124007
p232_138.wav,noisy_input,{},0.25028361974511143,0.25028361974511143,0.0,0.044195741415023804,0.003026221878826618,0.0550111068678555,1.521047592163086,0.7667338921798301
p232_138.wav,spectral_subtraction,"{""alpha"": 2.0, ""beta"": 0.02, ""noise_frames"": 6}",0.25028361974511143,7.645999549849463,7.395715930104351,0.016008712351322174,0.0005512253264896572,0.0234781883136169,2.068854331970215,0.7496799522743158
p232_138.wav,wavelet_denoise,"{""mode"": ""soft"", ""threshold_scale"": 1.0, ""wavelet"": ""db4""}",0.25028361974511143,0.788108486101548,0.5378248663564367,0.04136761650443077,0.0026737344451248646,0.05170816613577457,1.6568603515625,0.755359047159451
p232_138.wav,frequency_masking,"{""mask_floor"": 0.05, ""noise_frames"": 6, ""threshold"": 2.0}",0.25028361974511143,5.260609579045996,5.010325959300884,0.021798934787511826,0.0009547027293592691,0.030898264180359212,1.8528282642364502,0.7651823475563264
p232_139.wav,noisy_input,{},15.98280191554979,15.98280191554979,0.0,0.009052124805748463,0.00012683607928920537,0.011262152515802891,3.4749464988708496,0.9998149700634529
p232_139.wav,spectral_subtraction,"{""alpha"": 2.0, ""beta"": 0.02, ""noise_frames"": 6}",15.98280191554979,22.710604897350724,6.727802981800934,0.003758658654987812,2.6944026103592478e-05,0.005190763537630324,3.876262664794922,0.9996901689773134
p232_139.wav,wavelet_denoise,"{""mode"": ""soft"", ""threshold_scale"": 1.0, ""wavelet"": ""db4""}",15.98280191554979,15.986999621934439,0.004197706384649891,0.009023372083902359,0.0001267135376110673,0.011256710781177036,3.6663591861724854,0.9988497442538279
p232_139.wav,frequency_masking,"{""mask_floor"": 0.05, ""noise_frames"": 6, ""threshold"": 2.0}",15.98280191554979,23.81313078557349,7.830328870023703,0.0033157365396618843,2.0903062249999493e-05,0.00457198668523865,3.6066298484802246,0.9998369097495112
p232_140.wav,noisy_input,{},10.239540409041517,10.239540409041517,0.0,0.02018601819872856,0.0006367655005306005,0.025234212896989686,2.8202531337738037,0.8577420731472429
p232_140.wav,spectral_subtraction,"{""alpha"": 2.0, ""beta"": 0.02, ""noise_frames"": 6}",10.239540409041517,17.914921318122822,7.675380909081305,0.007598081137984991,0.00010875304724322632,0.010428472910413409,3.1000618934631348,0.8484920928667622
p232_140.wav,wavelet_denoise,"{""mode"": ""soft"", ""threshold_scale"": 1.0, ""wavelet"": ""db4""}",10.239540409041517,10.248493388370193,0.00895297932867578,0.020098736509680748,0.000635454140137881,0.025208215726978397,3.1691877841949463,0.8771512513464335
p232_140.wav,frequency_masking,"{""mask_floor"": 0.05, ""noise_frames"": 6, ""threshold"": 2.0}",10.239540409041517,15.260775516870098,5.021235107828581,0.008767959661781788,0.00020038076036144048,0.01415559113429886,3.1810622215270996,0.8531815405454211
p232_141.wav,noisy_input,{},5.438541851342441,5.438541851342441,0.0,0.03905348852276802,0.0024039363488554955,0.049029953588143396,2.7273786067962646,0.8319261304056846
p232_141.wav,spectral_subtraction,"{""alpha"": 2.0, ""beta"": 0.02, ""noise_frames"": 6}",5.438541851342441,14.663370183973392,9.22482833263095,0.012755676172673702,0.00028736915555782616,0.016951966126612754,3.1309478282928467,0.8373784915860144
p232_141.wav,wavelet_denoise,"{""mode"": ""soft"", ""threshold_scale"": 1.0, ""wavelet"": ""db4""}",5.438541851342441,5.493953377733759,0.05541152639131841,0.03876302391290665,0.002373459516093135,0.04871816412892767,2.9701156616210938,0.8278356948682034
p232_141.wav,frequency_masking,"{""mask_floor"": 0.05, ""noise_frames"": 6, ""threshold"": 2.0}",5.438541851342441,10.046037380711555,4.607495529369114,0.01952766813337803,0.0008320959750562906,0.028846073823941634,3.0310263633728027,0.8403003342965008
p232_142.wav,noisy_input,{},1.8581564618133564,1.8581564618133564,0.0,0.044891275465488434,0.0030447531025856733,0.055179281461302784,1.9411852359771729,0.9086954298006787
p232_142.wav,spectral_subtraction,"{""alpha"": 2.0, ""beta"": 0.02, ""noise_frames"": 6}",1.8581564618133564,11.342182514979548,9.484026053166192,0.014064498245716095,0.0003428857889957726,0.01851717551344623,2.299832582473755,0.8919806710691024
p232_142.wav,wavelet_denoise,"{""mode"": ""soft"", ""threshold_scale"": 1.0, ""wavelet"": ""db4""}",1.8581564618133564,1.9429992396045537,0.08484277779119731,0.04441193863749504,0.0029858488123863935,0.05464292097231254,2.271643877029419,0.8992159623940347
p232_142.wav,frequency_masking,"{""mask_floor"": 0.05, ""noise_frames"": 6, ""threshold"": 2.0}",1.8581564618133564,10.459716332313976,8.601559870500619,0.013907607644796371,0.0004201419942546636,0.020497365544251377,2.451019287109375,0.9030821866694085
p232_143.wav,noisy_input,{},15.270257107085268,15.270257107085268,0.0,0.008920654654502869,0.00013496173778548837,0.011617303378387274,2.6256749629974365,0.9485293483475886
p232_143.wav,spectral_subtraction,"{""alpha"": 2.0, ""beta"": 0.02, ""noise_frames"": 6}",15.270257107085268,17.488882338051695,2.2186252309664276,0.006743030622601509,8.097447425825521e-05,0.008998581791496658,2.647860050201416,0.942209639552714
p232_143.wav,wavelet_denoise,"{""mode"": ""soft"", ""threshold_scale"": 1.0, ""wavelet"": ""db4""}",15.270257107085268,15.468297451739224,0.1980403446539558,0.008717875927686691,0.00012894562678411603,0.011355422791957859,2.671267032623291,0.9523139513768858
p232_143.wav,frequency_masking,"{""mask_floor"": 0.05, ""noise_frames"": 6, ""threshold"": 2.0}",15.270257107085268,16.641612755527607,1.3713556484423393,0.007416957523673773,9.841812425293028e-05,0.009920590922567581,2.6152117252349854,0.9465958758351232
p232_144.wav,noisy_input,{},11.102290407035442,11.102290407035442,0.0,0.0164377111941576,0.0004673870571423322,0.0216191363643956,2.373880624771118,0.9604392490743943
p232_144.wav,spectral_subtraction,"{""alpha"": 2.0, ""beta"": 0.02, ""noise_frames"": 6}",11.102290407035442,15.43439333589651,4.332102928861069,0.009397229179739952,0.00017237187421415,0.013129046965189439,2.445979595184326,0.9573680313366535
p232_144.wav,wavelet_denoise,"{""mode"": ""soft"", ""threshold_scale"": 1.0, ""wavelet"": ""db4""}",11.102290407035442,11.15868049207101,0.056390085035568305,0.016334306448698044,0.0004613575874827802,0.021479236194119664,2.4293339252471924,0.9512261045152933
p232_144.wav,frequency_masking,"{""mask_floor"": 0.05, ""noise_frames"": 6, ""threshold"": 2.0}",11.102290407035442,13.928044653134904,2.8257542460994625,0.0106933219358325,0.00024383793061133474,0.015615310775368344,2.4885952472686768,0.9609066076250532
p232_145.wav,noisy_input,{},6.080014979288567,6.080014979288567,0.0,0.027381891384720802,0.0012353707570582628,0.03514784142814837,1.6271263360977173,0.8522610063801169
p232_145.wav,spectral_subtraction,"{""alpha"": 2.0, ""beta"": 0.02, ""noise_frames"": 6}",6.080014979288567,10.721325461343206,4.641310482054639,0.014977706596255302,0.00042429339373484254,0.020598383279637325,1.7261004447937012,0.8367153124895994
p232_145.wav,wavelet_denoise,"{""mode"": ""soft"", ""threshold_scale"": 1.0, ""wavelet"": ""db4""}",6.080014979288567,6.245154960727307,0.16513998143873998,0.02682863362133503,0.0011892778566107154,0.03448590808737267,1.7493443489074707,0.8588110455304178
p232_145.wav,frequency_masking,"{""mask_floor"": 0.05, ""noise_frames"": 6, ""threshold"": 2.0}",6.080014979288567,10.858196593087897,4.77818161379933,0.014915271662175655,0.000411129993153736,0.020276340723950563,1.840251088142395,0.847973158335513
p232_146.wav,noisy_input,{},0.8448544835167183,0.8448544835167183,0.0,0.05311642959713936,0.004850244615226984,0.06964369759875609,1.8799620866775513,0.8610299012981251
p232_146.wav,spectral_subtraction,"{""alpha"": 2.0, ""beta"": 0.02, ""noise_frames"": 6}",0.8448544835167183,7.317593058209525,6.472738574692807,0.021441934630274773,0.0010926718823611736,0.03305558776305715,2.0542006492614746,0.847073293077038
p232_146.wav,wavelet_denoise,"{""mode"": ""soft"", ""threshold_scale"": 1.0, ""wavelet"": ""db4""}",0.8448544835167183,0.8998460915486606,0.05499160803194225,0.05275481194257736,0.004789216443896294,0.06920416493171704,2.0092458724975586,0.8620183008036703
p232_146.wav,frequency_masking,"{""mask_floor"": 0.05, ""noise_frames"": 6, ""threshold"": 2.0}",0.8448544835167183,4.022142766929812,3.1772882834130933,0.030737673863768578,0.002333645010367036,0.04830781521003652,2.129729747772217,0.8594825682904461
p232_147.wav,noisy_input,{},16.354673573777262,16.354673573777262,0.0,0.009664490818977356,0.00014642247697338462,0.012100515566428756,3.9610729217529297,0.9885730416205456
p232_147.wav,spectral_subtraction,"{""alpha"": 2.0, ""beta"": 0.02, ""noise_frames"": 6}",16.354673573777262,19.787621649069496,3.4329480752922343,0.006277941633015871,6.642215157626197e-05,0.008149978624282518,3.839378833770752,0.9862096370601287
p232_147.wav,wavelet_denoise,"{""mode"": ""soft"", ""threshold_scale"": 1.0, ""wavelet"": ""db4""}",16.354673573777262,16.359774560922848,0.005100987145585378,0.009637468494474888,0.00014625058975070715,0.012093411005614054,3.82108473777771,0.9861347523888357
p232_147.wav,frequency_masking,"{""mask_floor"": 0.05, ""noise_frames"": 6, ""threshold"": 2.0}",16.354673573777262,20.02062055505132,3.6659469812740575,0.006012882571667433,6.2952509324532e-05,0.007934261737838752,3.9196128845214844,0.9867282992346733
p232_148.wav,noisy_input,{},11.60859431325159,11.60859431325159,0.0,0.013258655555546284,0.0002893959463108331,0.017011641493719327,3.280942678451538,0.9994154553078959
p232_148.wav,spectral_subtraction,"{""alpha"": 2.0, ""beta"": 0.02, ""noise_frames"": 6}",11.60859431325159,15.594176924100807,3.9855826108492174,0.007976682856678963,0.000115593706141226,0.010751451350456178,3.212686061859131,0.997971782039835
p232_148.wav,wavelet_denoise,"{""mode"": ""soft"", ""threshold_scale"": 1.0, ""wavelet"": ""db4""}",11.60859431325159,11.631532292063781,0.022937978812191062,0.013224254362285137,0.0002878714876715094,0.01696677599520632,3.286656379699707,0.9989062898527481
p232_148.wav,frequency_masking,"{""mask_floor"": 0.05, ""noise_frames"": 6, ""threshold"": 2.0}",11.60859431325159,15.86352559917424,4.25493128592265,0.006994666066020727,0.00010864239447982982,0.010423166240631002,3.4443721771240234,0.9991515533250771
p232_150.wav,noisy_input,{},5.875180222802824,5.875180222802824,0.0,0.025945259258151054,0.0010093477321788669,0.031770233429719505,3.3031351566314697,0.979204428058241
p232_150.wav,spectral_subtraction,"{""alpha"": 2.0, ""beta"": 0.02, ""noise_frames"": 6}",5.875180222802824,16.6383316046988,10.763151381895975,0.006737241521477699,8.466924191452563e-05,0.009201589097244325,3.336625099182129,0.9781296524794335
p232_150.wav,wavelet_denoise,"{""mode"": ""soft"", ""threshold_scale"": 1.0, ""wavelet"": ""db4""}",5.875180222802824,5.890561037780771,0.015380814977947743,0.025888850912451744,0.0010057793697342277,0.03171402481133903,3.530604839324951,0.9795692391418138
p232_150.wav,frequency_masking,"{""mask_floor"": 0.05, ""noise_frames"": 6, ""threshold"": 2.0}",5.875180222802824,12.729932124147075,6.854751901344251,0.00912501197308302,0.0002082407008856535,0.014430547490849177,3.403081178665161,0.9789612145173314
p232_151.wav,noisy_input,{},1.331718255912816,1.331718255912816,0.0,0.04419349879026413,0.002751278690993786,0.05245263283185875,1.4349799156188965,0.9662631079693943
p232_151.wav,spectral_subtraction,"{""alpha"": 2.0, ""beta"": 0.02, ""noise_frames"": 6}",1.331718255912816,9.998559579138375,8.666841323225558,0.013951507396996021,0.0003739818057511002,0.019338609198985852,1.733345627784729,0.9542353422269335
p232_151.wav,wavelet_denoise,"{""mode"": ""soft"", ""threshold_scale"": 1.0, ""wavelet"": ""db4""}",1.331718255912816,1.3991840120972174,0.06746575618440143,0.043860044330358505,0.002708869054913521,0.05204679677860609,1.5383296012878418,0.9723750395650194
p232_151.wav,frequency_masking,"{""mask_floor"": 0.05, ""noise_frames"": 6, ""threshold"": 2.0}",1.331718255912816,5.1840038799454256,3.8522856240326098,0.02538500353693962,0.0011331986170262098,0.03366301556643744,1.7158122062683105,0.9618908067782791
p232_152.wav,noisy_input,{},15.561975445048702,15.561975445048702,0.0,0.011380845680832863,0.00021643824584316462,0.014711840328224224,1.8949260711669922,0.9643325170057081
p232_152.wav,spectral_subtraction,"{""alpha"": 2.0, ""beta"": 0.02, ""noise_frames"": 6}",15.561975445048702,17.32768931504667,1.7657138699979669,0.008225771598517895,0.0001441327331122011,0.012005529272472792,2.062683343887329,0.9608537833997279
p232_152.wav,wavelet_denoise,"{""mode"": ""soft"", ""threshold_scale"": 1.0, ""wavelet"": ""db4""}",15.561975445048702,15.849725438922706,0.28774999387400335,0.010961547493934631,0.0002025624708039686,0.014232444301804544,1.998721957206726,0.965729632008504
p232_152.wav,frequency_masking,"{""mask_floor"": 0.05, ""noise_frames"": 6, ""threshold"": 2.0}",15.561975445048702,17.315374898935683,1.7533994538869813,0.008696415461599827,0.00014454199117608368,0.012022561755968804,2.031277894973755,0.9626274184321689
p232_153.wav,noisy_input,{},10.59983739907347,10.59983739907347,0.0,0.02200208604335785,0.0007818342419341207,0.027961299002981256,1.6570197343826294,0.8587569245491847
p232_153.wav,spectral_subtraction,"{""alpha"": 2.0, ""beta"": 0.02, ""noise_frames"": 6}",10.59983739907347,13.098740227782566,2.4989028287090953,0.01497249212116003,0.000439768802607432,0.020970665287668677,1.7377934455871582,0.8561909439037354
p232_153.wav,wavelet_denoise,"{""mode"": ""soft"", ""threshold_scale"": 1.0, ""wavelet"": ""db4""}",10.59983739907347,11.09862566680301,0.4987882677295392,0.020715579390525818,0.0006970049580559134,0.026400851464600784,1.792872667312622,0.8617068042844706
p232_153.wav,frequency_masking,"{""mask_floor"": 0.05, ""noise_frames"": 6, ""threshold"": 2.0}",10.59983739907347,12.53462193063299,1.9347845315595205,0.016887454316020012,0.0005007676081731915,0.022377837432897566,1.7579532861709595,0.8585808809323322
p232_154.wav,noisy_input,{},6.1065416980351594,6.1065416980351594,0.0,0.03033950924873352,0.0015174945583567023,0.03895503251643749,1.2627110481262207,0.881795160577066
p232_154.wav,spectral_subtraction,"{""alpha"": 2.0, ""beta"": 0.02, ""noise_frames"": 6}",6.1065416980351594,9.292591666902297,3.1860499688671373,0.018206486478447914,0.0007286553154699504,0.02699361619846349,1.402506709098816,0.8723637850279582
p232_154.wav,wavelet_denoise,"{""mode"": ""soft"", ""threshold_scale"": 1.0, ""wavelet"": ""db4""}",6.1065416980351594,6.498181654397551,0.3916399563623916,0.028902648016810417,0.00138663814868778,0.03723759053279065,1.3295893669128418,0.8836029866563544
p232_154.wav,frequency_masking,"{""mask_floor"": 0.05, ""noise_frames"": 6, ""threshold"": 2.0}",6.1065416980351594,8.598164793962884,2.491623095927724,0.02137729525566101,0.0008549974882043898,0.029240340083596664,1.3734768629074097,0.8829882508436866
p232_155.wav,noisy_input,{},1.2085662383789615,1.2085662383789615,0.0,0.04182012751698494,0.003303212346509099,0.05747357955190453,1.1426620483398438,0.7428685194500643
p232_155.wav,spectral_subtraction,"{""alpha"": 2.0, ""beta"": 0.02, ""noise_frames"": 6}",1.2085662383789615,3.011755549312629,1.8031893109336676,0.03001479059457779,0.002180808689445257,0.046699129429200896,1.1234989166259766,0.6951369803924267
p232_155.wav,wavelet_denoise,"{""mode"": ""soft"", ""threshold_scale"": 1.0, ""wavelet"": ""db4""}",1.2085662383789615,1.7481484370784064,0.5395821986994449,0.03878429904580116,0.0029172811191529036,0.054011860911774776,1.1842831373214722,0.7431836290181213
p232_155.wav,frequency_masking,"{""mask_floor"": 0.05, ""noise_frames"": 6, ""threshold"": 2.0}",1.2085662383789615,2.802929518409613,1.5943632800306513,0.031356047838926315,0.002288232557475567,0.04783547383977258,1.1773483753204346,0.722422378578301
p232_156.wav,noisy_input,{},15.8658288923993,15.8658288923993,0.0,0.008631870150566101,0.00011742316564777866,0.010836197010380471,2.343111991882324,0.9071696851392386
p232_156.wav,spectral_subtraction,"{""alpha"": 2.0, ""beta"": 0.02, ""noise_frames"": 6}",15.8658288923993,16.00685823989075,0.14102934749145035,0.007818080484867096,0.00011367130355210975,0.010661674519141434,2.4774727821350098,0.9089887189444011
p232_156.wav,wavelet_denoise,"{""mode"": ""soft"", ""threshold_scale"": 1.0, ""wavelet"": ""db4""}",15.8658288923993,16.021611668481476,0.1557827760821766,0.008478177711367607,0.00011328580876579508,0.010643580636505513,2.354827880859375,0.8935056175442682
p232_156.wav,frequency_masking,"{""mask_floor"": 0.05, ""noise_frames"": 6, ""threshold"": 2.0}",15.8658288923993,18.606419551473927,2.740590659074627,0.006100194063037634,6.247333658393472e-05,0.007904007628028627,2.394953966140747,0.9068999433098446
p232_158.wav,noisy_input,{},11.341142164968709,11.341142164968709,0.0,0.016399074345827103,0.0004235960659570992,0.020581449559180693,1.678675889968872,0.9620595629327746
p232_158.wav,spectral_subtraction,"{""alpha"": 2.0, ""beta"": 0.02, ""noise_frames"": 6}",11.341142164968709,12.59922778628847,1.2580856213197613,0.012851451523602009,0.00031706137815490365,0.017806217401652256,1.7643399238586426,0.9616966167554948
p232_158.wav,wavelet_denoise,"{""mode"": ""soft"", ""threshold_scale"": 1.0, ""wavelet"": ""db4""}",11.341142164968709,11.894783947348518,0.5536417823798097,0.01554154697805643,0.00037289600004442036,0.019310515271333914,1.9136946201324463,0.958236098759012
p232_158.wav,frequency_masking,"{""mask_floor"": 0.05, ""noise_frames"": 6, ""threshold"": 2.0}",11.341142164968709,15.371219491777188,4.030077326808479,0.009810911491513252,0.00016747275367379189,0.012941126445321206,1.7948601245880127,0.9645552914882386
p232_159.wav,noisy_input,{},5.5719722790389525,5.5719722790389525,0.0,0.017443016171455383,0.00047757881111465394,0.02185357662065077,1.6560086011886597,0.9746978263962255
p232_159.wav,spectral_subtraction,"{""alpha"": 2.0, ""beta"": 0.02, ""noise_frames"": 6}",5.5719722790389525,11.212073726119034,5.640101447080081,0.008084287866950035,0.0001303271419601515,0.011416091360888432,2.034194231033325,0.9701442648510614
p232_159.wav,wavelet_denoise,"{""mode"": ""soft"", ""threshold_scale"": 1.0, ""wavelet"": ""db4""}",5.5719722790389525,6.114646423315118,0.5426741442761651,0.016422832384705544,0.00042148062493652105,0.02052999330093707,1.633500337600708,0.8898032703597857
p232_159.wav,frequency_masking,"{""mask_floor"": 0.05, ""noise_frames"": 6, ""threshold"": 2.0}",5.5719722790389525,9.174686747849547,3.6027144688105945,0.010441289283335209,0.00020834045426454395,0.014434003403925881,1.945380449295044,0.9759498087342081
p232_160.wav,noisy_input,{},1.734819330449345,1.734819330449345,0.0,0.051920920610427856,0.004329593852162361,0.06579964933160633,1.0862014293670654,0.8035675888566617
p232_160.wav,spectral_subtraction,"{""alpha"": 2.0, ""beta"": 0.02, ""noise_frames"": 6}",1.734819330449345,4.950837650734752,3.216018320285407,0.032382696866989136,0.002064644591882825,0.0454383603564524,1.2047464847564697,0.7533908791850346
p232_160.wav,wavelet_denoise,"{""mode"": ""soft"", ""threshold_scale"": 1.0, ""wavelet"": ""db4""}",1.734819330449345,3.6092312364900807,1.8744119060407356,0.04227721318602562,0.0028119394555687904,0.05302772346206077,1.1828094720840454,0.7761415684599413
p232_160.wav,frequency_masking,"{""mask_floor"": 0.05, ""noise_frames"": 6, ""threshold"": 2.0}",1.734819330449345,5.30003673777232,3.565217407322975,0.03260599449276924,0.001905133482068777,0.04364783479244735,1.2270430326461792,0.7941199996148185
p232_161.wav,noisy_input,{},16.35204164671746,16.35204164671746,0.0,0.010879375971853733,0.00017548656614962965,0.013247134261780156,3.395429849624634,0.9883917273342138
p232_161.wav,spectral_subtraction,"{""alpha"": 2.0, ""beta"": 0.02, ""noise_frames"": 6}",16.35204164671746,20.862645522115884,4.510603875398424,0.005983848124742508,6.211314030224457e-05,0.007881189015766883,3.4037392139434814,0.9882179413899188
p232_161.wav,wavelet_denoise,"{""mode"": ""soft"", ""threshold_scale"": 1.0, ""wavelet"": ""db4""}",16.35204164671746,16.312682774421006,-0.03935887229645374,0.010930860415101051,0.00017708417726680636,0.013307297895020099,3.1440634727478027,0.9736938579351154
p232_161.wav,frequency_masking,"{""mask_floor"": 0.05, ""noise_frames"": 6, ""threshold"": 2.0}",16.35204164671746,19.35249362796984,3.000451981252379,0.007082879543304443,8.794247696641833e-05,0.009377765030454661,3.4815917015075684,0.9886105782631172
p232_162.wav,noisy_input,{},10.19532850744522,10.19532850744522,0.0,0.025480402633547783,0.0009596108575351536,0.030977586373621066,1.4950134754180908,0.9493171872036719
p232_162.wav,spectral_subtraction,"{""alpha"": 2.0, ""beta"": 0.02, ""noise_frames"": 6}",10.19532850744522,18.984033074659376,8.788704567214156,0.007251258008182049,0.00012683079694397748,0.0112619179957935,3.362626791000366,0.947649054818871
p232_162.wav,wavelet_denoise,"{""mode"": ""soft"", ""threshold_scale"": 1.0, ""wavelet"": ""db4""}",10.19532850744522,10.225374855304583,0.03004634785936311,0.02533302828669548,0.0009529948001727462,0.03087061386128799,1.8502116203308105,0.9465967258757959
p232_162.wav,frequency_masking,"{""mask_floor"": 0.05, ""noise_frames"": 6, ""threshold"": 2.0}",10.19532850744522,13.394473843795463,3.1991453363502433,0.014922347851097584,0.0004593890334945172,0.02143336262686089,3.2303168773651123,0.9470369549443409
p232_163.wav,noisy_input,{},5.999498525211107,5.999498525211107,0.0,0.031656622886657715,0.0015220254426822066,0.039013144485957635,2.7815537452697754,0.9470221985138702
p232_163.wav,spectral_subtraction,"{""alpha"": 2.0, ""beta"": 0.02, ""noise_frames"": 6}",5.999498525211107,15.33224468897558,9.332746163764472,0.009389916434884071,0.00017747913079801947,0.013322129364257782,3.093463182449341,0.9450013516777758
p232_163.wav,wavelet_denoise,"{""mode"": ""soft"", ""threshold_scale"": 1.0, ""wavelet"": ""db4""}",5.999498525211107,6.0459589189229845,0.046460393711877934,0.03146597370505333,0.0015058297431096435,0.03880502213772907,3.0579566955566406,0.9414972722491037
p232_163.wav,frequency_masking,"{""mask_floor"": 0.05, ""noise_frames"": 6, ""threshold"": 2.0}",5.999498525211107,14.385017294062921,8.385518768851814,0.009098636917769909,0.00022073440777603537,0.014857133228723346,2.989259719848633,0.9494077520364105
p232_164.wav,noisy_input,{},1.1511820591431652,1.1511820591431652,0.0,0.053816646337509155,0.004617080558091402,0.06794910270262149,1.8257620334625244,0.9083270559233346
p232_164.wav,spectral_subtraction,"{""alpha"": 2.0, ""beta"": 0.02, ""noise_frames"": 6}",1.1511820591431652,11.896454804212588,10.745272745069423,0.013287853449583054,0.00038890200085006654,0.019720598389756497,1.7483792304992676,0.9023584380814504
p232_164.wav,wavelet_denoise,"{""mode"": ""soft"", ""threshold_scale"": 1.0, ""wavelet"": ""db4""}",1.1511820591431652,1.2557062321439942,0.10452417300082906,0.05315062031149864,0.004507285077124834,0.06713631712512114,1.9291200637817383,0.897172295880721
p232_164.wav,frequency_masking,"{""mask_floor"": 0.05, ""noise_frames"": 6, ""threshold"": 2.0}",1.1511820591431652,7.556408015841512,6.405225956698347,0.018809933215379715,0.0010564400581642985,0.0325029238402378,1.8161190748214722,0.9087921307342071
p232_165.wav,noisy_input,{},15.454397754788845,15.454397754788845,0.0,0.007531194016337395,9.080988820642233e-05,0.009529422238856998,2.3493003845214844,0.9699140197054846
p232_165.wav,spectral_subtraction,"{""alpha"": 2.0, ""beta"": 0.02, ""noise_frames"": 6}",15.454397754788845,16.808763467377638,1.354365712588793,0.005699989385902882,6.64808540022932e-05,0.008153579214203613,2.572638988494873,0.9614964517896167
p232_165.wav,wavelet_denoise,"{""mode"": ""soft"", ""threshold_scale"": 1.0, ""wavelet"": ""db4""}",15.454397754788845,15.706314581389302,0.251916826600457,0.007279565092176199,8.56922342791222e-05,0.009257010007509022,2.4427990913391113,0.9709783384731457
p232_165.wav,frequency_masking,"{""mask_floor"": 0.05, ""noise_frames"": 6, ""threshold"": 2.0}",15.454397754788845,17.25815275523886,1.8037550004500158,0.005846316926181316,5.994564708089456e-05,0.007742457431648853,2.5730130672454834,0.9657702304296046
p232_167.wav,noisy_input,{},11.333371499169596,11.333371499169596,0.0,0.014925025403499603,0.0003915129054803401,0.019786685055368423,2.7553484439849854,0.9946056713545316
p232_167.wav,spectral_subtraction,"{""alpha"": 2.0, ""beta"": 0.02, ""noise_frames"": 6}",11.333371499169596,17.224104324849677,5.890732825680081,0.007110499311238527,0.00010084928362630308,0.010042374401818679,2.920569658279419,0.9936586258863481
p232_167.wav,wavelet_denoise,"{""mode"": ""soft"", ""threshold_scale"": 1.0, ""wavelet"": ""db4""}",11.333371499169596,11.377576038672046,0.0442045395024504,0.014832593500614166,0.00038754811976104975,0.019686241890240243,2.831611156463623,0.9933136156599391
p232_167.wav,frequency_masking,"{""mask_floor"": 0.05, ""noise_frames"": 6, ""threshold"": 2.0}",11.333371499169596,16.098042872198704,4.764671373029108,0.007167007774114609,0.0001307010097661987,0.011432454231974807,2.8235127925872803,0.994579550485665
p232_169.wav,noisy_input,{},6.58985797267925,6.58985797267925,0.0,0.023267103359103203,0.0010206939186900854,0.03194830071678438,1.7071154117584229,0.9785091665816767
p232_169.wav,spectral_subtraction,"{""alpha"": 2.0, ""beta"": 0.02, ""noise_frames"": 6}",6.58985797267925,8.798813874064269,2.2089559013850186,0.01745516061782837,0.0006137619493529201,0.024774219449922537,2.2126927375793457,0.9614815678254989
p232_169.wav,wavelet_denoise,"{""mode"": ""soft"", ""threshold_scale"": 1.0, ""wavelet"": ""db4""}",6.58985797267925,6.668320960235633,0.07846298755638248,0.023015221580863,0.0010024188086390495,0.03166099822556215,1.9075472354888916,0.9778963188643871
p232_169.wav,frequency_masking,"{""mask_floor"": 0.05, ""noise_frames"": 6, ""threshold"": 2.0}",6.58985797267925,8.777773260702505,2.1879152880232544,0.01613297313451767,0.0006167427054606378,0.024834305012636004,1.8815455436706543,0.9747926743975011
p232_170.wav,noisy_input,{},0.71614254704495,0.71614254704495,0.0,0.05908743292093277,0.005887304898351431,0.07672877490453911,1.2871499061584473,0.7199636667212013
p232_170.wav,spectral_subtraction,"{""alpha"": 2.0, ""beta"": 0.02, ""noise_frames"": 6}",0.71614254704495,5.5180977949204415,4.801955247875491,0.030535176396369934,0.0019485924858599901,0.044142864495408426,1.4074783325195312,0.6849255556270969
p232_170.wav,wavelet_denoise,"{""mode"": ""soft"", ""threshold_scale"": 1.0, ""wavelet"": ""db4""}",0.71614254704495,0.8479057953943931,0.1317632483494432,0.05807548761367798,0.005711368750780821,0.0755735982389407,1.3734400272369385,0.7198857985999815
p232_170.wav,frequency_masking,"{""mask_floor"": 0.05, ""noise_frames"": 6, ""threshold"": 2.0}",0.71614254704495,3.6750129170751484,2.9588703700301986,0.03733058273792267,0.002978718839585781,0.0545776404728693,1.4391992092132568,0.7087153732082468
p232_171.wav,noisy_input,{},15.763580883673527,15.763580883673527,0.0,0.008257834240794182,9.15968994377181e-05,0.009570626909336613,2.808537721633911,0.966622128211716
p232_171.wav,spectral_subtraction,"{""alpha"": 2.0, ""beta"": 0.02, ""noise_frames"": 6}",15.763580883673527,18.57813941793081,2.8145585342572836,0.005213206168264151,4.7909859858918935e-05,0.006921694868955069,2.924772024154663,0.9585872067042727
p232_171.wav,wavelet_denoise,"{""mode"": ""soft"", ""threshold_scale"": 1.0, ""wavelet"": ""db4""}",15.763580883673527,15.819675595449178,0.05609471177565162,0.008199787698686123,9.042141027748585e-05,0.0095090173139755,3.092726707458496,0.9701493642933383
p232_171.wav,frequency_masking,"{""mask_floor"": 0.05, ""noise_frames"": 6, ""threshold"": 2.0}",15.763580883673527,21.72581332822299,5.962232444549464,0.003806512802839279,2.32090587815037e-05,0.004817578103311217,2.7517166137695312,0.9596142109794892
p232_172.wav,noisy_input,{},10.863763336298684,10.863763336298684,0.0,0.01828392595052719,0.0005496170488186181,0.02344391283081001,3.780348300933838,0.9803233613267035
p232_172.wav,spectral_subtraction,"{""alpha"": 2.0, ""beta"": 0.02, ""noise_frames"": 6}",10.863763336298684,20.44117215218155,9.577408815882867,0.005885404068976641,6.057861173758283e-05,0.007783226306460762,3.806946039199829,0.9795490612193181
p232_172.wav,wavelet_denoise,"{""mode"": ""soft"", ""threshold_scale"": 1.0, ""wavelet"": ""db4""}",10.863763336298684,10.876568106982438,0.012804770683754185,0.018253423273563385,0.0005479989340528846,0.02340937705392616,3.840648889541626,0.9823834605001247
p232_172.wav,frequency_masking,"{""mask_floor"": 0.05, ""noise_frames"": 6, ""threshold"": 2.0}",10.863763336298684,16.602269334634283,5.738505998335599,0.007741877809166908,0.00014662553439848125,0.01210890310467803,3.9013044834136963,0.9801826707157946
p232_173.wav,noisy_input,{},5.926814758257938,5.926814758257938,0.0,0.025004412978887558,0.0009068579529412091,0.030114082302823194,2.12507963180542,0.9133447610555653
p232_173.wav,spectral_subtraction,"{""alpha"": 2.0, ""beta"": 0.02, ""noise_frames"": 6}",5.926814758257938,14.966309154572757,9.039494396314819,0.0068648094311356544,0.00011313313734717667,0.01063640622330572,2.216907024383545,0.9042306017055077
p232_173.wav,wavelet_denoise,"{""mode"": ""soft"", ""threshold_scale"": 1.0, ""wavelet"": ""db4""}",5.926814758257938,5.990849303389844,0.0640345451319062,0.024824155494570732,0.000893584918230772,0.029892890764039063,2.213634729385376,0.917294018132958
p232_173.wav,frequency_masking,"{""mask_floor"": 0.05, ""noise_frames"": 6, ""threshold"": 2.0}",5.926814758257938,12.542048038117478,6.615233279859541,0.008017963729798794,0.00019770422659348696,0.014060733501261125,2.293795108795166,0.9111026507717908
p232_174.wav,noisy_input,{},0.930134893901569,0.930134893901569,0.0,0.07161684334278107,0.007546737790107727,0.08687196204822202,1.5627670288085938,0.8859205888352072
p232_174.wav,spectral_subtraction,"{""alpha"": 2.0, ""beta"": 0.02, ""noise_frames"": 6}",0.930134893901569,7.903982092704263,6.973847198802694,0.02820477820932865,0.0015148670645430684,0.03892129320234707,1.7177023887634277,0.8795540309949227
p232_174.wav,wavelet_denoise,"{""mode"": ""soft"", ""threshold_scale"": 1.0, ""wavelet"": ""db4""}",0.930134893901569,1.0316343652929554,0.10149947139138638,0.07082884013652802,0.007372407242655754,0.08586272324271899,1.702972412109375,0.8880938294562212
p232_174.wav,frequency_masking,"{""mask_floor"": 0.05, ""noise_frames"": 6, ""threshold"": 2.0}",0.930134893901569,3.593902513392967,2.663767619491398,0.04850570112466812,0.004086791537702084,0.06392801840900501,1.6909174919128418,0.8840760241803608
p232_175.wav,noisy_input,{},16.526595873478538,16.526595873478538,0.0,0.006514198612421751,7.379212911473587e-05,0.008590234520357164,2.3765947818756104,0.9903155425308892
p232_175.wav,spectral_subtraction,"{""alpha"": 2.0, ""beta"": 0.02, ""noise_frames"": 6}",16.526595873478538,17.681182202287523,1.1545863288089855,0.005466912407428026,5.6565470003988594e-05,0.007521001928200032,2.775834798812866,0.9857474028282054
p232_175.wav,wavelet_denoise,"{""mode"": ""soft"", ""threshold_scale"": 1.0, ""wavelet"": ""db4""}",16.526595873478538,16.583589304229555,0.05699343075101737,0.006473101209849119,7.283006561920047e-05,0.008534053293670041,2.547283887863159,0.9902911372972243
p232_175.wav,frequency_masking,"{""mask_floor"": 0.05, ""noise_frames"": 6, ""threshold"": 2.0}",16.526595873478538,17.242194265324652,0.7155983918461146,0.0057885353453457355,6.258211215026677e-05,0.00791088567420025,2.806734323501587,0.9890691173679719
p232_176.wav,noisy_input,{},11.374123877705442,11.374123877705442,0.0,0.0125353978946805,0.0002578633138909936,0.01605812298779012,1.4618401527404785,0.9243123571179238
p232_176.wav,spectral_subtraction,"{""alpha"": 2.0, ""beta"": 0.02, ""noise_frames"": 6}",11.374123877705442,12.038922656931316,0.6647987792258743,0.010146048851311207,0.00022126344265416265,0.01487492664365652,1.8015613555908203,0.9020891077094231
p232_176.wav,wavelet_denoise,"{""mode"": ""soft"", ""threshold_scale"": 1.0, ""wavelet"": ""db4""}",11.374123877705442,11.882883606101906,0.5087597283964644,0.01179036870598793,0.00022935782908461988,0.015144564341195817,1.558286428451538,0.9229398002541551
p232_176.wav,frequency_masking,"{""mask_floor"": 0.05, ""noise_frames"": 6, ""threshold"": 2.0}",11.374123877705442,14.257098024774052,2.8829741470686105,0.008447626605629921,0.00013276761455927044,0.011522483003210309,1.7454116344451904,0.9138628512382151
p232_177.wav,noisy_input,{},5.258487648665372,5.258487648665372,0.0,0.0317043773829937,0.0016246289014816284,0.04030668556804973,1.3358776569366455,0.7915494508146437
p232_177.wav,spectral_subtraction,"{""alpha"": 2.0, ""beta"": 0.02, ""noise_frames"": 6}",5.258487648665372,9.5064478967359,4.247960248070528,0.01671409234404564,0.0006108831730671227,0.02471605091973883,1.4071928262710571,0.7784304830935352
p232_177.wav,wavelet_denoise,"{""mode"": ""soft"", ""threshold_scale"": 1.0, ""wavelet"": ""db4""}",5.258487648665372,5.807832027894419,0.5493443792290469,0.029757648706436157,0.0014315935550257564,0.03783640515463588,1.389739990234375,0.7919107483207886
p232_177.wav,frequency_masking,"{""mask_floor"": 0.05, ""noise_frames"": 6, ""threshold"": 2.0}",5.258487648665372,9.545149549488007,4.286661900822636,0.01861167699098587,0.0006054635159671307,0.024606168250402797,1.3719223737716675,0.7889734323611427
p232_178.wav,noisy_input,{},0.8699339920842761,0.8699339920842761,0.0,0.05112558603286743,0.005361783783882856,0.07322420217307155,1.2446753978729248,0.7849650955636448
p232_178.wav,spectral_subtraction,"{""alpha"": 2.0, ""beta"": 0.02, ""noise_frames"": 6}",0.8699339920842761,3.641631460385551,2.7716974683012747,0.0309551190584898,0.0028323018923401833,0.05321937515924236,1.397979497909546,0.7678115338605954
p232_178.wav,wavelet_denoise,"{""mode"": ""soft"", ""threshold_scale"": 1.0, ""wavelet"": ""db4""}",0.8699339920842761,1.120239066866527,0.25030507478225084,0.0490339957177639,0.005061494652181864,0.07114418213868133,1.3032622337341309,0.7904324102593914
p232_178.wav,frequency_masking,"{""mask_floor"": 0.05, ""noise_frames"": 6, ""threshold"": 2.0}",0.8699339920842761,1.9598259295937308,1.0898919375094547,0.04066215083003044,0.004171767272055149,0.06458921947241002,1.3222320079803467,0.7804725685647644
p232_179.wav,noisy_input,{},16.57012094338935,16.57012094338935,0.0,0.00954523403197527,0.0001430906413588673,0.01196205004833483,2.0257883071899414,0.9702628641462501
p232_179.wav,spectral_subtraction,"{""alpha"": 2.0, ""beta"": 0.02, ""noise_frames"": 6}",16.57012094338935,16.23219080490958,-0.33793013847976994,0.008703661151230335,0.00015466933837160468,0.012436612817467812,2.6303186416625977,0.9698183712326058
p232_179.wav,wavelet_denoise,"{""mode"": ""soft"", ""threshold_scale"": 1.0, ""wavelet"": ""db4""}",16.57012094338935,16.48562429484514,-0.08449664854421002,0.009647808969020844,0.0001459018822060898,0.012078985148020084,2.045367956161499,0.9504102344305181
p232_179.wav,frequency_masking,"{""mask_floor"": 0.05, ""noise_frames"": 6, ""threshold"": 2.0}",16.57012094338935,20.646238545794823,4.076117602405471,0.005694253370165825,5.5975691793719307e-05,0.007481690436907912,2.6671931743621826,0.9726413038127647
p232_180.wav,noisy_input,{},11.400406769395053,11.400406769395053,0.0,0.015635468065738678,0.0003881310694850981,0.019701042345142507,2.083427667617798,0.9722436124720801
p232_180.wav,spectral_subtraction,"{""alpha"": 2.0, ""beta"": 0.02, ""noise_frames"": 6}",11.400406769395053,11.662959536394633,0.26255276699957975,0.013067305088043213,0.00036536180414259434,0.019114439676396332,2.362251043319702,0.9619548964303896
p232_180.wav,wavelet_denoise,"{""mode"": ""soft"", ""threshold_scale"": 1.0, ""wavelet"": ""db4""}",11.400406769395053,11.634455798827581,0.23404902943252814,0.015204147435724735,0.00036776764318346977,0.01917726891878689,1.9964020252227783,0.9589960883047262
p232_180.wav,frequency_masking,"{""mask_floor"": 0.05, ""noise_frames"": 6, ""threshold"": 2.0}",11.400406769395053,15.284631503576492,3.884224734181439,0.009331787936389446,0.00015869233175180852,0.012597314465861703,2.456768274307251,0.970544845062282
p232_181.wav,noisy_input,{},5.638724450797738,5.638724450797738,0.0,0.02899913489818573,0.0012970392126590014,0.03601443061689302,1.738539457321167,0.9755599827110941
p232_181.wav,spectral_subtraction,"{""alpha"": 2.0, ""beta"": 0.02, ""noise_frames"": 6}",5.638724450797738,10.070244208440142,4.431519757642405,0.013791217468678951,0.00046752102207392454,0.021622234437585874,2.019188165664673,0.9592227359527856
p232_181.wav,wavelet_denoise,"{""mode"": ""soft"", ""threshold_scale"": 1.0, ""wavelet"": ""db4""}",5.638724450797738,6.194044282738539,0.5553198319408015,0.027163615450263023,0.001141355955041945,0.03378396002605297,1.8491766452789307,0.9590096633686986
p232_181.wav,frequency_masking,"{""mask_floor"": 0.05, ""noise_frames"": 6, ""threshold"": 2.0}",5.638724450797738,11.34050381051293,5.701779359715192,0.013632668182253838,0.00034895961289294064,0.01868046072485742,2.111140012741089,0.9732161594298727
p232_182.wav,noisy_input,{},1.201402017533085,1.201402017533085,0.0,0.05221323296427727,0.0042426856234669685,0.06513590118718685,1.297173261642456,0.9171927862176735
p232_182.wav,spectral_subtraction,"{""alpha"": 2.0, ""beta"": 0.02, ""noise_frames"": 6}",1.201402017533085,6.401593021453057,5.200191003919972,0.026180172339081764,0.001281214295886457,0.03579405391802467,1.3304964303970337,0.8953897934338982
p232_182.wav,wavelet_denoise,"{""mode"": ""soft"", ""threshold_scale"": 1.0, ""wavelet"": ""db4""}",1.201402017533085,2.0636004713039506,0.8621984537708656,0.04732669144868851,0.0034787324257194996,0.0589807801382747,1.3293328285217285,0.8913908510934005
p232_182.wav,frequency_masking,"{""mask_floor"": 0.05, ""noise_frames"": 6, ""threshold"": 2.0}",1.201402017533085,4.255636760131366,3.0542347425982808,0.03528210148215294,0.0020999908447265625,0.04582565705722682,1.3801994323730469,0.9127867205487428
p232_183.wav,noisy_input,{},14.912859491614821,14.912859491614821,0.0,0.009668455459177494,0.00014217830903362483,0.011923854621456302,3.0476269721984863,0.9662379528177014
p232_183.wav,spectral_subtraction,"{""alpha"": 2.0, ""beta"": 0.02, ""noise_frames"": 6}",14.912859491614821,20.670538297265743,5.757678805650922,0.004625222645699978,3.776291123358533e-05,0.006145153475185574,3.783780813217163,0.9637432939594541
p232_183.wav,wavelet_denoise,"{""mode"": ""soft"", ""threshold_scale"": 1.0, ""wavelet"": ""db4""}",14.912859491614821,14.959532227132843,0.046672735518022535,0.009611144661903381,0.00014065853611100465,0.011859955147933934,3.655134677886963,0.9632053218746714
p232_183.wav,frequency_masking,"{""mask_floor"": 0.05, ""noise_frames"": 6, ""threshold"": 2.0}",14.912859491614821,17.314564785815328,2.4017052942005073,0.006741098593920469,8.178295684047043e-05,0.009043392993808819,3.4676201343536377,0.9681939033499174
p232_184.wav,noisy_input,{},10.90717073951627,10.90717073951627,0.0,0.020781124010682106,0.000681480742059648,0.026105186114250327,2.6531386375427246,0.9808670836193742
p232_184.wav,spectral_subtraction,"{""alpha"": 2.0, ""beta"": 0.02, ""noise_frames"": 6}",10.90717073951627,14.83517743081778,3.92800669130151,0.012453894130885601,0.0002758372575044632,0.016608349030065066,2.906102180480957,0.9655326798456044
p232_184.wav,wavelet_denoise,"{""mode"": ""soft"", ""threshold_scale"": 1.0, ""wavelet"": ""db4""}",10.90717073951627,10.98779712499252,0.08062638547625056,0.020624972879886627,0.0006689458386972547,0.025863987293092583,2.641627788543701,0.9717276716468217
p232_184.wav,frequency_masking,"{""mask_floor"": 0.05, ""noise_frames"": 6, ""threshold"": 2.0}",10.90717073951627,12.333920366081326,1.4267496265650568,0.01662246696650982,0.0004906576941721141,0.022150794436591074,3.1700103282928467,0.973403895806622
p232_185.wav,noisy_input,{},6.303160157690919,6.303160157690919,0.0,0.02933773212134838,0.0014390257420018315,0.037934492773751854,2.3621511459350586,0.9959312565972562
p232_185.wav,spectral_subtraction,"{""alpha"": 2.0, ""beta"": 0.02, ""noise_frames"": 6}",6.303160157690919,11.814006409831874,5.510846252140955,0.013624087907373905,0.0004045609093736857,0.02011369954468063,2.413278102874756,0.9858805194831348
p232_185.wav,wavelet_denoise,"{""mode"": ""soft"", ""threshold_scale"": 1.0, ""wavelet"": ""db4""}",6.303160157690919,6.365133136433117,0.061972978742198315,0.029064297676086426,0.001418636878952384,0.03766479628183835,2.5361993312835693,0.9916210211205981
p232_185.wav,frequency_masking,"{""mask_floor"": 0.05, ""noise_frames"": 6, ""threshold"": 2.0}",6.303160157690919,9.226900571408642,2.9237404137177228,0.017585402354598045,0.0007339973817579448,0.027092386047706186,2.69316029548645,0.9938770600491651
p232_186.wav,noisy_input,{},0.21623265575787787,0.21623265575787787,0.0,0.05644971504807472,0.004910939373075962,0.07007809481625454,1.392624020576477,0.8638765380099047
p232_186.wav,spectral_subtraction,"{""alpha"": 2.0, ""beta"": 0.02, ""noise_frames"": 6}",0.21623265575787787,6.91964866745851,6.703416011700632,0.021088801324367523,0.0010491147404536605,0.032390040760296376,1.4984619617462158,0.8648244454384867
p232_186.wav,wavelet_denoise,"{""mode"": ""soft"", ""threshold_scale"": 1.0, ""wavelet"": ""db4""}",0.21623265575787787,0.4510578531782038,0.23482519742032593,0.055153265595436096,0.00465245358645916,0.06820889668114534,1.4996882677078247,0.8634017507981985
p232_186.wav,frequency_masking,"{""mask_floor"": 0.05, ""noise_frames"": 6, ""threshold"": 2.0}",0.21623265575787787,3.3202880689854375,3.1040554132275595,0.034323710948228836,0.0024030290078371763,0.04902069978934589,1.452597975730896,0.8664243377217414
p232_187.wav,noisy_input,{},14.698204683972868,14.698204683972868,0.0,0.012231336906552315,0.0002518893452361226,0.015871022186240008,2.1901533603668213,0.7450924853971919
p232_187.wav,spectral_subtraction,"{""alpha"": 2.0, ""beta"": 0.02, ""noise_frames"": 6}",14.698204683972868,16.322955937212846,1.6247512532399782,0.009733385406434536,0.00017327451496385038,0.013163377794618309,2.4689762592315674,0.7355174482080118
p232_187.wav,wavelet_denoise,"{""mode"": ""soft"", ""threshold_scale"": 1.0, ""wavelet"": ""db4""}",14.698204683972868,15.199535901506858,0.5013312175339895,0.011624042876064777,0.00022442781482823193,0.014980915019725328,2.512190580368042,0.7463108610367916
p232_187.wav,frequency_masking,"{""mask_floor"": 0.05, ""noise_frames"": 6, ""threshold"": 2.0}",14.698204683972868,17.181503863261764,2.4832991792888954,0.008895090781152248,0.00014219354488886893,0.011924493485631536,2.4210104942321777,0.7398330233068678
p232_188.wav,noisy_input,{},11.241118705790264,11.241118705790264,0.0,0.01882195472717285,0.0005864416598342359,0.024216557555404854,2.3810954093933105,0.916085362724558
p232_188.wav,spectral_subtraction,"{""alpha"": 2.0, ""beta"": 0.02, ""noise_frames"": 6}",11.241118705790264,13.635295482050086,2.3941767762598225,0.012972738593816757,0.00033791473833844066,0.018382457353097292,2.5500919818878174,0.9027369186341213
p232_188.wav,wavelet_denoise,"{""mode"": ""soft"", ""threshold_scale"": 1.0, ""wavelet"": ""db4""}",11.241118705790264,11.349405190841908,0.10828648505164473,0.018551183864474297,0.0005720002227462828,0.023916526142947325,2.457956314086914,0.9169019028564903
p232_188.wav,frequency_masking,"{""mask_floor"": 0.05, ""noise_frames"": 6, ""threshold"": 2.0}",11.241118705790264,16.842726881003912,5.601608175213649,0.008801877498626709,0.00016145965491887182,0.012706677572004093,2.7443289756774902,0.9115851530797481
p232_189.wav,noisy_input,{},6.1462194476229595,6.1462194476229595,0.0,0.030970390886068344,0.0015612335409969091,0.039512447924633945,1.6897796392440796,0.858689173201328
p232_189.wav,spectral_subtraction,"{""alpha"": 2.0, ""beta"": 0.02, ""noise_frames"": 6}",6.1462194476229595,8.5717200738959,2.4255006262729406,0.02117978408932686,0.0008931364282034338,0.029885388205667225,1.5960062742233276,0.8254199566767231
p232_189.wav,wavelet_denoise,"{""mode"": ""soft"", ""threshold_scale"": 1.0, ""wavelet"": ""db4""}",6.1462194476229595,6.364708719204852,0.2184892715818929,0.03018971160054207,0.0014846323756501079,0.03853092752127968,1.755720853805542,0.853466911857398
p232_189.wav,frequency_masking,"{""mask_floor"": 0.05, ""noise_frames"": 6, ""threshold"": 2.0}",6.1462194476229595,8.553136919254175,2.406917471631216,0.02166006527841091,0.0008969663176685572,0.029949395948308494,1.7842471599578857,0.846339558788467
p232_190.wav,noisy_input,{},0.650141200999248,0.650141200999248,0.0,0.050448767840862274,0.004131789784878492,0.06427899956345379,1.482722520828247,0.9693329117357911
p232_190.wav,spectral_subtraction,"{""alpha"": 2.0, ""beta"": 0.02, ""noise_frames"": 6}",0.650141200999248,7.155774030644732,6.505632829645484,0.02010328881442547,0.0009237935882993042,0.030393972894297714,1.724183201789856,0.9576185953800421
p232_190.wav,wavelet_denoise,"{""mode"": ""soft"", ""threshold_scale"": 1.0, ""wavelet"": ""db4""}",0.650141200999248,0.7718762880520755,0.12173508705282754,0.04972987622022629,0.004017581697553396,0.06338439632554212,1.5623395442962646,0.9691063844579861
p232_190.wav,frequency_masking,"{""mask_floor"": 0.05, ""noise_frames"": 6, ""threshold"": 2.0}",0.650141200999248,3.597964842586859,2.947823641587611,0.03153672441840172,0.0020958289969712496,0.0457802249554461,1.7345120906829834,0.9673700907289038
p232_191.wav,noisy_input,{},15.601300432659908,15.601300432659908,0.0,0.008768516592681408,9.928892541211098e-05,0.009964382841506593,3.196770191192627,0.9593117321815343
p232_191.wav,spectral_subtraction,"{""alpha"": 2.0, ""beta"": 0.02, ""noise_frames"": 6}",15.601300432659908,20.81291574329411,5.211615310634201,0.003937133122235537,2.990468783536926e-05,0.005468517882879168,3.052400827407837,0.9567821347368848
p232_191.wav,wavelet_denoise,"{""mode"": ""soft"", ""threshold_scale"": 1.0, ""wavelet"": ""db4""}",15.601300432659908,15.650483252169291,0.04918281950938308,0.008701353333890438,9.817084355745465e-05,0.009908120081905277,3.326643466949463,0.9561809523040341
p232_191.wav,frequency_masking,"{""mask_floor"": 0.05, ""noise_frames"": 6, ""threshold"": 2.0}",15.601300432659908,22.481488032349187,6.880187599689279,0.003578160423785448,2.0364888769108802e-05,0.004512747363758445,3.249166965484619,0.956649545541907
p232_193.wav,noisy_input,{},10.992638482858636,10.992638482858636,0.0,0.01724877394735813,0.0003927159705199301,0.019817062610788968,2.396028995513916,0.9649347576435963
p232_193.wav,spectral_subtraction,"{""alpha"": 2.0, ""beta"": 0.02, ""noise_frames"": 6}",10.992638482858636,19.693679215396756,8.70104073253812,0.005513740703463554,5.296323433867656e-05,0.007277584375235821,2.6204655170440674,0.9653490536891137
p232_193.wav,wavelet_denoise,"{""mode"": ""soft"", ""threshold_scale"": 1.0, ""wavelet"": ""db4""}",10.992638482858636,11.0512803115743,0.0586418287156647,0.017100801691412926,0.00038744884659536183,0.01968372034436991,2.562291145324707,0.9701548762214985
p232_193.wav,frequency_masking,"{""mask_floor"": 0.05, ""noise_frames"": 6, ""threshold"": 2.0}",10.992638482858636,19.550756671615645,8.558118188757009,0.005857423879206181,5.473520286614075e-05,0.007398324328261147,2.5890889167785645,0.9650751893273415
p232_194.wav,noisy_input,{},6.629687886035303,6.629687886035303,0.0,0.03127262741327286,0.0012913068057969213,0.03593475762819225,2.1208205223083496,0.9747785696887978
p232_194.wav,spectral_subtraction,"{""alpha"": 2.0, ""beta"": 0.02, ""noise_frames"": 6}",6.629687886035303,13.386893925701228,6.757206039665926,0.01205376535654068,0.00027246380341239274,0.01650647761978287,2.0100319385528564,0.9564351190932759
p232_194.wav,wavelet_denoise,"{""mode"": ""soft"", ""threshold_scale"": 1.0, ""wavelet"": ""db4""}",6.629687886035303,6.697208318153171,0.06752043211786862,0.031031040474772453,0.001271385932341218,0.03565649915991779,2.3192036151885986,0.9763284994671619
p232_194.wav,frequency_masking,"{""mask_floor"": 0.05, ""noise_frames"": 6, ""threshold"": 2.0}",6.629687886035303,13.295180448257526,6.665492562222223,0.012885202653706074,0.0002782788360491395,0.016681691642310724,2.226200580596924,0.9676463851212121
p232_195.wav,noisy_input,{},1.0187693252329342,1.0187693252329342,0.0,0.05826607346534729,0.005086848046630621,0.07132214275125658,2.6460258960723877,0.955927298461725
p232_195.wav,spectral_subtraction,"{""alpha"": 2.0, ""beta"": 0.02, ""noise_frames"": 6}",1.0187693252329342,11.613672648182208,10.594903322949273,0.014620644971728325,0.00044356618309393525,0.02106101097036738,2.5170905590057373,0.9465010252163035
p232_195.wav,wavelet_denoise,"{""mode"": ""soft"", ""threshold_scale"": 1.0, ""wavelet"": ""db4""}",1.0187693252329342,1.0370934508007288,0.018324125567794614,0.05815153941512108,0.005065430421382189,0.07117183727698892,2.598780632019043,0.9562143094149522
p232_195.wav,frequency_masking,"{""mask_floor"": 0.05, ""noise_frames"": 6, ""threshold"": 2.0}",1.0187693252329342,8.517505592392748,7.4987362671598135,0.019271383062005043,0.0009048469364643097,0.030080673803362677,2.893841028213501,0.9549933185617507
p232_196.wav,noisy_input,{},15.149598085762355,15.149598085762355,0.0,0.007812113501131535,0.000115643058961723,0.010753746275681,2.2923078536987305,0.9847701780879339
p232_196.wav,spectral_subtraction,"{""alpha"": 2.0, ""beta"": 0.02, ""noise_frames"": 6}",15.149598085762355,16.553878816716693,1.4042807309543388,0.006284251343458891,8.369345596292987e-05,0.009148412756480212,2.6256966590881348,0.9804225613064211
p232_196.wav,wavelet_denoise,"{""mode"": ""soft"", ""threshold_scale"": 1.0, ""wavelet"": ""db4""}",15.149598085762355,15.293090022689961,0.14349193692760664,0.0076470947824418545,0.00011188461940037087,0.010577552618652902,2.467897653579712,0.9853077577584152
p232_196.wav,frequency_masking,"{""mask_floor"": 0.05, ""noise_frames"": 6, ""threshold"": 2.0}",15.149598085762355,19.56290895395055,4.413310868188196,0.00448143994435668,4.1858966142171994e-05,0.0064698505502192236,2.472050666809082,0.9843421257419788
p232_197.wav,noisy_input,{},11.338102013726363,11.338102013726363,0.0,0.014185686595737934,0.00046419884893111885,0.021545274399067626,2.2265655994415283,0.9659444489510691
p232_197.wav,spectral_subtraction,"{""alpha"": 2.0, ""beta"": 0.02, ""noise_frames"": 6}",11.338102013726363,13.461481534259608,2.123379520533245,0.010404057800769806,0.00028468601522035897,0.016872641026832728,2.4745967388153076,0.9612317306889883
p232_197.wav,wavelet_denoise,"{""mode"": ""soft"", ""threshold_scale"": 1.0, ""wavelet"": ""db4""}",11.338102013726363,11.43433803981495,0.09623602608858661,0.013902133330702782,0.0004540257214102894,0.02130787932691307,2.370893716812134,0.9646895912783292
p232_197.wav,frequency_masking,"{""mask_floor"": 0.05, ""noise_frames"": 6, ""threshold"": 2.0}",11.338102013726363,12.39115344980341,1.0530514360770464,0.011159521527588367,0.000364249455742538,0.019085320425461502,2.542614459991455,0.9643290387708422
p232_198.wav,noisy_input,{},5.560571034029192,5.560571034029192,0.0,0.02167927473783493,0.0007910786080174148,0.028126119675799838,1.4426783323287964,0.9571155511622794
p232_198.wav,spectral_subtraction,"{""alpha"": 2.0, ""beta"": 0.02, ""noise_frames"": 6}",5.560571034029192,8.214090850081735,2.653519816052543,0.01476654876023531,0.00042940553976222873,0.020722102686798673,1.4969849586486816,0.9421294962417134
p232_198.wav,wavelet_denoise,"{""mode"": ""soft"", ""threshold_scale"": 1.0, ""wavelet"": ""db4""}",5.560571034029192,5.903784185963796,0.343213151934604,0.020799720659852028,0.0007309679058380425,0.027036418139946766,1.5353742837905884,0.9597467818608795
p232_198.wav,frequency_masking,"{""mask_floor"": 0.05, ""noise_frames"": 6, ""threshold"": 2.0}",5.560571034029192,7.273938048460015,1.7133670144308226,0.017035042867064476,0.0005331911379471421,0.023090931941936475,1.570675253868103,0.9552195672383885
p232_199.wav,noisy_input,{},1.1641909255670788,1.1641909255670788,0.0,0.038625456392765045,0.002443909179419279,0.04943590981684548,1.1709036827087402,0.8481810365724679
p232_199.wav,spectral_subtraction,"{""alpha"": 2.0, ""beta"": 0.02, ""noise_frames"": 6}",1.1641909255670788,7.973480892595974,6.809289967028896,0.01520643848925829,0.0005095139495097101,0.02257241567731974,1.3909820318222046,0.8299404356034411
p232_199.wav,wavelet_denoise,"{""mode"": ""soft"", ""threshold_scale"": 1.0, ""wavelet"": ""db4""}",1.1641909255670788,1.5395875474975587,0.37539662193047985,0.036870699375867844,0.002241534413769841,0.04734484569380115,1.2377978563308716,0.8534525278694174
p232_199.wav,frequency_masking,"{""mask_floor"": 0.05, ""noise_frames"": 6, ""threshold"": 2.0}",1.1641909255670788,8.336169663061483,7.171978737494404,0.01634916663169861,0.00046869160723872483,0.021649286529553922,1.29868745803833,0.8457568205185413
p232_200.wav,noisy_input,{},16.1381496975521,16.1381496975521,0.0,0.008567966520786285,0.00011463682312751189,0.010706858695598438,2.527629852294922,0.9846321229114438
p232_200.wav,spectral_subtraction,"{""alpha"": 2.0, ""beta"": 0.02, ""noise_frames"": 6}",16.1381496975521,20.349081048117405,4.210931350565303,0.005036712158471346,4.3474141421029344e-05,0.006593492353906945,2.822909116744995,0.9865085499524289
p232_200.wav,wavelet_denoise,"{""mode"": ""soft"", ""threshold_scale"": 1.0, ""wavelet"": ""db4""}",16.1381496975521,16.153653690550872,0.015503992998770144,0.00848784577101469,0.00011422831448726356,0.010687764709576253,2.5069658756256104,0.9727042422491994
p232_200.wav,frequency_masking,"{""mask_floor"": 0.05, ""noise_frames"": 6, ""threshold"": 2.0}",16.1381496975521,19.18551689196617,3.0473671944140683,0.005630122032016516,5.683127892552875e-05,0.007538652328203547,2.6500823497772217,0.9865644952189899
p232_201.wav,noisy_input,{},11.312728992308092,11.312728992308092,0.0,0.012521712109446526,0.00024857182870619,0.015766160874042544,2.202463150024414,0.9875142509986364
p232_201.wav,spectral_subtraction,"{""alpha"": 2.0, ""beta"": 0.02, ""noise_frames"": 6}",11.312728992308092,15.047255462156404,3.734526469848312,0.007361409720033407,0.0001051960134645924,0.010256510784111349,2.6733086109161377,0.9873384315247891
p232_201.wav,wavelet_denoise,"{""mode"": ""soft"", ""threshold_scale"": 1.0, ""wavelet"": ""db4""}",11.312728992308092,11.558544619676836,0.24581562736874396,0.01207937952131033,0.00023489314480684698,0.015326224088367198,1.8886481523513794,0.9662788007081754
p232_201.wav,frequency_masking,"{""mask_floor"": 0.05, ""noise_frames"": 6, ""threshold"": 2.0}",11.312728992308092,14.964935468327003,3.652206476018911,0.007583292201161385,0.00010720900900196284,0.010354178335433615,2.4565348625183105,0.9885069290600207
p232_202.wav,noisy_input,{},6.4903683392778095,6.4903683392778095,0.0,0.02648601494729519,0.0011153776431456208,0.03339726999539964,1.5580055713653564,0.9043009709015171
p232_202.wav,spectral_subtraction,"{""alpha"": 2.0, ""beta"": 0.02, ""noise_frames"": 6}",6.4903683392778095,10.085793878592161,3.595425539314352,0.01572309248149395,0.00048739308840595186,0.02207698096221383,1.7111181020736694,0.8622846351817751
p232_202.wav,wavelet_denoise,"{""mode"": ""soft"", ""threshold_scale"": 1.0, ""wavelet"": ""db4""}",6.4903683392778095,7.294907011782982,0.8045386725051724,0.02429853193461895,0.0009267616551369429,0.030442760307451473,1.793498158454895,0.8708404888578976
p232_202.wav,frequency_masking,"{""mask_floor"": 0.05, ""noise_frames"": 6, ""threshold"": 2.0}",6.4903683392778095,9.699064591379255,3.2086962521014453,0.017200367525219917,0.0005327853723429143,0.02308214401529707,1.9619805812835693,0.8808619168368054
p232_203.wav,noisy_input,{},0.862001762436433,0.862001762436433,0.0,0.04967525601387024,0.004103075247257948,0.0640552515197462,1.1095995903015137,0.8434125255008061
p232_203.wav,spectral_subtraction,"{""alpha"": 2.0, ""beta"": 0.02, ""noise_frames"": 6}",0.862001762436433,5.580296367096102,4.718294604659668,0.02492825873196125,0.0013844587374478579,0.03720831543415877,1.1758784055709839,0.8128214039723801
p232_203.wav,wavelet_denoise,"{""mode"": ""soft"", ""threshold_scale"": 1.0, ""wavelet"": ""db4""}",0.862001762436433,2.595950867219713,1.7339491047832802,0.040872760117053986,0.0027524190954864025,0.05246350250875748,1.1601309776306152,0.8389041908453208
p232_203.wav,frequency_masking,"{""mask_floor"": 0.05, ""noise_frames"": 6, ""threshold"": 2.0}",0.862001762436433,4.473073629458749,3.6110718670223165,0.029783889651298523,0.0017864970723167062,0.042266973777604494,1.155303716659546,0.8325701663817481
p232_204.wav,noisy_input,{},16.529831015407396,16.529831015407396,0.0,0.008962636813521385,0.00012432514631655067,0.011150118668272131,3.7006003856658936,0.9996653587150129
p232_204.wav,spectral_subtraction,"{""alpha"": 2.0, ""beta"": 0.02, ""noise_frames"": 6}",16.529831015407396,21.428690911595496,4.8988598961881,0.004736793227493763,4.024138979730196e-05,0.006343610154896182,3.810422420501709,0.9995398417300014
p232_204.wav,wavelet_denoise,"{""mode"": ""soft"", ""threshold_scale"": 1.0, ""wavelet"": ""db4""}",16.529831015407396,16.461214685859268,-0.06861632954812791,0.009052312932908535,0.00012630502169486135,0.01123855069369985,3.5603301525115967,0.9945558737367746
p232_204.wav,frequency_masking,"{""mask_floor"": 0.05, ""noise_frames"": 6, ""threshold"": 2.0}",16.529831015407396,18.70489914487517,2.1750681294677747,0.0063911196775734425,7.53446074668318e-05,0.008680127157296246,3.702458381652832,0.9996893155770785
p232_205.wav,noisy_input,{},10.601426907604626,10.601426907604626,0.0,0.01622082106769085,0.0003848388441838324,0.01961730981005888,3.6535964012145996,0.9765720163626991
p232_205.wav,spectral_subtraction,"{""alpha"": 2.0, ""beta"": 0.02, ""noise_frames"": 6}",10.601426907604626,20.171069164913888,9.569642257309262,0.005010591819882393,4.2492734792176634e-05,0.00651864516538342,3.883894443511963,0.9735581712414337
p232_205.wav,wavelet_denoise,"{""mode"": ""soft"", ""threshold_scale"": 1.0, ""wavelet"": ""db4""}",10.601426907604626,10.611250237559098,0.00982332995447166,0.016205664724111557,0.0003839693672489375,0.01959513631616115,3.3931407928466797,0.9666853050689062
p232_205.wav,frequency_masking,"{""mask_floor"": 0.05, ""noise_frames"": 6, ""threshold"": 2.0}",10.601426907604626,22.23367747549229,11.632250567887663,0.0038745084311813116,2.642736399138812e-05,0.005140755196601772,3.630295991897583,0.9741906632748046
p232_206.wav,noisy_input,{},6.3166395287520025,6.3166395287520025,0.0,0.03444630280137062,0.001772914663888514,0.04210599320629445,2.6540658473968506,0.9572876646633317
p232_206.wav,spectral_subtraction,"{""alpha"": 2.0, ""beta"": 0.02, ""noise_frames"": 6}",6.3166395287520025,9.655456094038778,3.338816565286775,0.021291570737957954,0.0008218757575377822,0.028668375565033016,3.0480785369873047,0.9608134343106671
p232_206.wav,wavelet_denoise,"{""mode"": ""soft"", ""threshold_scale"": 1.0, ""wavelet"": ""db4""}",6.3166395287520025,6.357157458160573,0.04051792940857091,0.03425581753253937,0.0017564509762451053,0.041910034314530276,2.563232660293579,0.9302270143654977
p232_206.wav,frequency_masking,"{""mask_floor"": 0.05, ""noise_frames"": 6, ""threshold"": 2.0}",6.3166395287520025,7.177448798456662,0.8608092697046592,0.02967739850282669,0.001454142271541059,0.038133217429703714,3.0486130714416504,0.9641940228154036
p232_207.wav,noisy_input,{},0.23329543708107792,0.23329543708107792,0.0,0.05848629027605057,0.005440612323582172,0.07376050653013558,1.7173234224319458,0.8738700555217132
p232_207.wav,spectral_subtraction,"{""alpha"": 2.0, ""beta"": 0.02, ""noise_frames"": 6}",0.23329543708107792,3.0307272196252195,2.7974317825441415,0.03749796375632286,0.002856962848454714,0.053450564528868295,1.9352233409881592,0.8722160266018422
p232_207.wav,wavelet_denoise,"{""mode"": ""soft"", ""threshold_scale"": 1.0, ""wavelet"": ""db4""}",0.23329543708107792,0.3398668489725678,0.10657141189148989,0.05764463171362877,0.005308730062097311,0.07286103253521262,2.0328209400177,0.8678427315358204
p232_207.wav,frequency_masking,"{""mask_floor"": 0.05, ""noise_frames"": 6, ""threshold"": 2.0}",0.23329543708107792,1.0262734021816278,0.7929779651005499,0.05006864666938782,0.0045326268300414085,0.0673247861492438,1.8814375400543213,0.8745894149598311
p232_208.wav,noisy_input,{},14.615036249196399,14.615036249196399,0.0,0.013678028248250484,0.00030486215837299824,0.017460302356288055,2.8867292404174805,0.774629955041411
p232_208.wav,spectral_subtraction,"{""alpha"": 2.0, ""beta"": 0.02, ""noise_frames"": 6}",14.615036249196399,18.56789864123249,3.9528623920360904,0.008383574895560741,0.00012269229046069086,0.011076655201850912,2.9802708625793457,0.7618147448733597
p232_208.wav,wavelet_denoise,"{""mode"": ""soft"", ""threshold_scale"": 1.0, ""wavelet"": ""db4""}",14.615036249196399,14.773038223354098,0.158001974157699,0.013421924784779549,0.00029397019534371793,0.017145559056027247,2.740046262741089,0.7715129859377596
p232_208.wav,frequency_masking,"{""mask_floor"": 0.05, ""noise_frames"": 6, ""threshold"": 2.0}",14.615036249196399,17.15943553386875,2.54439928467235,0.009745858609676361,0.00016969286662060767,0.013026621458406154,2.9515042304992676,0.7683208695642129
p232_209.wav,noisy_input,{},9.957476958421426,9.957476958421426,0.0,0.02229459211230278,0.0007983012474142015,0.02825422530196504,2.453673839569092,0.8114211376955656
p232_209.wav,spectral_subtraction,"{""alpha"": 2.0, ""beta"": 0.02, ""noise_frames"": 6}",9.957476958421426,15.6381166921902,5.680639733768775,0.010858703404664993,0.00021582553745247424,0.014691001921328382,2.2491095066070557,0.8149933888034475
p232_209.wav,wavelet_denoise,"{""mode"": ""soft"", ""threshold_scale"": 1.0, ""wavelet"": ""db4""}",9.957476958421426,10.076784016727311,0.1193070583058855,0.02203073725104332,0.000776669243350625,0.027868786183661193,2.515153408050537,0.8132253684040035
p232_209.wav,frequency_masking,"{""mask_floor"": 0.05, ""noise_frames"": 6, ""threshold"": 2.0}",9.957476958421426,13.095123884864208,3.137646926442782,0.014478386379778385,0.0003876163682434708,0.01968797521949555,2.4941532611846924,0.8109463193052324
p232_210.wav,noisy_input,{},5.199094707877396,5.199094707877396,0.0,0.02633378654718399,0.0013947869883850217,0.03734684710099397,2.0038843154907227,0.9695613038846381
p232_210.wav,spectral_subtraction,"{""alpha"": 2.0, ""beta"": 0.02, ""noise_frames"": 6}",5.199094707877396,9.640047320936615,4.440952613059219,0.01443464681506157,0.0005016636569052935,0.022397849381252957,1.8364644050598145,0.960793913518939
p232_210.wav,wavelet_denoise,"{""mode"": ""soft"", ""threshold_scale"": 1.0, ""wavelet"": ""db4""}",5.199094707877396,5.296143701407269,0.09704899352987262,0.02597622759640217,0.0013639642857015133,0.036931887112649865,2.067734479904175,0.9686049335242682
p232_210.wav,frequency_masking,"{""mask_floor"": 0.05, ""noise_frames"": 6, ""threshold"": 2.0}",5.199094707877396,11.534509145482026,6.33541443760463,0.012524325400590897,0.0003243145765736699,0.01800873611816415,1.9657052755355835,0.9664726777892958
p232_211.wav,noisy_input,{},-0.5115343649290929,-0.5115343649290929,0.0,0.059476494789123535,0.0053160241805016994,0.07291107035630254,1.2168041467666626,0.7829356717509073
p232_211.wav,spectral_subtraction,"{""alpha"": 2.0, ""beta"": 0.02, ""noise_frames"": 6}",-0.5115343649290929,10.119082257987962,10.630616622917055,0.012651992961764336,0.000459753762697801,0.021441869384403053,1.9715001583099365,0.7511779238611666
p232_211.wav,wavelet_denoise,"{""mode"": ""soft"", ""threshold_scale"": 1.0, ""wavelet"": ""db4""}",-0.5115343649290929,-0.3798759390803585,0.13165842584873438,0.05855848640203476,0.005157284904271364,0.07181423886856536,1.2820141315460205,0.7935362597127387
p232_211.wav,frequency_masking,"{""mask_floor"": 0.05, ""noise_frames"": 6, ""threshold"": 2.0}",-0.5115343649290929,11.759340066142798,12.27087443107189,0.012668503448367119,0.00031513709109276533,0.017752101033195068,1.8451908826828003,0.7728466763329147
p232_213.wav,noisy_input,{},14.883747532869824,14.883747532869824,0.0,0.010256600566208363,0.00015966406499501318,0.012635824666202566,3.3586056232452393,0.9633934050467793
p232_213.wav,spectral_subtraction,"{""alpha"": 2.0, ""beta"": 0.02, ""noise_frames"": 6}",14.883747532869824,22.880793826841636,7.997046293971811,0.0038746348582208157,2.5322264264104888e-05,0.00503212323618022,3.4313220977783203,0.9569728287801944
p232_213.wav,wavelet_denoise,"{""mode"": ""soft"", ""threshold_scale"": 1.0, ""wavelet"": ""db4""}",14.883747532869824,14.904857537533495,0.021110004663670523,0.010227671824395657,0.00015888985944911838,0.01260515209940437,3.572077512741089,0.9645831281336055
p232_213.wav,frequency_masking,"{""mask_floor"": 0.05, ""noise_frames"": 6, ""threshold"": 2.0}",14.883747532869824,22.846532428684924,7.9627848958150995,0.0037687812000513077,2.5522820578771643e-05,0.005052011537870004,3.545708179473877,0.9620368756195377
p232_214.wav,noisy_input,{},10.681372710366215,10.681372710366215,0.0,0.01931309513747692,0.0005275700241327286,0.022968892531698794,2.5857698917388916,0.9915939727759489
p232_214.wav,spectral_subtraction,"{""alpha"": 2.0, ""beta"": 0.02, ""noise_frames"": 6}",10.681372710366215,17.057220904275148,6.375848193908933,0.007608187384903431,0.00012153330317232758,0.011024214401594682,2.7153866291046143,0.9875804388290012
p232_214.wav,wavelet_denoise,"{""mode"": ""soft"", ""threshold_scale"": 1.0, ""wavelet"": ""db4""}",10.681372710366215,10.72943195619362,0.04805924582740495,0.019204476848244667,0.0005217641009949148,0.02284215622472876,2.8653414249420166,0.9918864319601147
p232_214.wav,frequency_masking,"{""mask_floor"": 0.05, ""noise_frames"": 6, ""threshold"": 2.0}",10.681372710366215,14.347522815630995,3.66615010526478,0.011291162110865116,0.00022681152040604502,0.015060262959392343,2.829216241836548,0.990704002144991
p232_215.wav,noisy_input,{},5.649162820071548,5.649162820071548,0.0,0.022693099454045296,0.0010223379358649254,0.03197401970139077,2.572876453399658,0.9954913512601559
p232_215.wav,spectral_subtraction,"{""alpha"": 2.0, ""beta"": 0.02, ""noise_frames"": 6}",5.649162820071548,19.005482921295222,13.356320101223673,0.004577458370476961,4.7202225687215105e-05,0.006870387593667122,2.6356098651885986,0.9950838703896815
p232_215.wav,wavelet_denoise,"{""mode"": ""soft"", ""threshold_scale"": 1.0, ""wavelet"": ""db4""}",5.649162820071548,5.6629264600982445,0.0137636400266965,0.022636057808995247,0.0010191031033173203,0.0319233942950514,2.751642942428589,0.9953938448172853
p232_215.wav,frequency_masking,"{""mask_floor"": 0.05, ""noise_frames"": 6, ""threshold"": 2.0}",5.649162820071548,13.716694726576286,8.067531906504737,0.005815491545945406,0.00015952960529830307,0.012630502970915412,2.5830628871917725,0.995450227723079
p232_216.wav,noisy_input,{},1.369860045902995,1.369860045902995,0.0,0.03861923888325691,0.002473108936101198,0.04973036231620677,1.7078691720962524,0.9712482050491327
p232_216.wav,spectral_subtraction,"{""alpha"": 2.0, ""beta"": 0.02, ""noise_frames"": 6}",1.369860045902995,9.668993889485517,8.299133843582522,0.012257375754415989,0.00036587257636711,0.019127795909803878,1.8822364807128906,0.9541565559252221
p232_216.wav,wavelet_denoise,"{""mode"": ""soft"", ""threshold_scale"": 1.0, ""wavelet"": ""db4""}",1.369860045902995,1.4111644028193502,0.041304356916355145,0.03841151297092438,0.002449699444696307,0.04949443852289171,1.7866480350494385,0.9717428839984906
p232_216.wav,frequency_masking,"{""mask_floor"": 0.05, ""noise_frames"": 6, ""threshold"": 2.0}",1.369860045902995,5.6530502225828965,4.283190176679901,0.01919097639620304,0.0009224104578606784,0.030371211004184183,1.936032772064209,0.9656990867432182
p232_217.wav,noisy_input,{},15.132204375124296,15.132204375124296,0.0,0.00881509855389595,0.00016945163952186704,0.013017359160823175,2.6845295429229736,0.8903741878920783
p232_217.wav,spectral_subtraction,"{""alpha"": 2.0, ""beta"": 0.02, ""noise_frames"": 6}",15.132204375124296,16.910913404190747,1.7787090290664516,0.0068289232440292835,0.00011250579700572416,0.010606874987748472,2.8394243717193604,0.8856865197960321
p232_217.wav,wavelet_denoise,"{""mode"": ""soft"", ""threshold_scale"": 1.0, ""wavelet"": ""db4""}",15.132204375124296,15.220826504647722,0.08862212952342574,0.008649514988064766,0.0001660288544371724,0.01288521844739826,2.8000948429107666,0.8976633941430309
p232_217.wav,frequency_masking,"{""mask_floor"": 0.05, ""noise_frames"": 6, ""threshold"": 2.0}",15.132204375124296,16.41553861634407,1.283334241219773,0.006869486998766661,0.00012609921395778656,0.011229390631632091,2.919706106185913,0.8908480357692643
p232_218.wav,noisy_input,{},10.90137617319268,10.90137617319268,0.0,0.018138136714696884,0.0006752656190656126,0.02598587345204337,1.8858826160430908,0.9210691291803116
p232_218.wav,spectral_subtraction,"{""alpha"": 2.0, ""beta"": 0.02, ""noise_frames"": 6}",10.90137617319268,15.676873468464807,4.775497295272126,0.009974933229386806,0.00022486658417619765,0.014995552146426542,2.2726001739501953,0.9085344185760581
p232_218.wav,wavelet_denoise,"{""mode"": ""soft"", ""threshold_scale"": 1.0, ""wavelet"": ""db4""}",10.90137617319268,10.964903430061558,0.06352725686887695,0.018033159896731377,0.0006654599565081298,0.025796510549067092,1.9993462562561035,0.9201932938220158
p232_218.wav,frequency_masking,"{""mask_floor"": 0.05, ""noise_frames"": 6, ""threshold"": 2.0}",10.90137617319268,13.384073780681796,2.482697607489115,0.011713913641870022,0.0003812456561718136,0.019525512955408202,2.192291259765625,0.919295305937521
p232_219.wav,noisy_input,{},6.596569314723939,6.596569314723939,0.0,0.023953905329108238,0.001010177074931562,0.031783282947668606,1.5038888454437256,0.9202004532761455
p232_219.wav,spectral_subtraction,"{""alpha"": 2.0, ""beta"": 0.02, ""noise_frames"": 6}",6.596569314723939,9.219554061220556,2.622984746496617,0.01603301800787449,0.0005522033898159862,0.023499008273031145,1.800311803817749,0.908572902433117
p232_219.wav,wavelet_denoise,"{""mode"": ""soft"", ""threshold_scale"": 1.0, ""wavelet"": ""db4""}",6.596569314723939,6.816282744070281,0.21971342934634208,0.0231768861413002,0.0009603425860404968,0.030989394734981465,1.6486948728561401,0.9226115323889483
p232_219.wav,frequency_masking,"{""mask_floor"": 0.05, ""noise_frames"": 6, ""threshold"": 2.0}",6.596569314723939,8.304415833690289,1.7078465189663499,0.017890015617012978,0.0006817307439632714,0.026109974032221313,1.7303082942962646,0.9163941680140767
p232_220.wav,noisy_input,{},1.662715549786088,1.662715549786088,0.0,0.027418185025453568,0.0014845365658402443,0.038529684216721066,1.273898720741272,0.9237680280759544
p232_220.wav,spectral_subtraction,"{""alpha"": 2.0, ""beta"": 0.02, ""noise_frames"": 6}",1.662715549786088,6.9108697810206285,5.24815423123454,0.01215523760765791,0.0004433793656062335,0.021056575353229533,1.3614684343338013,0.9183269713837007
p232_220.wav,wavelet_denoise,"{""mode"": ""soft"", ""threshold_scale"": 1.0, ""wavelet"": ""db4""}",1.662715549786088,1.749981229552553,0.08726567976646504,0.027050232514739037,0.0014550045598298311,0.03814452201600947,1.3477987051010132,0.9262767695985634
p232_220.wav,frequency_masking,"{""mask_floor"": 0.05, ""noise_frames"": 6, ""threshold"": 2.0}",1.662715549786088,3.773040981592369,2.110325431806281,0.01787758059799671,0.0009131841361522675,0.030218936714455514,1.330644965171814,0.9230915395456367
p232_221.wav,noisy_input,{},16.46270247000491,16.46270247000491,0.0,0.0095064677298069,0.00014682731125503778,0.012117231996418893,1.915621042251587,0.9893423222444178
p232_221.wav,spectral_subtraction,"{""alpha"": 2.0, ""beta"": 0.02, ""noise_frames"": 6}",16.46270247000491,17.163610930663882,0.7009084606589724,0.007961943745613098,0.00012494417023845017,0.01117784282580723,2.265742063522339,0.9874940044446678
p232_221.wav,wavelet_denoise,"{""mode"": ""soft"", ""threshold_scale"": 1.0, ""wavelet"": ""db4""}",16.46270247000491,17.127385369844927,0.6646828998400167,0.008835935965180397,0.00012599071487784386,0.011224558560488864,2.1478521823883057,0.9817372341793936
p232_221.wav,frequency_masking,"{""mask_floor"": 0.05, ""noise_frames"": 6, ""threshold"": 2.0}",16.46270247000491,18.965448309786414,2.502745839781504,0.006697107572108507,8.25148745207116e-05,0.00908376984080462,2.1595191955566406,0.9896828233704181
p232_223.wav,noisy_input,{},10.603491315866975,10.603491315866975,0.0,0.019893303513526917,0.0006159223848953843,0.02481778364188439,1.9061102867126465,0.9033743379971598
p232_223.wav,spectral_subtraction,"{""alpha"": 2.0, ""beta"": 0.02, ""noise_frames"": 6}",10.603491315866975,11.98316365480212,1.3796723389351442,0.013880770653486252,0.0004482896765694022,0.021172852348453248,2.1647682189941406,0.900559203034189
p232_223.wav,wavelet_denoise,"{""mode"": ""soft"", ""threshold_scale"": 1.0, ""wavelet"": ""db4""}",10.603491315866975,11.052928165340255,0.44943684947327966,0.018927687779068947,0.0005553698283620179,0.02356628584147315,1.6754424571990967,0.8785733352768583
p232_223.wav,frequency_masking,"{""mask_floor"": 0.05, ""noise_frames"": 6, ""threshold"": 2.0}",10.603491315866975,15.056518448169921,4.453027132302946,0.011079581454396248,0.00022091400751378387,0.01486317622561826,2.229180097579956,0.9062463427074148
p232_224.wav,noisy_input,{},5.707106003794724,5.707106003794724,0.0,0.020389439538121223,0.0006560472538694739,0.025613419409939664,1.6567084789276123,0.8986606249267709
p232_224.wav,spectral_subtraction,"{""alpha"": 2.0, ""beta"": 0.02, ""noise_frames"": 6}",5.707106003794724,10.255268996188205,4.548162992393481,0.009888305328786373,0.00023020716616883874,0.015172579417120833,1.8836848735809326,0.8967506698064064
p232_224.wav,wavelet_denoise,"{""mode"": ""soft"", ""threshold_scale"": 1.0, ""wavelet"": ""db4""}",5.707106003794724,6.182912738439063,0.47580673464433865,0.019098656252026558,0.0005879690288566053,0.024248072683341358,1.6255218982696533,0.8555063423857538
p232_224.wav,frequency_masking,"{""mask_floor"": 0.05, ""noise_frames"": 6, ""threshold"": 2.0}",5.707106003794724,9.62004352607704,3.9129375222823164,0.011607790365815163,0.0002664657367859036,0.016323778263193346,1.7930047512054443,0.9010474710856827
p232_225.wav,noisy_input,{},0.39412567272994936,0.39412567272994936,0.0,0.05312489718198776,0.0043950676918029785,0.06629530671022632,1.2872930765151978,0.8644100389272686
p232_225.wav,spectral_subtraction,"{""alpha"": 2.0, ""beta"": 0.02, ""noise_frames"": 6}",0.39412567272994936,8.328363529478107,7.934237856748158,0.016016503795981407,0.0007071992149576545,0.026593217461556892,1.6883256435394287,0.8320150010389172
p232_225.wav,wavelet_denoise,"{""mode"": ""soft"", ""threshold_scale"": 1.0, ""wavelet"": ""db4""}",0.39412567272994936,1.123668847840841,0.7295431751108916,0.048843108117580414,0.0037154483143240213,0.06095447739357644,1.4778327941894531,0.8256423978973358
p232_225.wav,frequency_masking,"{""mask_floor"": 0.05, ""noise_frames"": 6, ""threshold"": 2.0}",0.39412567272994936,8.645851459908148,8.251725787178199,0.018271220847964287,0.0006573444115929306,0.02563872874369809,1.5254079103469849,0.8613500027477446
p232_226.wav,noisy_input,{},16.094418280510844,16.094418280510844,0.0,0.008346729911863804,0.0001075552572729066,0.01037088507664156,3.465419292449951,0.9817007399431628
p232_226.wav,spectral_subtraction,"{""alpha"": 2.0, ""beta"": 0.02, ""noise_frames"": 6}",16.094418280510844,21.277960361989496,5.183542081478652,0.004474842920899391,3.260449011577293e-05,0.00571003416064851,3.3977699279785156,0.9750401877199587
p232_226.wav,wavelet_denoise,"{""mode"": ""soft"", ""threshold_scale"": 1.0, ""wavelet"": ""db4""}",16.094418280510844,16.009500963366538,-0.08491731714430628,0.008435361087322235,0.00010967897105729207,0.010472772844728948,3.4964964389801025,0.9757957038889737
p232_226.wav,frequency_masking,"{""mask_floor"": 0.05, ""noise_frames"": 6, ""threshold"": 2.0}",16.094418280510844,19.22830006851191,3.133881788001066,0.005391774233430624,5.2268911531427875e-05,0.0072297241670362415,3.4486217498779297,0.9800033383726438
p232_227.wav,noisy_input,{},11.54790706768865,11.54790706768865,0.0,0.01333951111882925,0.0002864451671484858,0.01692469105031125,2.86529803276062,0.9989203630014428
p232_227.wav,spectral_subtraction,"{""alpha"": 2.0, ""beta"": 0.02, ""noise_frames"": 6}",11.54790706768865,19.163153514863723,7.615246447175073,0.005227309186011553,4.9604019295657054e-05,0.007043012089699765,3.0846331119537354,0.9966063823560622
p232_227.wav,wavelet_denoise,"{""mode"": ""soft"", ""threshold_scale"": 1.0, ""wavelet"": ""db4""}",11.54790706768865,11.57480103039483,0.02689396270618083,0.013305663131177425,0.00028467681840993464,0.01687236848844686,3.335233211517334,0.9966074926526921
p232_227.wav,frequency_masking,"{""mask_floor"": 0.05, ""noise_frames"": 6, ""threshold"": 2.0}",11.54790706768865,20.15678888249998,8.608881814811332,0.00437967898324132,3.945965727325529e-05,0.006281692230064705,2.9546031951904297,0.9983894790405067
p232_228.wav,noisy_input,{},5.378589236523084,5.378589236523084,0.0,0.03602219372987747,0.0019416288705542684,0.04406391801184126,2.5828161239624023,0.966573590241256
p232_228.wav,spectral_subtraction,"{""alpha"": 2.0, ""beta"": 0.02, ""noise_frames"": 6}",5.378589236523084,14.704940565002957,9.326351328479873,0.01037814375013113,0.0002267415402457118,0.015057939442224883,2.7375550270080566,0.9562887908027651
p232_228.wav,wavelet_denoise,"{""mode"": ""soft"", ""threshold_scale"": 1.0, ""wavelet"": ""db4""}",5.378589236523084,5.450945704161155,0.07235646763807146,0.03568010404706001,0.0019095479510724545,0.04369837469600505,2.4185068607330322,0.9546766077667634
p232_228.wav,frequency_masking,"{""mask_floor"": 0.05, ""noise_frames"": 6, ""threshold"": 2.0}",5.378589236523084,9.548558842804756,4.169969606281672,0.018872689455747604,0.0007433087448589504,0.0272636891278299,2.7543716430664062,0.970229715628334
p232_229.wav,noisy_input,{},0.21058847867364314,0.21058847867364314,0.0,0.059272028505802155,0.006262182258069515,0.07913395136140691,2.375837564468384,0.9655140080079042
p232_229.wav,spectral_subtraction,"{""alpha"": 2.0, ""beta"": 0.02, ""noise_frames"": 6}",0.21058847867364314,6.820081511206916,6.609493032533273,0.021799717098474503,0.0013670248445123434,0.03697329907531033,2.3438141345977783,0.9145398900073458
p232_229.wav,wavelet_denoise,"{""mode"": ""soft"", ""threshold_scale"": 1.0, ""wavelet"": ""db4""}",0.21058847867364314,0.26989156736227304,0.05930308868862991,0.05886249989271164,0.0061772530898451805,0.07859550298741767,2.4142985343933105,0.9588891375582109
p232_229.wav,frequency_masking,"{""mask_floor"": 0.05, ""noise_frames"": 6, ""threshold"": 2.0}",0.21058847867364314,10.171540251980426,9.960951773306784,0.015765825286507607,0.0006318740779533982,0.02513710560015608,2.5650062561035156,0.9372181118581303
p232_230.wav,noisy_input,{},15.665466337546112,15.665466337546112,0.0,0.01105718594044447,0.0002047117886831984,0.014307752747486182,2.239769220352173,0.8932485094008772
p232_230.wav,spectral_subtraction,"{""alpha"": 2.0, ""beta"": 0.02, ""noise_frames"": 6}",15.665466337546112,15.972080024663526,0.3066136871174141,0.009504685178399086,0.0001907574333017692,0.01381149641790379,1.8734245300292969,0.8874380649183902
p232_230.wav,wavelet_denoise,"{""mode"": ""soft"", ""threshold_scale"": 1.0, ""wavelet"": ""db4""}",15.665466337546112,15.869436765559005,0.20397042801289267,0.010790146887302399,0.00019531958969309926,0.013975678505643269,2.4052064418792725,0.8913860778731593
p232_230.wav,frequency_masking,"{""mask_floor"": 0.05, ""noise_frames"": 6, ""threshold"": 2.0}",15.665466337546112,19.672285696377074,4.0068193588309615,0.006547918077558279,8.136936230584979e-05,0.009020496788195748,2.3077306747436523,0.8888889569746689
p232_231.wav,noisy_input,{},10.7984316738958,10.7984316738958,0.0,0.019916528835892677,0.0006312914192676544,0.025125513313515695,2.390241861343384,0.9962175850189567
p232_231.wav,spectral_subtraction,"{""alpha"": 2.0, ""beta"": 0.02, ""noise_frames"": 6}",10.7984316738958,15.7839538427089,4.9855221688131,0.009587962180376053,0.0002002984838327393,0.014152684686402763,2.557162284851074,0.9922346023677691
p232_231.wav,wavelet_denoise,"{""mode"": ""soft"", ""threshold_scale"": 1.0, ""wavelet"": ""db4""}",10.7984316738958,10.899478139361925,0.1010464654661245,0.019680539146065712,0.000616772857028991,0.02483491206002129,2.5205554962158203,0.99601355202992
p232_231.wav,frequency_masking,"{""mask_floor"": 0.05, ""noise_frames"": 6, ""threshold"": 2.0}",10.7984316738958,18.43510206475689,7.63667039086109,0.007592176087200642,0.00010878345347009599,0.010429930655095267,2.5860321521759033,0.9959162586641195
p232_232.wav,noisy_input,{},6.3517666788907,6.3517666788907,0.0,0.02213965356349945,0.0008914694772101939,0.02985748611672111,1.6778564453125,0.9468581116650286
p232_232.wav,spectral_subtraction,"{""alpha"": 2.0, ""beta"": 0.02, ""noise_frames"": 6}",6.3517666788907,9.112895892195183,2.761129213304484,0.014571169391274452,0.0004720560391433537,0.0217268506494465,1.7620084285736084,0.9411301685467112
p232_232.wav,wavelet_denoise,"{""mode"": ""soft"", ""threshold_scale"": 1.0, ""wavelet"": ""db4""}",6.3517666788907,6.508767068779373,0.15700038988867338,0.02164417691528797,0.0008598178392276168,0.02932265061735751,1.7869236469268799,0.9500390228537758
p232_232.wav,frequency_masking,"{""mask_floor"": 0.05, ""noise_frames"": 6, ""threshold"": 2.0}",6.3517666788907,7.486051637917086,1.1342849590263864,0.018070396035909653,0.0006865591858513653,0.02620227444042531,1.792680025100708,0.9459586796844904
p232_234.wav,noisy_input,{},-0.0025406672385089564,-0.0025406672385089564,0.0,0.0638815313577652,0.007028992287814617,0.08383908568093176,1.3488829135894775,0.8083740709920075
p232_234.wav,spectral_subtraction,"{""alpha"": 2.0, ""beta"": 0.02, ""noise_frames"": 6}",-0.0025406672385089564,7.284249922003992,7.286790589242501,0.021776437759399414,0.0013128466671332717,0.03623322601057311,1.7535672187805176,0.7661909680764261
p232_234.wav,wavelet_denoise,"{""mode"": ""soft"", ""threshold_scale"": 1.0, ""wavelet"": ""db4""}",-0.0025406672385089564,0.10334131392937534,0.1058819811678843,0.06294754892587662,0.006859696004539728,0.08282328177837273,1.3873878717422485,0.8098027651306429
p232_234.wav,frequency_masking,"{""mask_floor"": 0.05, ""noise_frames"": 6, ""threshold"": 2.0}",-0.0025406672385089564,3.4928210919173313,3.4953617591558404,0.03641155734658241,0.003143090521916747,0.05606327248668907,1.632256269454956,0.7922082253613788
p232_235.wav,noisy_input,{},16.732541090120176,16.732541090120176,0.0,0.00797831267118454,0.00014946238661650568,0.01222548103824572,3.1421329975128174,0.9976797968113416
p232_235.wav,spectral_subtraction,"{""alpha"": 2.0, ""beta"": 0.02, ""noise_frames"": 6}",16.732541090120176,20.764126761885365,4.031585671765189,0.004911605268716812,5.907086961087771e-05,0.007685757582104559,3.183809995651245,0.9974127636128765
p232_235.wav,wavelet_denoise,"{""mode"": ""soft"", ""threshold_scale"": 1.0, ""wavelet"": ""db4""}",16.732541090120176,16.71886441835017,-0.013676671770006976,0.008000603877007961,0.00014993381046224385,0.01224474623919352,3.233837366104126,0.9973016447108625
p232_235.wav,frequency_masking,"{""mask_floor"": 0.05, ""noise_frames"": 6, ""threshold"": 2.0}",16.732541090120176,19.01688061671887,2.2843395265986928,0.0047604795545339584,8.832791354507208e-05,0.009398293118703634,3.1723785400390625,0.9977903695855335
p232_236.wav,noisy_input,{},10.0075372855615,10.0075372855615,0.0,0.02060825750231743,0.0006980473990552127,0.02642058665236661,2.8580636978149414,0.922721315042947
p232_236.wav,spectral_subtraction,"{""alpha"": 2.0, ""beta"": 0.02, ""noise_frames"": 6}",10.0075372855615,16.871601260652913,6.864063975091412,0.008530792780220509,0.0001437072060070932,0.011987794042570684,2.720583915710449,0.912051072601709
p232_236.wav,wavelet_denoise,"{""mode"": ""soft"", ""threshold_scale"": 1.0, ""wavelet"": ""db4""}",10.0075372855615,10.037982429106876,0.030445143545374975,0.02053629793226719,0.000693171052262187,0.026328141830789863,2.831660270690918,0.9225596209468452
p232_236.wav,frequency_masking,"{""mask_floor"": 0.05, ""noise_frames"": 6, ""threshold"": 2.0}",10.0075372855615,13.826118370459907,3.8185810848984065,0.011362324468791485,0.0002897522645071149,0.017022111047314752,2.7913155555725098,0.918058731766416
p232_237.wav,noisy_input,{},6.3112587201140515,6.3112587201140515,0.0,0.03340012580156326,0.0017931382171809673,0.042345462769710844,2.991527795791626,0.9955510403294721
p232_237.wav,spectral_subtraction,"{""alpha"": 2.0, ""beta"": 0.02, ""noise_frames"": 6}",6.3112587201140515,13.99182802534389,7.680569305229839,0.010765829123556614,0.00030588405206799507,0.017489541219483005,3.3519816398620605,0.9945136981351583
p232_237.wav,wavelet_denoise,"{""mode"": ""soft"", ""threshold_scale"": 1.0, ""wavelet"": ""db4""}",6.3112587201140515,6.329180385746894,0.017921665632842476,0.03332308307290077,0.001785753876902163,0.042258181183081736,2.9371049404144287,0.9947827352921831
p232_237.wav,frequency_masking,"{""mask_floor"": 0.05, ""noise_frames"": 6, ""threshold"": 2.0}",6.3112587201140515,10.283163209385393,3.971904489271341,0.01620933786034584,0.000718494295142591,0.026804743892501398,3.369913339614868,0.9956646163010067
p232_238.wav,noisy_input,{},0.4640951662534458,0.4640951662534458,0.0,0.04392353817820549,0.0028871132526546717,0.05373186440702269,3.2755048274993896,0.9992424683673766
p232_238.wav,spectral_subtraction,"{""alpha"": 2.0, ""beta"": 0.02, ""noise_frames"": 6}",0.4640951662534458,16.325007170501596,15.860912004248151,0.005947504658252001,7.488116534659639e-05,0.008653390396058436,3.4000699520111084,0.9970721086863474
p232_238.wav,wavelet_denoise,"{""mode"": ""soft"", ""threshold_scale"": 1.0, ""wavelet"": ""db4""}",0.4640951662534458,0.4719103249972616,0.007815158743815775,0.0438828207552433,0.0028819225262850523,0.05368354055280866,3.363370895385742,0.9989595450147659
p232_238.wav,frequency_masking,"{""mask_floor"": 0.05, ""noise_frames"": 6, ""threshold"": 2.0}",0.4640951662534458,11.387419437873872,10.923324271620427,0.008101983927190304,0.00023341640189755708,0.015277971131585407,3.4530487060546875,0.9989565308373936
p232_239.wav,noisy_input,{},15.566625838038355,15.566625838038355,0.0,0.006166725419461727,5.957734538242221e-05,0.00771863623850886,1.7388607263565063,0.9832813322625972
p232_239.wav,spectral_subtraction,"{""alpha"": 2.0, ""beta"": 0.02, ""noise_frames"": 6}",15.566625838038355,15.730929256162376,0.16430341812402105,0.004828411154448986,5.7365505199413747e-05,0.0075740019276082675,2.162564992904663,0.9756464608194874
p232_239.wav,wavelet_denoise,"{""mode"": ""soft"", ""threshold_scale"": 1.0, ""wavelet"": ""db4""}",15.566625838038355,15.909585821602308,0.3429599835639525,0.005937458481639624,5.505352601176128e-05,0.007419806332496912,1.8437734842300415,0.9865083621954628
p232_239.wav,frequency_masking,"{""mask_floor"": 0.05, ""noise_frames"": 6, ""threshold"": 2.0}",15.566625838038355,19.216817219917242,3.650191381878887,0.003808921203017235,2.57076280831825e-05,0.0050702690345959455,2.3230578899383545,0.9809490986603026
p232_240.wav,noisy_input,{},11.49020703815319,11.49020703815319,0.0,0.015339194796979427,0.0004812743281945586,0.021937965452488037,2.2075982093811035,0.9760217776171439
p232_240.wav,spectral_subtraction,"{""alpha"": 2.0, ""beta"": 0.02, ""noise_frames"": 6}",11.49020703815319,14.26194475497155,2.7717377168183592,0.010819090530276299,0.0002542253932915628,0.015944447098960906,2.396087884902954,0.9716462888352453
p232_240.wav,wavelet_denoise,"{""mode"": ""soft"", ""threshold_scale"": 1.0, ""wavelet"": ""db4""}",11.49020703815319,11.565508068043137,0.07530102988994614,0.015170710161328316,0.00047300156438723207,0.02174859913620259,2.2764363288879395,0.9764217807452636
p232_240.wav,frequency_masking,"{""mask_floor"": 0.05, ""noise_frames"": 6, ""threshold"": 2.0}",11.49020703815319,13.720243427863096,2.2300363897099054,0.010245013050734997,0.00028799771098420024,0.016970495307568376,2.4039459228515625,0.9750263650186818
p232_241.wav,noisy_input,{},5.105069980313786,5.105069980313786,0.0,0.026463022455573082,0.0011586426990106702,0.0340388410350686,1.356234073638916,0.8353835252267421
p232_241.wav,spectral_subtraction,"{""alpha"": 2.0, ""beta"": 0.02, ""noise_frames"": 6}",5.105069980313786,10.64339053130788,5.538320550994094,0.011343173682689667,0.00032368118991144,0.017991141984638997,1.668990135192871,0.8264286281099347
p232_241.wav,wavelet_denoise,"{""mode"": ""soft"", ""threshold_scale"": 1.0, ""wavelet"": ""db4""}",5.105069980313786,5.466214904117496,0.3611449238037103,0.025222182273864746,0.0010661911219358444,0.0326525821633733,1.4597100019454956,0.8428011923608232
p232_241.wav,frequency_masking,"{""mask_floor"": 0.05, ""noise_frames"": 6, ""threshold"": 2.0}",5.105069980313786,9.788262109675685,4.683192129361899,0.014174923300743103,0.00039412168553099036,0.019852498218888986,1.5209884643554688,0.8350071785628267
p232_242.wav,noisy_input,{},-0.007784929739974196,-0.007784929739974196,0.0,0.05383772775530815,0.00515622366219759,0.07180684968857491,1.2572458982467651,0.7651593952909939
p232_242.wav,spectral_subtraction,"{""alpha"": 2.0, ""beta"": 0.02, ""noise_frames"": 6}",-0.007784929739974196,2.8840188030611373,2.8918037328011117,0.032518964260816574,0.0026494234334677458,0.05147255029107986,1.3790364265441895,0.6910877791681658
p232_242.wav,wavelet_denoise,"{""mode"": ""soft"", ""threshold_scale"": 1.0, ""wavelet"": ""db4""}",-0.007784929739974196,0.9273272187873298,0.9351121485273041,0.048008356243371964,0.004157387651503086,0.06447780743405507,1.3233383893966675,0.761032736329068
p232_242.wav,frequency_masking,"{""mask_floor"": 0.05, ""noise_frames"": 6, ""threshold"": 2.0}",-0.007784929739974196,1.8216856259051437,1.8294705556451178,0.04040610417723656,0.0033836441580206156,0.0581690996837721,1.4102026224136353,0.7323713909435999
p232_243.wav,noisy_input,{},15.695453626938285,15.695453626938285,0.0,0.012862669304013252,0.0002541362773627043,0.01594165227831495,2.6265151500701904,0.9941390761287318
p232_243.wav,spectral_subtraction,"{""alpha"": 2.0, ""beta"": 0.02, ""noise_frames"": 6}",15.695453626938285,18.18877430310241,2.4933206761641244,0.008460508659482002,0.00014313129941001534,0.011963749387629922,2.955134391784668,0.9914895059358653
p232_243.wav,wavelet_denoise,"{""mode"": ""soft"", ""threshold_scale"": 1.0, ""wavelet"": ""db4""}",15.695453626938285,15.947799686568857,0.2523460596305718,0.012473298236727715,0.00023979056277312338,0.015485172352063873,2.5322389602661133,0.9830718423884675
p232_243.wav,frequency_masking,"{""mask_floor"": 0.05, ""noise_frames"": 6, ""threshold"": 2.0}",15.695453626938285,20.429246020046108,4.733792393107823,0.00698345759883523,8.544515731045976e-05,0.009243654975736587,2.98124623298645,0.9948295874323704
p232_244.wav,noisy_input,{},11.321196908341271,11.321196908341271,0.0,0.013950920663774014,0.0003102354530710727,0.017613502010420095,1.8818612098693848,0.9655293659100121
p232_244.wav,spectral_subtraction,"{""alpha"": 2.0, ""beta"": 0.02, ""noise_frames"": 6}",11.321196908341271,12.449591971645065,1.1283950633037936,0.011166413314640522,0.00023924997367430478,0.015467707447269125,1.9748927354812622,0.9666988181523379
p232_244.wav,wavelet_denoise,"{""mode"": ""soft"", ""threshold_scale"": 1.0, ""wavelet"": ""db4""}",11.321196908341271,11.669908463260509,0.34871155491923744,0.013360162265598774,0.0002862992696464062,0.016920380304425966,1.826687216758728,0.9554733898651266
p232_244.wav,frequency_masking,"{""mask_floor"": 0.05, ""noise_frames"": 6, ""threshold"": 2.0}",11.321196908341271,13.685553757355333,2.3643568490140616,0.010128246620297432,0.00017999304691329598,0.01341614873625423,2.0141587257385254,0.9676728240746681
p232_245.wav,noisy_input,{},5.155791965671702,5.155791965671702,0.0,0.03388289362192154,0.0018186633242294192,0.04264578905624117,1.6951611042022705,0.8754845944161567
p232_245.wav,spectral_subtraction,"{""alpha"": 2.0, ""beta"": 0.02, ""noise_frames"": 6}",5.155791965671702,13.40193368084859,8.246141715176886,0.01098918728530407,0.0002723567304201424,0.016503233938235936,1.7830300331115723,0.8619327409384678
p232_245.wav,wavelet_denoise,"{""mode"": ""soft"", ""threshold_scale"": 1.0, ""wavelet"": ""db4""}",5.155791965671702,5.624024530041094,0.46823256436939165,0.032117605209350586,0.0016327851917594671,0.040407736780961476,1.7526646852493286,0.8161099670016888
p232_245.wav,frequency_masking,"{""mask_floor"": 0.05, ""noise_frames"": 6, ""threshold"": 2.0}",5.155791965671702,9.544406049087483,4.3886140834157805,0.016952361911535263,0.0006620501517318189,0.025730335243284705,1.739181399345398,0.8693864313869111
p232_246.wav,noisy_input,{},0.9294302899233409,0.9294302899233409,0.0,0.05118850991129875,0.004076127894222736,0.06384456041216617,1.3043723106384277,0.884934219503255
p232_246.wav,spectral_subtraction,"{""alpha"": 2.0, ""beta"": 0.02, ""noise_frames"": 6}",0.9294302899233409,8.110733034473816,7.181302744550475,0.018464211374521255,0.0007800411549396813,0.0279292168694305,1.6124322414398193,0.8632920544361634
p232_246.wav,wavelet_denoise,"{""mode"": ""soft"", ""threshold_scale"": 1.0, ""wavelet"": ""db4""}",0.9294302899233409,1.6254872597698158,0.6960569698464749,0.047281861305236816,0.003472498618066311,0.05892791034871601,1.4213879108428955,0.8459985137386022
p232_246.wav,frequency_masking,"{""mask_floor"": 0.05, ""noise_frames"": 6, ""threshold"": 2.0}",0.9294302899233409,5.73875725992519,4.80932697000185,0.026370568200945854,0.0013468371471390128,0.03669927992670991,1.4751040935516357,0.883751169711255
p232_247.wav,noisy_input,{},15.20486679643077,15.20486679643077,0.0,0.012496668845415115,0.0002526257303543389,0.015894204300761296,3.193093776702881,0.9561537942024705
p232_247.wav,spectral_subtraction,"{""alpha"": 2.0, ""beta"": 0.02, ""noise_frames"": 6}",15.20486679643077,23.24415697124433,8.03929017481356,0.0045859613455832005,3.96778887079563e-05,0.006299038713006636,3.8190674781799316,0.9537265640031507
p232_247.wav,wavelet_denoise,"{""mode"": ""soft"", ""threshold_scale"": 1.0, ""wavelet"": ""db4""}",15.20486679643077,15.245761259388857,0.04089446295808763,0.012433953583240509,0.00025025810464285314,0.015819548180743125,3.3322455883026123,0.955828630882322
p232_247.wav,frequency_masking,"{""mask_floor"": 0.05, ""noise_frames"": 6, ""threshold"": 2.0}",15.20486679643077,23.895589323439886,8.690722527009116,0.004068355076014996,3.4151151339756325e-05,0.005843898642152884,4.105894565582275,0.9566725699773772
p232_248.wav,noisy_input,{},11.589431974514179,11.589431974514179,0.0,0.01408720575273037,0.000314682605676353,0.017739295523677173,3.0536532402038574,0.9711250162015146
p232_248.wav,spectral_subtraction,"{""alpha"": 2.0, ""beta"": 0.02, ""noise_frames"": 6}",11.589431974514179,17.521492354677353,5.932060380163174,0.007019684184342623,8.029097079997882e-05,0.008960522908847387,3.0655720233917236,0.9667574108028473
p232_248.wav,wavelet_denoise,"{""mode"": ""soft"", ""threshold_scale"": 1.0, ""wavelet"": ""db4""}",11.589431974514179,11.605226731996417,0.015794757482238353,0.013989043422043324,0.00031354022212326527,0.017707067010752097,3.187912702560425,0.9685840452494799
p232_248.wav,frequency_masking,"{""mask_floor"": 0.05, ""noise_frames"": 6, ""threshold"": 2.0}",11.589431974514179,20.350162232026385,8.760730257512206,0.004820135422050953,4.18600466218777e-05,0.006469934050813633,3.1063883304595947,0.9704269470386259
p232_249.wav,noisy_input,{},6.148548890681605,6.148548890681605,0.0,0.022395730018615723,0.0007270659552887082,0.026964160570815257,2.1640076637268066,0.9954893118873746
p232_249.wav,spectral_subtraction,"{""alpha"": 2.0, ""beta"": 0.02, ""noise_frames"": 6}",6.148548890681605,13.101102225984455,6.95255333530285,0.008650380186736584,0.0001466622925363481,0.012110420824081551,2.362767219543457,0.9898371281256536
p232_249.wav,wavelet_denoise,"{""mode"": ""soft"", ""threshold_scale"": 1.0, ""wavelet"": ""db4""}",6.148548890681605,6.210529644121625,0.06198075344001985,0.022236023098230362,0.0007167632575146854,0.026772434657959022,2.5953209400177,0.9911593842729038
p232_249.wav,frequency_masking,"{""mask_floor"": 0.05, ""noise_frames"": 6, ""threshold"": 2.0}",6.148548890681605,10.496097599712648,4.347548709031043,0.011668892577290535,0.0002671892289072275,0.016345923923328027,2.2887144088745117,0.9944635503260378
p232_250.wav,noisy_input,{},1.21985435954854,1.21985435954854,0.0,0.052222974598407745,0.003987701144069433,0.06314824735548433,2.158653736114502,0.9478858314382349
p232_250.wav,spectral_subtraction,"{""alpha"": 2.0, ""beta"": 0.02, ""noise_frames"": 6}",1.21985435954854,14.466928840467785,13.247074480919245,0.009890781715512276,0.00018880573043134063,0.0137406597524042,1.9055724143981934,0.9367993585526521
p232_250.wav,wavelet_denoise,"{""mode"": ""soft"", ""threshold_scale"": 1.0, ""wavelet"": ""db4""}",1.21985435954854,1.2889857924809403,0.0691314329324002,0.05182597041130066,0.003924726974219084,0.06264764140986541,2.185703754425049,0.933253154786862
p232_250.wav,frequency_masking,"{""mask_floor"": 0.05, ""noise_frames"": 6, ""threshold"": 2.0}",1.21985435954854,8.49914498906487,7.27929062951633,0.01741655357182026,0.0007460940396413207,0.027314722031192642,2.158358097076416,0.9426642462516422
p232_251.wav,noisy_input,{},16.278085553333092,16.278085553333092,0.0,0.00850323773920536,0.00011831497249659151,0.01087726861379232,2.8364014625549316,0.9755253582838732
p232_251.wav,spectral_subtraction,"{""alpha"": 2.0, ""beta"": 0.02, ""noise_frames"": 6}",16.278085553333092,20.341141063459315,4.0630555101262225,0.0050143529660999775,4.6423101593973115e-05,0.006813450050743244,3.248792886734009,0.9732911548910609
p232_251.wav,wavelet_denoise,"{""mode"": ""soft"", ""threshold_scale"": 1.0, ""wavelet"": ""db4""}",16.278085553333092,16.325025012220525,0.046939458887433005,0.008473512716591358,0.00011704308417392895,0.010818645209726075,2.8646223545074463,0.9711960391361218
p232_251.wav,frequency_masking,"{""mask_floor"": 0.05, ""noise_frames"": 6, ""threshold"": 2.0}",16.278085553333092,19.545082318068715,3.266996764735623,0.005386923905462027,5.5762215197319165e-05,0.007467410206846759,3.241567611694336,0.9754153966153518
p232_252.wav,noisy_input,{},10.957815807272107,10.957815807272107,0.0,0.018719250336289406,0.0005627151695080101,0.023721618189069864,2.3561768531799316,0.9677764205949567
p232_252.wav,spectral_subtraction,"{""alpha"": 2.0, ""beta"": 0.02, ""noise_frames"": 6}",10.957815807272107,16.391856403212536,5.434040595940429,0.009081291034817696,0.0001610217586858198,0.01268943492381831,2.5870580673217773,0.9619978309480854
p232_252.wav,wavelet_denoise,"{""mode"": ""soft"", ""threshold_scale"": 1.0, ""wavelet"": ""db4""}",10.957815807272107,11.072029993914345,0.11421418664223815,0.01847589947283268,0.0005481093539856374,0.023411735390304528,2.41664719581604,0.9711933976157586
p232_252.wav,frequency_masking,"{""mask_floor"": 0.05, ""noise_frames"": 6, ""threshold"": 2.0}",10.957815807272107,14.358566670372587,3.4007508631004804,0.011254988610744476,0.00025716598611325026,0.016036395670887216,2.5921895503997803,0.9668231618065058
p232_253.wav,noisy_input,{},6.338334377538559,6.338334377538559,0.0,0.02699531428515911,0.0011864949483424425,0.034445535971188525,1.5221810340881348,0.9054233440146527
p232_253.wav,spectral_subtraction,"{""alpha"": 2.0, ""beta"": 0.02, ""noise_frames"": 6}",6.338334377538559,10.324739380336451,3.986405002797892,0.015563370659947395,0.0004738330899272114,0.021767707502794394,1.7567684650421143,0.8869024583155725
p232_253.wav,wavelet_denoise,"{""mode"": ""soft"", ""threshold_scale"": 1.0, ""wavelet"": ""db4""}",6.338334377538559,6.518594732497639,0.18026035495907955,0.026405148208141327,0.0011382556986063719,0.03373804526949319,1.6405562162399292,0.9043001482749263
p232_253.wav,frequency_masking,"{""mask_floor"": 0.05, ""noise_frames"": 6, ""threshold"": 2.0}",6.338334377538559,10.413966498628906,4.075632121090346,0.015198804438114166,0.00046419736463576555,0.021545239953079325,1.7953557968139648,0.8996962556156661
p232_254.wav,noisy_input,{},1.390663208328249,1.390663208328249,0.0,0.04979649931192398,0.004024164285510778,0.06343630100747347,1.2952803373336792,0.902540077902898
p232_254.wav,spectral_subtraction,"{""alpha"": 2.0, ""beta"": 0.02, ""noise_frames"": 6}",1.390663208328249,7.81880221959624,6.428139011267991,0.020900720730423927,0.0009159290348179638,0.0302643195003285,1.7292262315750122,0.8928394597153131
p232_254.wav,wavelet_denoise,"{""mode"": ""soft"", ""threshold_scale"": 1.0, ""wavelet"": ""db4""}",1.390663208328249,1.5095727339701375,0.11890952564188839,0.04912774637341499,0.0039154780097305775,0.06257378052931258,1.3823962211608887,0.9128980560526502
p232_254.wav,frequency_masking,"{""mask_floor"": 0.05, ""noise_frames"": 6, ""threshold"": 2.0}",1.390663208328249,5.246272458383599,3.85560925005535,0.02737022563815117,0.0016562077216804028,0.0406965320596289,1.6114039421081543,0.9016080464518407
p232_255.wav,noisy_input,{},15.730157026064981,15.730157026064981,0.0,0.007785934954881668,9.867208427749574e-05,0.009933382318097685,3.064789056777954,0.972167726871322
p232_255.wav,spectral_subtraction,"{""alpha"": 2.0, ""beta"": 0.02, ""noise_frames"": 6}",15.730157026064981,19.110537630095088,3.3803806040301065,0.0051960269920527935,4.530605292529799e-05,0.006730977115196425,3.0844619274139404,0.9700564635706985
p232_255.wav,wavelet_denoise,"{""mode"": ""soft"", ""threshold_scale"": 1.0, ""wavelet"": ""db4""}",15.730157026064981,15.789716987401533,0.05955996133655184,0.007739167660474777,9.732811304274946e-05,0.009865501155174504,3.0477590560913086,0.9746722892399365
p232_255.wav,frequency_masking,"{""mask_floor"": 0.05, ""noise_frames"": 6, ""threshold"": 2.0}",15.730157026064981,17.98087787123778,2.2507208451727987,0.0059100245125591755,5.876546856597997e-05,0.007665863849950635,3.043553590774536,0.9721011583016241
p232_256.wav,noisy_input,{},10.889131143849317,10.889131143849317,0.0,0.017535749822854996,0.000499625806696713,0.022352310992304867,2.8845443725585938,0.9564796221410578
p232_256.wav,spectral_subtraction,"{""alpha"": 2.0, ""beta"": 0.02, ""noise_frames"": 6}",10.889131143849317,17.64820617650048,6.759075032651163,0.007613761350512505,0.0001053749438142404,0.010265229847121807,2.631587266921997,0.9542398771597727
p232_256.wav,wavelet_denoise,"{""mode"": ""soft"", ""threshold_scale"": 1.0, ""wavelet"": ""db4""}",10.889131143849317,10.938855648336254,0.04972450448693699,0.01744907908141613,0.0004939379869028926,0.02222471567653662,2.89711856842041,0.9565715598381899
p232_256.wav,frequency_masking,"{""mask_floor"": 0.05, ""noise_frames"": 6, ""threshold"": 2.0}",10.889131143849317,15.173088964434454,4.283957820585137,0.009391848929226398,0.00018631553393788636,0.013649744830504575,2.807176351547241,0.9578671801569419
p232_257.wav,noisy_input,{},5.304321339545128,5.304321339545128,0.0,0.019123321399092674,0.0005540326819755137,0.02353789884368428,2.3246819972991943,0.9969768610359693
p232_257.wav,spectral_subtraction,"{""alpha"": 2.0, ""beta"": 0.02, ""noise_frames"": 6}",5.304321339545128,11.713965084131466,6.409643744586338,0.006808699574321508,0.00012664003588724881,0.011253445511808765,2.474017381668091,0.9966349694081794
p232_257.wav,wavelet_denoise,"{""mode"": ""soft"", ""threshold_scale"": 1.0, ""wavelet"": ""db4""}",5.304321339545128,5.353327294403161,0.04900595485803283,0.01901179738342762,0.0005478161037899554,0.02340547166347979,2.50435733795166,0.9969496357692126
p232_257.wav,frequency_masking,"{""mask_floor"": 0.05, ""noise_frames"": 6, ""threshold"": 2.0}",5.304321339545128,7.684847654942216,2.3805263153970886,0.012605401687324047,0.0003202452789992094,0.01789539826321866,2.5624067783355713,0.997183999354778
p232_258.wav,noisy_input,{},1.3597831516049892,1.3597831516049892,0.0,0.05013250559568405,0.003778435057029128,0.06146897637856944,1.7109638452529907,0.948545729867758
p232_258.wav,spectral_subtraction,"{""alpha"": 2.0, ""beta"": 0.02, ""noise_frames"": 6}",1.3597831516049892,11.920751567445132,10.560968415840144,0.012945122085511684,0.00033205890213139355,0.01822248342381997,2.008105516433716,0.937327931112905
p232_258.wav,wavelet_denoise,"{""mode"": ""soft"", ""threshold_scale"": 1.0, ""wavelet"": ""db4""}",1.3597831516049892,1.4113420695624879,0.05155891795749867,0.049798086285591125,0.003733843332156539,0.061105182531079466,1.8342220783233643,0.9496987691415941
p232_258.wav,frequency_masking,"{""mask_floor"": 0.05, ""noise_frames"": 6, ""threshold"": 2.0}",1.3597831516049892,9.185943137468941,7.826159985863952,0.016047298908233643,0.0006232983432710171,0.02496594366874637,1.9558556079864502,0.9443037586745449
p232_259.wav,noisy_input,{},16.563523254297547,16.563523254297547,0.0,0.006124098319560289,7.16645663487725e-05,0.008465492681986826,2.5497658252716064,0.9875387843390783
p232_259.wav,spectral_subtraction,"{""alpha"": 2.0, ""beta"": 0.02, ""noise_frames"": 6}",16.563523254297547,21.19130075739649,4.627777503098944,0.0035751655232161283,2.4690321879461408e-05,0.004968935688803127,2.7489731311798096,0.9842375643880014
p232_259.wav,wavelet_denoise,"{""mode"": ""soft"", ""threshold_scale"": 1.0, ""wavelet"": ""db4""}",16.563523254297547,16.600291188658396,0.03676793436084935,0.006090652197599411,7.106040720827878e-05,0.008429733519410846,2.568286895751953,0.9891299749677978
p232_259.wav,frequency_masking,"{""mask_floor"": 0.05, ""noise_frames"": 6, ""threshold"": 2.0}",16.563523254297547,20.36799076890423,3.804467514606685,0.0034555215388536453,2.9844050004612654e-05,0.005462970803931928,2.775799036026001,0.9866510226252732
p232_260.wav,noisy_input,{},10.841688556009945,10.841688556009945,0.0,0.011327055282890797,0.00022632887703366578,0.01504423068932625,1.755507230758667,0.9833104526063676
p232_260.wav,spectral_subtraction,"{""alpha"": 2.0, ""beta"": 0.02, ""noise_frames"": 6}",10.841688556009945,11.986078502636575,1.1443899466266299,0.009735139086842537,0.00017390056746080518,0.013187136439000135,1.9709681272506714,0.9732197102122988
p232_260.wav,wavelet_denoise,"{""mode"": ""soft"", ""threshold_scale"": 1.0, ""wavelet"": ""db4""}",10.841688556009945,11.27680135560432,0.4351127995943749,0.010771372355520725,0.00020475225755944848,0.014309166906548001,1.8608155250549316,0.9825479983928429
p232_260.wav,frequency_masking,"{""mask_floor"": 0.05, ""noise_frames"": 6, ""threshold"": 2.0}",10.841688556009945,12.256819341062075,1.4151307850521295,0.009418129920959473,0.0001633905339986086,0.012782430676464026,2.009650945663452,0.9814864506617359
p232_261.wav,noisy_input,{},6.552710035838974,6.552710035838974,0.0,0.030336391180753708,0.0014940692344680429,0.03865319177594578,1.2939331531524658,0.8771020830597984
p232_261.wav,spectral_subtraction,"{""alpha"": 2.0, ""beta"": 0.02, ""noise_frames"": 6}",6.552710035838974,7.76138032120954,1.208670285370566,0.024656545370817184,0.0011311069829389453,0.03363193397559744,1.4923796653747559,0.8658827466133225
p232_261.wav,wavelet_denoise,"{""mode"": ""soft"", ""threshold_scale"": 1.0, ""wavelet"": ""db4""}",6.552710035838974,6.949571495243969,0.3968614594049953,0.02894006483256817,0.001363592455163598,0.03692685276548217,1.4020016193389893,0.8773807110481875
p232_261.wav,frequency_masking,"{""mask_floor"": 0.05, ""noise_frames"": 6, ""threshold"": 2.0}",6.552710035838974,8.142592613865475,1.5898825780265007,0.024463685229420662,0.0010360542219132185,0.03218779616427969,1.4512859582901,0.8735378472472661
p232_263.wav,noisy_input,{},1.4464117691194336,1.4464117691194336,0.0,0.04851539433002472,0.004178010392934084,0.06463753083877882,1.1393927335739136,0.785521830415231
p232_263.wav,spectral_subtraction,"{""alpha"": 2.0, ""beta"": 0.02, ""noise_frames"": 6}",1.4464117691194336,5.417403518438578,3.9709917493191442,0.02786712720990181,0.001674442901276052,0.04091995724919629,1.1599204540252686,0.7606528659856439
p232_263.wav,wavelet_denoise,"{""mode"": ""soft"", ""threshold_scale"": 1.0, ""wavelet"": ""db4""}",1.4464117691194336,1.8844117499608237,0.43799998084139014,0.04568615183234215,0.003777195932343602,0.06145889628315499,1.1882574558258057,0.7936205699247129
p232_263.wav,frequency_masking,"{""mask_floor"": 0.05, ""noise_frames"": 6, ""threshold"": 2.0}",1.4464117691194336,4.830972019909531,3.3845602507900976,0.029456494376063347,0.0019165205303579569,0.04377808276247324,1.1741362810134888,0.7784599987461722
p232_264.wav,noisy_input,{},16.53135418972694,16.53135418972694,0.0,0.008636853657662868,0.00011807194096036255,0.010866091337751701,2.7120471000671387,0.9942281351616544
p232_264.wav,spectral_subtraction,"{""alpha"": 2.0, ""beta"": 0.02, ""noise_frames"": 6}",16.53135418972694,18.04911701172069,1.517762821993749,0.006923634558916092,8.324735244968906e-05,0.009123998709430479,3.1773314476013184,0.9936641209383433
p232_264.wav,wavelet_denoise,"{""mode"": ""soft"", ""threshold_scale"": 1.0, ""wavelet"": ""db4""}",16.53135418972694,16.435871776191295,-0.09548241353564535,0.008735722862184048,0.0001206965753226541,0.010986199311984746,2.417163610458374,0.9797828566630955
p232_264.wav,frequency_masking,"{""mask_floor"": 0.05, ""noise_frames"": 6, ""threshold"": 2.0}",16.53135418972694,18.7813130852104,2.2499588954834593,0.006335985381156206,7.033165456959978e-05,0.008386396995706783,2.966395854949951,0.994407650566685
p232_265.wav,noisy_input,{},10.760956401213313,10.760956401213313,0.0,0.01607845164835453,0.00040653193718753755,0.020162637158554868,1.7871583700180054,0.9428813156648684
p232_265.wav,spectral_subtraction,"{""alpha"": 2.0, ""beta"": 0.02, ""noise_frames"": 6}",10.760956401213313,15.292156953413876,4.531200552200563,0.00885004736483097,0.00014321041817311198,0.011967055534805208,1.877548098564148,0.9361352332950944
p232_265.wav,wavelet_denoise,"{""mode"": ""soft"", ""threshold_scale"": 1.0, ""wavelet"": ""db4""}",10.760956401213313,11.112545985245056,0.3515895840317427,0.01529682893306017,0.00037491749390028417,0.019362786315514722,1.754428505897522,0.9199554553076433
p232_265.wav,frequency_masking,"{""mask_floor"": 0.05, ""noise_frames"": 6, ""threshold"": 2.0}",10.760956401213313,14.54864811562138,3.7876917144080657,0.009920431300997734,0.00016995170153677464,0.0130365525173174,1.8638498783111572,0.9413119115764748
p232_266.wav,noisy_input,{},6.136072976299119,6.136072976299119,0.0,0.029124287888407707,0.0012999335303902626,0.03605459097521788,1.8168410062789917,0.9282430943187384
p232_266.wav,spectral_subtraction,"{""alpha"": 2.0, ""beta"": 0.02, ""noise_frames"": 6}",6.136072976299119,11.532627641045304,5.396554664746184,0.012969236820936203,0.00037520244950428605,0.019370143249451875,2.3161706924438477,0.9288845047970428
p232_266.wav,wavelet_denoise,"{""mode"": ""soft"", ""threshold_scale"": 1.0, ""wavelet"": ""db4""}",6.136072976299119,6.374111377272808,0.23803840097368845,0.02825656160712242,0.0012306011049076915,0.03507992452824965,1.7923240661621094,0.8828003937597189
p232_266.wav,frequency_masking,"{""mask_floor"": 0.05, ""noise_frames"": 6, ""threshold"": 2.0}",6.136072976299119,14.058823785287265,7.9227508089881455,0.010374289005994797,0.00020972300262656063,0.014481816275127945,2.2153115272521973,0.9362319063087962
p232_267.wav,noisy_input,{},1.6039180161416615,1.6039180161416615,0.0,0.052689775824546814,0.004389898851513863,0.06625631178622805,1.1999744176864624,0.8835853332975419
p232_267.wav,spectral_subtraction,"{""alpha"": 2.0, ""beta"": 0.02, ""noise_frames"": 6}",1.6039180161416615,6.698715689034117,5.094797672892455,0.0254354365170002,0.0013582344399765134,0.0368542323210851,1.2611140012741089,0.8666136492905199
p232_267.wav,wavelet_denoise,"{""mode"": ""soft"", ""threshold_scale"": 1.0, ""wavelet"": ""db4""}",1.6039180161416615,2.2053324964440835,0.601414480302422,0.04915899410843849,0.003822196740657091,0.0618239172218737,1.2940798997879028,0.8429540296313061
p232_267.wav,frequency_masking,"{""mask_floor"": 0.05, ""noise_frames"": 6, ""threshold"": 2.0}",1.6039180161416615,5.041535905052851,3.4376178889111895,0.03338732570409775,0.0019892652053385973,0.04460117941645263,1.253336787223816,0.8808955648091783
p232_268.wav,noisy_input,{},15.949535818916187,15.949535818916187,0.0,0.00910811685025692,0.0001233517104992643,0.011106381521416608,3.666080951690674,0.988933147763655
p232_268.wav,spectral_subtraction,"{""alpha"": 2.0, ""beta"": 0.02, ""noise_frames"": 6}",15.949535818916187,20.60576157189938,4.656225752983191,0.005137091036885977,4.2220424802508205e-05,0.006497724586538599,3.794705867767334,0.9871240978924039
p232_268.wav,wavelet_denoise,"{""mode"": ""soft"", ""threshold_scale"": 1.0, ""wavelet"": ""db4""}",15.949535818916187,15.899693213836422,-0.04984260507976579,0.009138575755059719,0.00012477552809286863,0.011170296687772828,3.497058629989624,0.9786436355427456
p232_268.wav,frequency_masking,"{""mask_floor"": 0.05, ""noise_frames"": 6, ""threshold"": 2.0}",15.949535818916187,19.976856634483863,4.027320815567675,0.005387218203395605,4.879924381384626e-05,0.006985645554553012,3.7719016075134277,0.9897483149714082
p232_269.wav,noisy_input,{},11.477820738799336,11.477820738799336,0.0,0.014874712564051151,0.00035151001065969467,0.01874860023200918,3.123616933822632,0.9880258332857863
p232_269.wav,spectral_subtraction,"{""alpha"": 2.0, ""beta"": 0.02, ""noise_frames"": 6}",11.477820738799336,16.051270967358697,4.573450228559361,0.00838513858616352,0.0001226288586622104,0.011073791521525517,3.0551047325134277,0.9812823777068598
p232_269.wav,wavelet_denoise,"{""mode"": ""soft"", ""threshold_scale"": 1.0, ""wavelet"": ""db4""}",11.477820738799336,11.502402733371026,0.024581994571690302,0.014804202131927013,0.0003495260316412896,0.018695615305233726,3.345985174179077,0.9846608257999451
p232_269.wav,frequency_masking,"{""mask_floor"": 0.05, ""noise_frames"": 6, ""threshold"": 2.0}",11.477820738799336,14.238736184601539,2.760915445802203,0.009545724838972092,0.00018614277360029519,0.013643415027048586,3.2225253582000732,0.9847730029912563
p232_270.wav,noisy_input,{},6.5007479577878975,6.5007479577878975,0.0,0.029212431982159615,0.001327473553828895,0.03643451047878776,2.799989938735962,0.9711559164566663
p232_270.wav,spectral_subtraction,"{""alpha"": 2.0, ""beta"": 0.02, ""noise_frames"": 6}",6.5007479577878975,14.138940639957791,7.638192682169894,0.010703065432608128,0.0002286686358274892,0.015121793406454448,3.035274028778076,0.9647445823790691
p232_270.wav,wavelet_denoise,"{""mode"": ""soft"", ""threshold_scale"": 1.0, ""wavelet"": ""db4""}",6.5007479577878975,6.526239053957457,0.025491096169559135,0.029075980186462402,0.0013197046937420964,0.03632774000322751,2.462944269180298,0.9622627166804202
p232_270.wav,frequency_masking,"{""mask_floor"": 0.05, ""noise_frames"": 6, ""threshold"": 2.0}",6.5007479577878975,9.594764534435935,3.0940165766480376,0.017482593655586243,0.000651064794510603,0.025515971361298455,3.344364643096924,0.9692952692998869
p232_271.wav,noisy_input,{},1.4248145309831575,1.4248145309831575,0.0,0.04743782430887222,0.0033322179224342108,0.05772536636899077,2.3446178436279297,0.9670380281162047
p232_271.wav,spectral_subtraction,"{""alpha"": 2.0, ""beta"": 0.02, ""noise_frames"": 6}",1.4248145309831575,13.784982113869553,12.360167582886396,0.00941534899175167,0.00019351589435245842,0.013910999042213266,2.6306819915771484,0.9656134877329513
p232_271.wav,wavelet_denoise,"{""mode"": ""soft"", ""threshold_scale"": 1.0, ""wavelet"": ""db4""}",1.4248145309831575,1.4913067345256739,0.06649220354251639,0.046991586685180664,0.003281588898971677,0.05728515426331395,2.073556661605835,0.9493929112021094
p232_271.wav,frequency_masking,"{""mask_floor"": 0.05, ""noise_frames"": 6, ""threshold"": 2.0}",1.4248145309831575,8.23318429997859,6.808369768995432,0.01636861450970173,0.0006948585505597293,0.02636016977486544,2.690263509750366,0.969766233049824
p232_272.wav,noisy_input,{},15.937860375352901,15.937860375352901,0.0,0.010041086003184319,0.00021576540893875062,0.014688955338578391,2.8667047023773193,0.9163632230214962
p232_272.wav,spectral_subtraction,"{""alpha"": 2.0, ""beta"": 0.02, ""noise_frames"": 6}",15.937860375352901,17.230160105525634,1.2922997301727328,0.009618059732019901,0.00016023295756895095,0.012658315747719005,2.8570871353149414,0.9094827047064168
p232_272.wav,wavelet_denoise,"{""mode"": ""soft"", ""threshold_scale"": 1.0, ""wavelet"": ""db4""}",15.937860375352901,15.958212752526277,0.020352377173376013,0.010060911066830158,0.00021475664107128978,0.014654577478429387,2.7471039295196533,0.9173571121265879
p232_272.wav,frequency_masking,"{""mask_floor"": 0.05, ""noise_frames"": 6, ""threshold"": 2.0}",15.937860375352901,17.71265774606437,1.7747973707114681,0.0076656462624669075,0.00014338445907924324,0.011974324994722802,3.0057425498962402,0.9151098239645746
p232_273.wav,noisy_input,{},10.734259888863216,10.734259888863216,0.0,0.015010992996394634,0.00038337992737069726,0.01958009007565331,2.1305673122406006,0.9519872481622557
p232_273.wav,spectral_subtraction,"{""alpha"": 2.0, ""beta"": 0.02, ""noise_frames"": 6}",10.734259888863216,13.042110686549774,2.3078507976865588,0.010745760053396225,0.00022534311574418098,0.015011432834482556,2.2738497257232666,0.9330061348833947
p232_273.wav,wavelet_denoise,"{""mode"": ""soft"", ""threshold_scale"": 1.0, ""wavelet"": ""db4""}",10.734259888863216,10.848140131338493,0.11388024247527717,0.014794272370636463,0.0003734576457645744,0.01932505228361813,2.2425684928894043,0.9525869269976586
p232_273.wav,frequency_masking,"{""mask_floor"": 0.05, ""noise_frames"": 6, ""threshold"": 2.0}",10.734259888863216,11.609744222583757,0.8754843337205411,0.012957369908690453,0.00031338699045591056,0.01770273963136527,2.3289778232574463,0.9437929168049939
p232_274.wav,noisy_input,{},6.430296302243166,6.430296302243166,0.0,0.02617095783352852,0.0012171509442850947,0.034887690440685445,1.6636236906051636,0.8949131041017075
p232_274.wav,spectral_subtraction,"{""alpha"": 2.0, ""beta"": 0.02, ""noise_frames"": 6}",6.430296302243166,9.417947831545968,2.987651529302802,0.016214070841670036,0.000611757452134043,0.024733731059709593,2.031013250350952,0.8653239596227705
p232_274.wav,wavelet_denoise,"{""mode"": ""soft"", ""threshold_scale"": 1.0, ""wavelet"": ""db4""}",6.430296302243166,6.5757776633342235,0.1454813610910577,0.025623338297009468,0.0011770537821576,0.03430821741445626,1.7472095489501953,0.895304341775758
p232_274.wav,frequency_masking,"{""mask_floor"": 0.05, ""noise_frames"": 6, ""threshold"": 2.0}",6.430296302243166,7.995922846508943,1.5656265442657773,0.01971770077943802,0.0008487538434565067,0.029133380227095287,2.033323049545288,0.8828810151905097
p232_275.wav,noisy_input,{},1.4908780403827881,1.4908780403827881,0.0,0.0333121232688427,0.0021203202195465565,0.04604693496364939,1.3050819635391235,0.8982513443820966
p232_275.wav,spectral_subtraction,"{""alpha"": 2.0, ""beta"": 0.02, ""noise_frames"": 6}",1.4908780403827881,6.110860210052088,4.6199821696693,0.016199102625250816,0.0007318182615563273,0.02705213968536181,1.5594055652618408,0.8748561475128378
p232_275.wav,wavelet_denoise,"{""mode"": ""soft"", ""threshold_scale"": 1.0, ""wavelet"": ""db4""}",1.4908780403827881,1.6346178871566854,0.14373984677389728,0.03260979801416397,0.002051291987299919,0.045291191056318215,1.4233334064483643,0.9012229728169886
p232_275.wav,frequency_masking,"{""mask_floor"": 0.05, ""noise_frames"": 6, ""threshold"": 2.0}",1.4908780403827881,4.150535758658375,2.6596577182755867,0.01981692761182785,0.0011493060737848282,0.03390141698786097,1.5082613229751587,0.8929942206400387
p232_276.wav,noisy_input,{},16.300902983336062,16.300902983336062,0.0,0.011021535843610764,0.0001650631456868723,0.012847690286073693,3.2262749671936035,0.9948127874234245
p232_276.wav,spectral_subtraction,"{""alpha"": 2.0, ""beta"": 0.02, ""noise_frames"": 6}",16.300902983336062,23.00162681552046,6.700723832184398,0.004468458704650402,3.5283992474433035e-05,0.005940033036476568,3.5295684337615967,0.9947660415325376
p232_276.wav,wavelet_denoise,"{""mode"": ""soft"", ""threshold_scale"": 1.0, ""wavelet"": ""db4""}",16.300902983336062,16.340446593487805,0.03954361015174257,0.010954424738883972,0.00016356701962649822,0.012789332258820169,3.2830989360809326,0.9931699967956483
p232_276.wav,frequency_masking,"{""mask_floor"": 0.05, ""noise_frames"": 6, ""threshold"": 2.0}",16.300902983336062,24.353351846602557,8.052448863266495,0.00398078141734004,2.5846708012977615e-05,0.005083965776141458,3.4481348991394043,0.9950787215869837
p232_277.wav,noisy_input,{},11.48046135837383,11.48046135837383,0.0,0.01899149641394615,0.0004907741094939411,0.02215342207185926,2.333956480026245,0.9496216605123684
p232_277.wav,spectral_subtraction,"{""alpha"": 2.0, ""beta"": 0.02, ""noise_frames"": 6}",11.48046135837383,17.890171831737344,6.409710473363514,0.007692870683968067,0.00011217875726288185,0.010591447363929155,2.3962388038635254,0.9347447303422547
p232_277.wav,wavelet_denoise,"{""mode"": ""soft"", ""threshold_scale"": 1.0, ""wavelet"": ""db4""}",11.48046135837383,11.51623199380868,0.03577063543484904,0.01888152025640011,0.00048674846766516566,0.022062376745608476,2.3357884883880615,0.94636367790645
p232_277.wav,frequency_masking,"{""mask_floor"": 0.05, ""noise_frames"": 6, ""threshold"": 2.0}",11.48046135837383,17.256544438248795,5.776083079874965,0.008348640985786915,0.00012979960592929274,0.01139296300043552,2.4408228397369385,0.9406433053747526
p232_278.wav,noisy_input,{},5.558351818218334,5.558351818218334,0.0,0.030021458864212036,0.0014562680153176188,0.03816107984999401,3.2191498279571533,0.9865537253955363
p232_278.wav,spectral_subtraction,"{""alpha"": 2.0, ""beta"": 0.02, ""noise_frames"": 6}",5.558351818218334,12.942475516959696,7.384123698741362,0.009827368892729282,0.0002659677411429584,0.016308517441599602,3.00085711479187,0.9807663334014556
p232_278.wav,wavelet_denoise,"{""mode"": ""soft"", ""threshold_scale"": 1.0, ""wavelet"": ""db4""}",5.558351818218334,5.57200047288171,0.013648654663375837,0.029961884021759033,0.0014516985975205898,0.038101162679380136,3.3213143348693848,0.9855299925372202
p232_278.wav,frequency_masking,"{""mask_floor"": 0.05, ""noise_frames"": 6, ""threshold"": 2.0}",5.558351818218334,8.230495970578387,2.672144152360053,0.017795918509364128,0.0007870945264585316,0.028055204979798874,3.2169394493103027,0.9832227710458029
p232_279.wav,noisy_input,{},0.7260686302621391,0.7260686302621391,0.0,0.05264034494757652,0.004193998873233795,0.06476109073536204,1.2333735227584839,0.7915781949445755
p232_279.wav,spectral_subtraction,"{""alpha"": 2.0, ""beta"": 0.02, ""noise_frames"": 6}",0.7260686302621391,8.141671968247982,7.415603337985843,0.019674746319651604,0.0007604453130625188,0.027576172922697574,1.2434204816818237,0.7832549829118994
p232_279.wav,wavelet_denoise,"{""mode"": ""soft"", ""threshold_scale"": 1.0, ""wavelet"": ""db4""}",0.7260686302621391,1.280046489215679,0.55397785895354,0.04960924759507179,0.0036917352117598057,0.06075965118201228,1.2617816925048828,0.8029933295728034
p232_279.wav,frequency_masking,"{""mask_floor"": 0.05, ""noise_frames"": 6, ""threshold"": 2.0}",0.7260686302621391,6.570471733043344,5.844403102781205,0.024608707055449486,0.0010919129708781838,0.03304410644696243,1.251699447631836,0.788946830328634
p232_280.wav,noisy_input,{},16.277877272382714,16.277877272382714,0.0,0.008500143885612488,0.00012252351734787226,0.011069034165087406,1.6724635362625122,0.9115434532779448
p232_280.wav,spectral_subtraction,"{""alpha"": 2.0, ""beta"": 0.02, ""noise_frames"": 6}",16.277877272382714,15.470339554482315,-0.8075377179003986,0.00875887181609869,0.0001475615572417155,0.012147491808670443,1.9801485538482666,0.901731098396997
p232_280.wav,wavelet_denoise,"{""mode"": ""soft"", ""threshold_scale"": 1.0, ""wavelet"": ""db4""}",16.277877272382714,16.737104345598873,0.45922707321615874,0.008060624822974205,0.00011022922990377992,0.010499010901212549,1.7674884796142578,0.9110610344789112
p232_280.wav,frequency_masking,"{""mask_floor"": 0.05, ""noise_frames"": 6, ""threshold"": 2.0}",16.277877272382714,17.997372484791843,1.7194952124091287,0.0068611386232078075,8.246505603892729e-05,0.009081027256810063,1.9336401224136353,0.9075359346105468
p232_281.wav,noisy_input,{},9.771762362786934,9.771762362786934,0.0,0.01988953724503517,0.0006399329286068678,0.025296895631813556,1.6145129203796387,0.8085666498269197
p232_281.wav,spectral_subtraction,"{""alpha"": 2.0, ""beta"": 0.02, ""noise_frames"": 6}",9.771762362786934,11.833779387085333,2.062017024298399,0.013041188940405846,0.0003980455221608281,0.019951078220507987,1.7152284383773804,0.8077262158616652
p232_281.wav,wavelet_denoise,"{""mode"": ""soft"", ""threshold_scale"": 1.0, ""wavelet"": ""db4""}",9.771762362786934,10.190070168858544,0.4183078060716099,0.01886831596493721,0.0005811706651002169,0.02410748151716012,1.6310107707977295,0.814199648252708
p232_281.wav,frequency_masking,"{""mask_floor"": 0.05, ""noise_frames"": 6, ""threshold"": 2.0}",9.771762362786934,12.198018770475738,2.426256407688804,0.014073516242206097,0.00036602336331270635,0.01913173706992406,1.6910741329193115,0.8160242717193726
p232_282.wav,noisy_input,{},6.675796843665394,6.675796843665394,0.0,0.020985892042517662,0.001108395168557763,0.03329256926939949,2.0535569190979004,0.9580245374825889
p232_282.wav,spectral_subtraction,"{""alpha"": 2.0, ""beta"": 0.02, ""noise_frames"": 6}",6.675796843665394,9.573465593400549,2.897668749735155,0.013908655382692814,0.0005687582888640463,0.023848653816600347,2.0401957035064697,0.9465969343290876
p232_282.wav,wavelet_denoise,"{""mode"": ""soft"", ""threshold_scale"": 1.0, ""wavelet"": ""db4""}",6.675796843665394,6.725360820240692,0.049563976575297986,0.020793143659830093,0.0010958175407722592,0.03310313490852882,2.114485263824463,0.9556841346576348
p232_282.wav,frequency_masking,"{""mask_floor"": 0.05, ""noise_frames"": 6, ""threshold"": 2.0}",6.675796843665394,8.269350697038037,1.5935538533726437,0.013866427354514599,0.0007679611444473267,0.027712111872741252,2.2276904582977295,0.9554858510830461
p232_283.wav,noisy_input,{},0.3341346778436446,0.3341346778436446,0.0,0.05943148210644722,0.005737311206758022,0.07574504080636581,1.2439714670181274,0.7623808556413014
p232_283.wav,spectral_subtraction,"{""alpha"": 2.0, ""beta"": 0.02, ""noise_frames"": 6}",0.3341346778436446,3.8610374553085993,3.526902777464955,0.03416837006807327,0.0025469365064054728,0.05046718246945705,1.255562663078308,0.6954438180611
p232_283.wav,wavelet_denoise,"{""mode"": ""soft"", ""threshold_scale"": 1.0, ""wavelet"": ""db4""}",0.3341346778436446,0.8773685707195165,0.5432338928758719,0.05543677508831024,0.005062732845544815,0.07115288360667342,1.3148013353347778,0.7713389952098761
p232_283.wav,frequency_masking,"{""mask_floor"": 0.05, ""noise_frames"": 6, ""threshold"": 2.0}",0.3341346778436446,2.66946401771016,2.3353293398665156,0.04246990755200386,0.003351008053869009,0.057887892118032844,1.3706696033477783,0.7241111226654988
p232_284.wav,noisy_input,{},16.26831034030831,16.26831034030831,0.0,0.006964500993490219,7.667967292945832e-05,0.008756693036155734,2.6021528244018555,0.9938892119201882
p232_284.wav,spectral_subtraction,"{""alpha"": 2.0, ""beta"": 0.02, ""noise_frames"": 6}",16.26831034030831,18.071036086330242,1.802725746021931,0.0048981583677232265,5.0629969337023795e-05,0.007115473936219835,2.9827072620391846,0.9925297321693497
p232_284.wav,wavelet_denoise,"{""mode"": ""soft"", ""threshold_scale"": 1.0, ""wavelet"": ""db4""}",16.26831034030831,16.449136391936456,0.18082605162814502,0.006778628099709749,7.355253183050081e-05,0.008576277271083347,2.239319086074829,0.973413423580444
p232_284.wav,frequency_masking,"{""mask_floor"": 0.05, ""noise_frames"": 6, ""threshold"": 2.0}",16.26831034030831,20.548345681482054,4.280035341173743,0.003949734847992659,2.8620466764550656e-05,0.0053498099746206555,2.892483949661255,0.9943487783263312
p232_285.wav,noisy_input,{},10.416414836917632,10.416414836917632,0.0,0.02438027411699295,0.000919582205824554,0.030324613861095643,2.1460180282592773,0.9271334995365264
p232_285.wav,spectral_subtraction,"{""alpha"": 2.0, ""beta"": 0.02, ""noise_frames"": 6}",10.416414836917632,15.114315979860756,4.697901142943124,0.012018582783639431,0.00031174567993730307,0.017656321245868377,2.2613675594329834,0.909832423652253
p232_285.wav,wavelet_denoise,"{""mode"": ""soft"", ""threshold_scale"": 1.0, ""wavelet"": ""db4""}",10.416414836917632,10.89023395504653,0.47381911812889754,0.023096689954400063,0.0008245341596193612,0.028714702847484966,2.126275062561035,0.9161229503054044
p232_285.wav,frequency_masking,"{""mask_floor"": 0.05, ""noise_frames"": 6, ""threshold"": 2.0}",10.416414836917632,16.392741472390277,5.976326635472645,0.011469856835901737,0.00023225117183756083,0.015239789100822913,2.3431358337402344,0.9229650945457176
p232_286.wav,noisy_input,{},5.914406108100226,5.914406108100226,0.0,0.02916691079735756,0.0013462810311466455,0.03669170248362217,1.569063663482666,0.9110291095615458
p232_286.wav,spectral_subtraction,"{""alpha"": 2.0, ""beta"": 0.02, ""noise_frames"": 6}",5.914406108100226,10.733080933424251,4.818674825324025,0.013982008211314678,0.0004438827163539827,0.02106852430413632,1.7278807163238525,0.9026057870133563
p232_286.wav,wavelet_denoise,"{""mode"": ""soft"", ""threshold_scale"": 1.0, ""wavelet"": ""db4""}",5.914406108100226,6.467079455883713,0.5526733477834869,0.02723333239555359,0.0011854094918817282,0.03442977623920504,1.6793773174285889,0.8873997977143744
p232_286.wav,frequency_masking,"{""mask_floor"": 0.05, ""noise_frames"": 6, ""threshold"": 2.0}",5.914406108100226,11.121625047289323,5.207218939189096,0.014272759668529034,0.00040589511627331376,0.020146838865522147,1.7681090831756592,0.9090478805925941
p232_287.wav,noisy_input,{},0.7069009820548864,0.7069009820548864,0.0,0.032289180904626846,0.0016160361701622605,0.04019995236517402,1.3405576944351196,0.8903715131078416
p232_287.wav,spectral_subtraction,"{""alpha"": 2.0, ""beta"": 0.02, ""noise_frames"": 6}",0.7069009820548864,6.675939680673002,5.969038698618116,0.01406566146761179,0.00040883419569581747,0.020219648753027772,1.3824185132980347,0.880137581869336
p232_287.wav,wavelet_denoise,"{""mode"": ""soft"", ""threshold_scale"": 1.0, ""wavelet"": ""db4""}",0.7069009820548864,1.3706242632599062,0.6637232812050198,0.02999420277774334,0.0013870073016732931,0.03724254692785246,1.413815975189209,0.8854389538597116
p232_287.wav,frequency_masking,"{""mask_floor"": 0.05, ""noise_frames"": 6, ""threshold"": 2.0}",0.7069009820548864,4.579893083657412,3.8729921016025255,0.01929698884487152,0.0006624481175094843,0.025738067478143816,1.466188669204712,0.8926415304007964
p232_288.wav,noisy_input,{},15.43646199163087,15.43646199163087,0.0,0.011548858135938644,0.00019772586529143155,0.0140615029527939,3.4279143810272217,0.9876716585375108
p232_288.wav,spectral_subtraction,"{""alpha"": 2.0, ""beta"": 0.02, ""noise_frames"": 6}",15.43646199163087,23.306048015061883,7.8695860234310135,0.00418777484446764,3.229274079785682e-05,0.005682670217235629,3.6834261417388916,0.9830760537389875
p232_288.wav,wavelet_denoise,"{""mode"": ""soft"", ""threshold_scale"": 1.0, ""wavelet"": ""db4""}",15.43646199163087,15.450145238690522,0.01368324705965307,0.011523968540132046,0.00019710387277882546,0.014039368674510456,3.555809497833252,0.9834711366086661
p232_288.wav,frequency_masking,"{""mask_floor"": 0.05, ""noise_frames"": 6, ""threshold"": 2.0}",15.43646199163087,25.864748630537303,10.428286638906433,0.0032170554623007774,1.7915743228513747e-05,0.0042326992839692434,3.599947929382324,0.9829708617077539
p232_289.wav,noisy_input,{},11.466147527401668,11.466147527401668,0.0,0.01172676682472229,0.0002199941227445379,0.014832198850626898,3.408398389816284,0.9994073910283156
p232_289.wav,spectral_subtraction,"{""alpha"": 2.0, ""beta"": 0.02, ""noise_frames"": 6}",11.466147527401668,21.324299533799383,9.858152006397715,0.0034842819441109896,2.272981328133028e-05,0.004767579394339467,3.848602533340454,0.9990181228799272
p232_289.wav,wavelet_denoise,"{""mode"": ""soft"", ""threshold_scale"": 1.0, ""wavelet"": ""db4""}",11.466147527401668,11.490239896390337,0.02409236898866851,0.01167792733758688,0.00021877708786632866,0.014791115166420978,3.2458670139312744,0.9930598145346096
p232_289.wav,frequency_masking,"{""mask_floor"": 0.05, ""noise_frames"": 6, ""threshold"": 2.0}",11.466147527401668,16.40026279046638,4.93411526306471,0.00535065121948719,7.063167868182063e-05,0.008404265505195598,3.7883691787719727,0.9994237502814629
p232_290.wav,noisy_input,{},4.754253243524092,4.754253243524092,0.0,0.036267511546611786,0.0019416693830862641,0.04406437771132442,2.8821070194244385,0.9952627869803835
p232_290.wav,spectral_subtraction,"{""alpha"": 2.0, ""beta"": 0.02, ""noise_frames"": 6}",4.754253243524092,16.66102345334063,11.906770209816537,0.007085296791046858,0.00012516941933427006,0.011187913984933476,3.4565675258636475,0.9938926413232744
p232_290.wav,wavelet_denoise,"{""mode"": ""soft"", ""threshold_scale"": 1.0, ""wavelet"": ""db4""}",4.754253243524092,4.822394434917811,0.06814119139371932,0.03600715845823288,0.0019114421447739005,0.043720042826761965,2.90702748298645,0.994406504443117
p232_290.wav,frequency_masking,"{""mask_floor"": 0.05, ""noise_frames"": 6, ""threshold"": 2.0}",4.754253243524092,21.301397334853945,16.547144091329855,0.00463141081854701,4.2999246943509206e-05,0.0065573811040314876,3.0683951377868652,0.9961125381128763
p232_291.wav,noisy_input,{},0.5706883800835345,0.5706883800835345,0.0,0.04620702192187309,0.0031829006038606167,0.05641720131183943,2.1942858695983887,0.9977566597207596
p232_291.wav,spectral_subtraction,"{""alpha"": 2.0, ""beta"": 0.02, ""noise_frames"": 6}",0.5706883800835345,9.5265632993833,8.955874919299765,0.011651563458144665,0.0004047953989356756,0.020119527801011523,2.8128371238708496,0.9960524982915965
p232_291.wav,wavelet_denoise,"{""mode"": ""soft"", ""threshold_scale"": 1.0, ""wavelet"": ""db4""}",0.5706883800835345,0.6303527854098261,0.05966440532629158,0.04581589624285698,0.0031394721008837223,0.05603099232463871,2.1112749576568604,0.9782643201298906
p232_291.wav,frequency_masking,"{""mask_floor"": 0.05, ""noise_frames"": 6, ""threshold"": 2.0}",0.5706883800835345,3.7117109136759847,3.14102253359245,0.026279637590050697,0.0015442613512277603,0.03929709087486961,2.6417887210845947,0.9978983522980925
p232_292.wav,noisy_input,{},15.126037527487217,15.126037527487217,0.0,0.005632317159324884,5.5382628488587216e-05,0.007441950583589441,2.781717538833618,0.9939399070535169
p232_292.wav,spectral_subtraction,"{""alpha"": 2.0, ""beta"": 0.02, ""noise_frames"": 6}",15.126037527487217,19.16016525484173,4.034127727354512,0.003150496631860733,2.1875641323276795e-05,0.004677140293307097,3.0274972915649414,0.9929421664865719
p232_292.wav,wavelet_denoise,"{""mode"": ""soft"", ""threshold_scale"": 1.0, ""wavelet"": ""db4""}",15.126037527487217,15.208638779859136,0.08260125237191929,0.00557129830121994,5.433922342490405e-05,0.007371514323726438,2.878664016723633,0.9951776624267051
p232_292.wav,frequency_masking,"{""mask_floor"": 0.05, ""noise_frames"": 6, ""threshold"": 2.0}",15.126037527487217,17.42269869850912,2.2966611710219027,0.00392523966729641,3.26367917296011e-05,0.005712861956112812,3.0140323638916016,0.9940868950431396
p232_293.wav,noisy_input,{},11.557401654714688,11.557401654714688,0.0,0.015306703746318817,0.0003948080411646515,0.019869777078886704,1.9689990282058716,0.95657299078547
p232_293.wav,spectral_subtraction,"{""alpha"": 2.0, ""beta"": 0.02, ""noise_frames"": 6}",11.557401654714688,14.720360432250612,3.1629587775359234,0.010128829628229141,0.00019058561883866787,0.013805275036690427,2.24320650100708,0.9497776864289763
p232_293.wav,wavelet_denoise,"{""mode"": ""soft"", ""threshold_scale"": 1.0, ""wavelet"": ""db4""}",11.557401654714688,11.727036552926238,0.16963489821154987,0.01497271191328764,0.00037968417746014893,0.019485486328551026,2.200824737548828,0.9572697473175489
p232_293.wav,frequency_masking,"{""mask_floor"": 0.05, ""noise_frames"": 6, ""threshold"": 2.0}",11.557401654714688,14.325461912682634,2.768060257967946,0.0104000149294734,0.0002087276370730251,0.01444740935507211,2.2161147594451904,0.9549301864663515
p232_294.wav,noisy_input,{},6.517991348684598,6.517991348684598,0.0,0.023351669311523438,0.000998227042146027,0.03159473124028794,1.6958436965942383,0.931678213322361
p232_294.wav,spectral_subtraction,"{""alpha"": 2.0, ""beta"": 0.02, ""noise_frames"": 6}",6.517991348684598,9.181352707815527,2.6633613591309295,0.015493442304432392,0.0005406214040704072,0.023251266719695234,1.8011279106140137,0.8919940313547075
p232_294.wav,wavelet_denoise,"{""mode"": ""soft"", ""threshold_scale"": 1.0, ""wavelet"": ""db4""}",6.517991348684598,6.620410624431336,0.1024192757467377,0.023045485839247704,0.0009749614400789142,0.03122437253298958,1.8178410530090332,0.9345731784940537
p232_294.wav,frequency_masking,"{""mask_floor"": 0.05, ""noise_frames"": 6, ""threshold"": 2.0}",6.517991348684598,8.250463769135086,1.7324724204504882,0.017455967143177986,0.0006698570214211941,0.025881596191525632,1.9115875959396362,0.9035522549990438
p232_295.wav,noisy_input,{},1.4296774433330364,1.4296774433330364,0.0,0.05653556063771248,0.005456168670207262,0.07386588299213151,1.334418773651123,0.8780863995620082
p232_295.wav,spectral_subtraction,"{""alpha"": 2.0, ""beta"": 0.02, ""noise_frames"": 6}",1.4296774433330364,7.101148604756975,5.6714711614239395,0.02589201182126999,0.0014782254584133625,0.038447697699776025,1.485416054725647,0.8604083666109713
p232_295.wav,wavelet_denoise,"{""mode"": ""soft"", ""threshold_scale"": 1.0, ""wavelet"": ""db4""}",1.4296774433330364,1.5768777779420942,0.1472003346090578,0.055438458919525146,0.005274335388094187,0.07262461971049615,1.4178128242492676,0.8840965589633004
p232_295.wav,frequency_masking,"{""mask_floor"": 0.05, ""noise_frames"": 6, ""threshold"": 2.0}",1.4296774433330364,6.57185842673751,5.142180983404474,0.026204034686088562,0.0016698201652616262,0.040863433106649596,1.4408553838729858,0.8745776899626686
p232_296.wav,noisy_input,{},15.989373228162624,15.989373228162624,0.0,0.010566947981715202,0.00014668960648123175,0.012111548475782597,2.9780311584472656,0.9550496872460681
p232_296.wav,spectral_subtraction,"{""alpha"": 2.0, ""beta"": 0.02, ""noise_frames"": 6}",15.989373228162624,20.387964954707005,4.398591726544382,0.0055144368670880795,5.3277050028555095e-05,0.0072991129617615245,2.982680082321167,0.9494585634755831
p232_296.wav,wavelet_denoise,"{""mode"": ""soft"", ""threshold_scale"": 1.0, ""wavelet"": ""db4""}",15.989373228162624,16.052827476578123,0.06345424841549985,0.010476037859916687,0.00014456191274803132,0.012023390235205348,3.180284023284912,0.9577945226956603
p232_296.wav,frequency_masking,"{""mask_floor"": 0.05, ""noise_frames"": 6, ""threshold"": 2.0}",15.989373228162624,23.268642192038467,7.279268963875843,0.004138377960771322,2.7445581508800387e-05,0.005238853071885142,3.117877244949341,0.9539314606047987
p232_297.wav,noisy_input,{},11.009686092089774,11.009686092089774,0.0,0.0199726689606905,0.0006199642084538937,0.02489908047406357,3.2673022747039795,0.941545723614904
p232_297.wav,spectral_subtraction,"{""alpha"": 2.0, ""beta"": 0.02, ""noise_frames"": 6}",11.009686092089774,17.345728219892447,6.336042127802672,0.008722647093236446,0.00014413266035262495,0.012005526242219662,3.2794699668884277,0.9449827816717321
p232_297.wav,wavelet_denoise,"{""mode"": ""soft"", ""threshold_scale"": 1.0, ""wavelet"": ""db4""}",11.009686092089774,11.028391599396913,0.018705507307139158,0.019909203052520752,0.0006172996945679188,0.024845516588872102,3.3597116470336914,0.942316532506603
p232_297.wav,frequency_masking,"{""mask_floor"": 0.05, ""noise_frames"": 6, ""threshold"": 2.0}",11.009686092089774,13.892982209760355,2.8832961176705805,0.01262179296463728,0.0003191809810232371,0.017865636877067582,3.336280345916748,0.9438580610569035
p232_298.wav,noisy_input,{},5.133288930898835,5.133288930898835,0.0,0.028066813945770264,0.0010751206427812576,0.032789032355061316,2.117832899093628,0.9441837723202694
p232_298.wav,spectral_subtraction,"{""alpha"": 2.0, ""beta"": 0.02, ""noise_frames"": 6}",5.133288930898835,11.023888578475669,5.890599647576834,0.010580177418887615,0.0002769473649095744,0.016641735633928765,1.7624553442001343,0.9255745946470353
p232_298.wav,wavelet_denoise,"{""mode"": ""soft"", ""threshold_scale"": 1.0, ""wavelet"": ""db4""}",5.133288930898835,5.240870576707897,0.10758164580906193,0.027760900557041168,0.0010488154366612434,0.032385420124822276,2.310957431793213,0.9522018561222488
p232_298.wav,frequency_masking,"{""mask_floor"": 0.05, ""noise_frames"": 6, ""threshold"": 2.0}",5.133288930898835,15.094752525021304,9.96146359412247,0.0074065010994672775,0.00010847030353033915,0.01041490775428852,2.0414493083953857,0.9363872343887262
p232_299.wav,noisy_input,{},0.32915991861097105,0.32915991861097105,0.0,0.05441451445221901,0.004615533631294966,0.06793771876722801,2.4806227684020996,0.9066694775374095
p232_299.wav,spectral_subtraction,"{""alpha"": 2.0, ""beta"": 0.02, ""noise_frames"": 6}",0.32915991861097105,5.162275471456532,4.833115552845561,0.02576109953224659,0.0015167372766882181,0.03894531135692997,2.7635085582733154,0.9075117286466121
p232_299.wav,wavelet_denoise,"{""mode"": ""soft"", ""threshold_scale"": 1.0, ""wavelet"": ""db4""}",0.32915991861097105,0.34490060206640505,0.015740683455434,0.054317306727170944,0.0045988354831933975,0.06781471435605549,2.516303300857544,0.9087030808139552
p232_299.wav,frequency_masking,"{""mask_floor"": 0.05, ""noise_frames"": 6, ""threshold"": 2.0}",0.32915991861097105,1.7547819375818925,1.4256220189709214,0.04156867042183876,0.0033239901531487703,0.05765405582566391,2.7107903957366943,0.9079072716447274
p232_300.wav,noisy_input,{},15.145790265219555,15.145790265219555,0.0,0.010800265707075596,0.00019310842617414892,0.013896345784923061,2.2602057456970215,0.8897149421374191
p232_300.wav,spectral_subtraction,"{""alpha"": 2.0, ""beta"": 0.02, ""noise_frames"": 6}",15.145790265219555,17.644774224635075,2.4989839594155203,0.007578122429549694,0.00010861826012842357,0.01042200844983459,2.3104841709136963,0.8828385067806581
p232_300.wav,wavelet_denoise,"{""mode"": ""soft"", ""threshold_scale"": 1.0, ""wavelet"": ""db4""}",15.145790265219555,15.563869548111885,0.41807928289233054,0.010268540121614933,0.00017538534302730113,0.013243313143896474,2.3039979934692383,0.8871631927134422
p232_300.wav,frequency_masking,"{""mask_floor"": 0.05, ""noise_frames"": 6, ""threshold"": 2.0}",15.145790265219555,16.77338670762778,1.6275964424082243,0.008627660572528839,0.00013275216042529792,0.01152181237589373,2.37532639503479,0.8858960212436758
p232_301.wav,noisy_input,{},10.263022363786185,10.263022363786185,0.0,0.01334085687994957,0.0003076119755860418,0.017538870419329798,1.9224504232406616,0.9703007115119117
p232_301.wav,spectral_subtraction,"{""alpha"": 2.0, ""beta"": 0.02, ""noise_frames"": 6}",10.263022363786185,15.757718098017941,5.494695734231756,0.006565628107637167,8.680278551764786e-05,0.009316801249229687,2.0089399814605713,0.9660210173128979
p232_301.wav,wavelet_denoise,"{""mode"": ""soft"", ""threshold_scale"": 1.0, ""wavelet"": ""db4""}",10.263022363786185,10.453464445444657,0.19044208165847287,0.01302096713334322,0.0002944143780041486,0.0171585074526938,2.025057554244995,0.9715900387594226
p232_301.wav,frequency_masking,"{""mask_floor"": 0.05, ""noise_frames"": 6, ""threshold"": 2.0}",10.263022363786185,14.448798154584377,4.185775790798193,0.007505020592361689,0.00011733447900041938,0.01083210408925336,2.1168997287750244,0.9694234937756291
p232_302.wav,noisy_input,{},5.243919924183812,5.243919924183812,0.0,0.03128761053085327,0.0016022070776671171,0.04002757896334872,1.2708075046539307,0.7116869905976207
p232_302.wav,spectral_subtraction,"{""alpha"": 2.0, ""beta"": 0.02, ""noise_frames"": 6}",5.243919924183812,6.887304439105609,1.643384514921797,0.022336004301905632,0.0010974385077133775,0.03312760944760997,1.3880616426467896,0.684388921209884
p232_302.wav,wavelet_denoise,"{""mode"": ""soft"", ""threshold_scale"": 1.0, ""wavelet"": ""db4""}",5.243919924183812,6.043594992029599,0.7996750678457865,0.02836315520107746,0.0013327575288712978,0.036506951788273116,1.3448377847671509,0.7122158483036108
p232_302.wav,frequency_masking,"{""mask_floor"": 0.05, ""noise_frames"": 6, ""threshold"": 2.0}",5.243919924183812,7.367123344557223,2.123203420373411,0.023211263120174408,0.000982648809440434,0.031347229693235,1.374449372291565,0.7044221871799271
p232_303.wav,noisy_input,{},1.5623616954595665,1.5623616954595665,0.0,0.03342264145612717,0.001878183102235198,0.04333800990164636,1.1673860549926758,0.8076808482685249
p232_303.wav,spectral_subtraction,"{""alpha"": 2.0, ""beta"": 0.02, ""noise_frames"": 6}",1.5623616954595665,5.085680376888099,3.523318681428533,0.02017100714147091,0.0008344610687345266,0.02888703980567283,1.248152494430542,0.7817649253874711
p232_303.wav,wavelet_denoise,"{""mode"": ""soft"", ""threshold_scale"": 1.0, ""wavelet"": ""db4""}",1.5623616954595665,2.120316095922471,0.5579544004629047,0.031205059960484505,0.001651743077673018,0.04064164216260236,1.2320364713668823,0.8144688397895271
p232_303.wav,frequency_masking,"{""mask_floor"": 0.05, ""noise_frames"": 6, ""threshold"": 2.0}",1.5623616954595665,3.6156871304085003,2.053325434948934,0.025015100836753845,0.0011705915676429868,0.03421390897928775,1.2491954565048218,0.7988096223924354
p232_305.wav,noisy_input,{},15.032501559937767,15.032501559937767,0.0,0.011100438423454762,0.00020634924294427037,0.014364861396625808,2.039372682571411,0.9372126132330687
p232_305.wav,spectral_subtraction,"{""alpha"": 2.0, ""beta"": 0.02, ""noise_frames"": 6}",15.032501559937767,14.882172056562597,-0.15032950337517015,0.009309559129178524,0.00021361700783018023,0.014615642573290448,2.24647855758667,0.9226766292970803
p232_305.wav,wavelet_denoise,"{""mode"": ""soft"", ""threshold_scale"": 1.0, ""wavelet"": ""db4""}",15.032501559937767,16.82460450373041,1.7921029437926421,0.009191291406750679,0.0001365817297482863,0.011686818632471641,2.4256770610809326,0.9348253850324503
p232_305.wav,frequency_masking,"{""mask_floor"": 0.05, ""noise_frames"": 6, ""threshold"": 2.0}",15.032501559937767,19.956051436153754,4.923549876215986,0.005894147325307131,6.641220534220338e-05,0.008149368401428627,2.171945810317993,0.9406281880219262
p232_306.wav,noisy_input,{},10.516239705616098,10.516239705616098,0.0,0.014735027216374874,0.00034124287776649,0.01847276042627333,1.569730520248413,0.8574312225210896
p232_306.wav,spectral_subtraction,"{""alpha"": 2.0, ""beta"": 0.02, ""noise_frames"": 6}",10.516239705616098,11.77588141258954,1.2596417069734418,0.010557749308645725,0.0002553285739850253,0.01597900416124313,1.8172862529754639,0.8495008959531302
p232_306.wav,wavelet_denoise,"{""mode"": ""soft"", ""threshold_scale"": 1.0, ""wavelet"": ""db4""}",10.516239705616098,11.29813370828543,0.7818940026693326,0.013444306328892708,0.00028501925407908857,0.016882513263110105,1.679987907409668,0.8489535305512853
p232_306.wav,frequency_masking,"{""mask_floor"": 0.05, ""noise_frames"": 6, ""threshold"": 2.0}",10.516239705616098,14.480722597654331,3.964482892038234,0.008701601065695286,0.00013696680252905935,0.011703281699124367,1.6841466426849365,0.857420361136923
p232_307.wav,noisy_input,{},6.325285872644781,6.325285872644781,0.0,0.02038160338997841,0.0006810477934777737,0.026096892410357477,1.1897684335708618,0.8896681908745615
p232_307.wav,spectral_subtraction,"{""alpha"": 2.0, ""beta"": 0.02, ""noise_frames"": 6}",6.325285872644781,9.560574033052827,3.2352881604080457,0.012344205752015114,0.00032333206036128104,0.017981436548876763,1.3922522068023682,0.8768896103445332
p232_307.wav,wavelet_denoise,"{""mode"": ""soft"", ""threshold_scale"": 1.0, ""wavelet"": ""db4""}",6.325285872644781,8.366415392247482,2.041129519602701,0.01625758968293667,0.00042566173942759633,0.020631571424096527,1.4191761016845703,0.8892193606526314
p232_307.wav,frequency_masking,"{""mask_floor"": 0.05, ""noise_frames"": 6, ""threshold"": 2.0}",6.325285872644781,10.479126123477922,4.153840250833141,0.01171106193214655,0.0002616938727442175,0.016176954989868073,1.2878981828689575,0.8900934283250282
p232_308.wav,noisy_input,{},0.4122787453419591,0.4122787453419591,0.0,0.08108243346214294,0.009952353313565254,0.09976148211391636,1.3528563976287842,0.798916115873747
p232_308.wav,spectral_subtraction,"{""alpha"": 2.0, ""beta"": 0.02, ""noise_frames"": 6}",0.4122787453419591,6.44637541796572,6.03409667262376,0.0312948040664196,0.0024803681299090385,0.049803294368033914,1.3778009414672852,0.7567252635861926
p232_308.wav,wavelet_denoise,"{""mode"": ""soft"", ""threshold_scale"": 1.0, ""wavelet"": ""db4""}",0.4122787453419591,1.0567361071852612,0.6444573618433022,0.07544252276420593,0.008579856716096401,0.0926275159771458,1.4821075201034546,0.7704846855860557
p232_308.wav,frequency_masking,"{""mask_floor"": 0.05, ""noise_frames"": 6, ""threshold"": 2.0}",0.4122787453419591,7.170079195776056,6.757800450434097,0.034108757972717285,0.0020996443927288055,0.045821876791864447,1.5149297714233398,0.7853114423471559
p232_309.wav,noisy_input,{},16.22724471431679,16.22724471431679,0.0,0.012991583906114101,0.00027727975975722075,0.01665171942344756,3.6464390754699707,0.9821391770787788
p232_309.wav,spectral_subtraction,"{""alpha"": 2.0, ""beta"": 0.02, ""noise_frames"": 6}",16.22724471431679,23.216708517039958,6.989463802723169,0.005697700660675764,5.5458971473854035e-05,0.007447078049399914,3.750563144683838,0.9808594895571513
p232_309.wav,wavelet_denoise,"{""mode"": ""soft"", ""threshold_scale"": 1.0, ""wavelet"": ""db4""}",16.22724471431679,16.162991682974656,-0.06425303134213323,0.013118955306708813,0.00028141256188973784,0.016775355790257858,3.2776122093200684,0.9704412925448713
p232_309.wav,frequency_masking,"{""mask_floor"": 0.05, ""noise_frames"": 6, ""threshold"": 2.0}",16.22724471431679,23.125609099593945,6.898364385277155,0.004942125640809536,5.663458796334453e-05,0.007525595522172616,3.827390193939209,0.9833641101368041
p232_310.wav,noisy_input,{},10.029168945978238,10.029168945978238,0.0,0.01869693398475647,0.0005642724572680891,0.023754419741767827,2.5940728187561035,0.9402627564460126
p232_310.wav,spectral_subtraction,"{""alpha"": 2.0, ""beta"": 0.02, ""noise_frames"": 6}",10.029168945978238,17.728927156184877,7.699758210206639,0.0073617734014987946,9.583254723111168e-05,0.00978940995316427,2.5636699199676514,0.9324710264737391
p232_310.wav,wavelet_denoise,"{""mode"": ""soft"", ""threshold_scale"": 1.0, ""wavelet"": ""db4""}",10.029168945978238,10.075293622260178,0.046124676281939614,0.018569182604551315,0.000558311294298619,0.02362861177256546,2.734121084213257,0.9276615872266116
p232_310.wav,frequency_masking,"{""mask_floor"": 0.05, ""noise_frames"": 6, ""threshold"": 2.0}",10.029168945978238,14.073639572087862,4.044470626109623,0.009931284934282303,0.0002223523915745318,0.014911485223629865,2.739410877227783,0.9465728990483065
p232_311.wav,noisy_input,{},5.659737484338323,5.659737484338323,0.0,0.02271496318280697,0.0008058070088736713,0.028386740018425352,2.7439818382263184,0.9578491434857415
p232_311.wav,spectral_subtraction,"{""alpha"": 2.0, ""beta"": 0.02, ""noise_frames"": 6}",5.659737484338323,17.32198325149865,11.662245767160329,0.0054420544765889645,5.495490404427983e-05,0.007413157494905921,3.2108733654022217,0.9481748907324389
p232_311.wav,wavelet_denoise,"{""mode"": ""soft"", ""threshold_scale"": 1.0, ""wavelet"": ""db4""}",5.659737484338323,5.715151922556455,0.055414438218131856,0.022613544017076492,0.0007955905166454613,0.028206214149464677,2.555276870727539,0.9315775635078669
p232_311.wav,frequency_masking,"{""mask_floor"": 0.05, ""noise_frames"": 6, ""threshold"": 2.0}",5.659737484338323,20.278136439994935,14.618398955656613,0.003989914897829294,2.782217961794231e-05,0.0052746734133918005,3.0204410552978516,0.9558902907888075
p232_312.wav,noisy_input,{},1.3663326666819986,1.3663326666819986,0.0,0.05799770727753639,0.005304026883095503,0.07282875038812284,2.031960964202881,0.9590694814496346
p232_312.wav,spectral_subtraction,"{""alpha"": 2.0, ""beta"": 0.02, ""noise_frames"": 6}",1.3663326666819986,13.904439532819929,12.53810686613793,0.01259850524365902,0.00029566168086603284,0.01719481552288459,2.31551456451416,0.9547790400236648
p232_312.wav,wavelet_denoise,"{""mode"": ""soft"", ""threshold_scale"": 1.0, ""wavelet"": ""db4""}",1.3663326666819986,1.4439921665408724,0.07765949985887377,0.05750492587685585,0.005210024770349264,0.07218050131683254,2.213674545288086,0.9471647415293283
p232_312.wav,frequency_masking,"{""mask_floor"": 0.05, ""noise_frames"": 6, ""threshold"": 2.0}",1.3663326666819986,10.70028603007352,9.333953363391522,0.014772970229387283,0.0006183158839121461,0.024865958334883177,2.3793258666992188,0.9595448256582054
p232_313.wav,noisy_input,{},15.932057574512339,15.932057574512339,0.0,0.010936004109680653,0.00019159239309374243,0.013841690398710067,2.6728343963623047,0.9533968931334161
p232_313.wav,spectral_subtraction,"{""alpha"": 2.0, ""beta"": 0.02, ""noise_frames"": 6}",15.932057574512339,18.26775049666378,2.3356929221514413,0.007498677354305983,0.00011189455835847184,0.010578022421911944,2.8069348335266113,0.9496002492503477
p232_313.wav,wavelet_denoise,"{""mode"": ""soft"", ""threshold_scale"": 1.0, ""wavelet"": ""db4""}",15.932057574512339,16.040484992190006,0.10842741767766739,0.010807102546095848,0.0001868682447820902,0.013669976034437302,2.7351317405700684,0.9526648970349144
p232_313.wav,frequency_masking,"{""mask_floor"": 0.05, ""noise_frames"": 6, ""threshold"": 2.0}",15.932057574512339,20.620325862908846,4.688268288396507,0.005865032784640789,6.509556988021359e-05,0.008068182563639323,2.979942560195923,0.9555576726797194
p232_314.wav,noisy_input,{},10.596891155704679,10.596891155704679,0.0,0.021248824894428253,0.0006936826393939555,0.026337855633934124,1.6866004467010498,0.9235199111180064
p232_314.wav,spectral_subtraction,"{""alpha"": 2.0, ""beta"": 0.02, ""noise_frames"": 6}",10.596891155704679,16.007728520378297,5.410837364673618,0.009947344660758972,0.00019956164760515094,0.014126629024829347,2.259467124938965,0.9087717263660289
p232_314.wav,wavelet_denoise,"{""mode"": ""soft"", ""threshold_scale"": 1.0, ""wavelet"": ""db4""}",10.596891155704679,10.799929627472562,0.2030384717678828,0.020740333944559097,0.0006619984633289278,0.02572933079831125,1.9034762382507324,0.9253649634667205
p232_314.wav,frequency_masking,"{""mask_floor"": 0.05, ""noise_frames"": 6, ""threshold"": 2.0}",10.596891155704679,15.179212190909169,4.58232103520449,0.01130606047809124,0.00024150643730536103,0.015540477383444854,2.146052360534668,0.9183664118241324
p232_315.wav,noisy_input,{},5.108709871085983,5.108709871085983,0.0,0.0369342640042305,0.002236791420727968,0.04729472931234482,1.9036729335784912,0.8641325999891014
p232_315.wav,spectral_subtraction,"{""alpha"": 2.0, ""beta"": 0.02, ""noise_frames"": 6}",5.108709871085983,10.442955586009736,5.334245714923753,0.017716575413942337,0.0006549390382133424,0.025591776769371494,1.9335718154907227,0.8484943194905177
p232_315.wav,wavelet_denoise,"{""mode"": ""soft"", ""threshold_scale"": 1.0, ""wavelet"": ""db4""}",5.108709871085983,5.186220177526483,0.07751030644049983,0.036597225815057755,0.0021972244139760733,0.0468745604136836,2.0005180835723877,0.8616971879350069
p232_315.wav,frequency_masking,"{""mask_floor"": 0.05, ""noise_frames"": 6, ""threshold"": 2.0}",5.108709871085983,6.99406481817383,1.8853549470878468,0.02730100043118,0.0014490720350295305,0.038066678802195636,2.0487921237945557,0.8522503848797259
p232_316.wav,noisy_input,{},0.3170324117730663,0.3170324117730663,0.0,0.05228113755583763,0.004363500513136387,0.06605679763004249,1.144858717918396,0.7608116080434051
p232_316.wav,spectral_subtraction,"{""alpha"": 2.0, ""beta"": 0.02, ""noise_frames"": 6}",0.3170324117730663,7.140567098268242,6.823534686495176,0.020207948982715607,0.0009067374630831182,0.03011208167967001,1.184274673461914,0.7263925532091459
p232_316.wav,wavelet_denoise,"{""mode"": ""soft"", ""threshold_scale"": 1.0, ""wavelet"": ""db4""}",0.3170324117730663,0.4653702247619073,0.14833781298884102,0.05133180692791939,0.0042169769294559956,0.06493825474599695,1.2062557935714722,0.7655064041538118
p232_316.wav,frequency_masking,"{""mask_floor"": 0.05, ""noise_frames"": 6, ""threshold"": 2.0}",0.3170324117730663,4.037347049554941,3.7203146377818745,0.030025362968444824,0.0018526935018599033,0.04304292626971246,1.209289312362671,0.7437358295707371
p232_317.wav,noisy_input,{},15.982445217998658,15.982445217998658,0.0,0.010755082592368126,0.0001849897380452603,0.013601093266545168,3.2769036293029785,0.9938071891016895
p232_317.wav,spectral_subtraction,"{""alpha"": 2.0, ""beta"": 0.02, ""noise_frames"": 6}",15.982445217998658,21.813270101782454,5.830824883783796,0.004950293339788914,4.8313126171706244e-05,0.006950764430744739,3.6259355545043945,0.9922645092115778
p232_317.wav,wavelet_denoise,"{""mode"": ""soft"", ""threshold_scale"": 1.0, ""wavelet"": ""db4""}",15.982445217998658,15.997182259424365,0.014737041425707531,0.010723643004894257,0.0001843630598159507,0.013578035933666941,3.368546962738037,0.9926438701928827
p232_317.wav,frequency_masking,"{""mask_floor"": 0.05, ""noise_frames"": 6, ""threshold"": 2.0}",15.982445217998658,19.91031110563349,3.927865887634832,0.005699479952454567,7.48791717342101e-05,0.008653275202731629,3.6413443088531494,0.9933433318317564
p232_318.wav,noisy_input,{},11.174294444621399,11.174294444621399,0.0,0.015578399412333965,0.0004071373550686985,0.02017764493365612,2.8211185932159424,0.9911998685713274
p232_318.wav,spectral_subtraction,"{""alpha"": 2.0, ""beta"": 0.02, ""noise_frames"": 6}",11.174294444621399,16.02859296068828,4.85429851606688,0.00806173961609602,0.00013314078387338668,0.011538664735288338,2.943570852279663,0.9908500515945
p232_318.wav,wavelet_denoise,"{""mode"": ""soft"", ""threshold_scale"": 1.0, ""wavelet"": ""db4""}",11.174294444621399,11.208425710820503,0.034131266199104004,0.015513349324464798,0.0004039501945953816,0.020098512248307873,2.855623722076416,0.99087321220668
p232_318.wav,frequency_masking,"{""mask_floor"": 0.05, ""noise_frames"": 6, ""threshold"": 2.0}",11.174294444621399,13.130860439436347,1.956565994814948,0.011201261542737484,0.00025946833193302155,0.016108020732946104,3.1413042545318604,0.9913002488961524
p232_319.wav,noisy_input,{},6.222095266740972,6.222095266740972,0.0,0.02886069193482399,0.001479359227232635,0.038462439174246806,3.0314035415649414,0.9712297226364134
p232_319.wav,spectral_subtraction,"{""alpha"": 2.0, ""beta"": 0.02, ""noise_frames"": 6}",6.222095266740972,10.718114620060632,4.49601935331966,0.013648022897541523,0.0005253778072074056,0.02292112142124389,3.2052628993988037,0.9718465845246153
p232_319.wav,wavelet_denoise,"{""mode"": ""soft"", ""threshold_scale"": 1.0, ""wavelet"": ""db4""}",6.222095266740972,6.240640059598476,0.018544792857504433,0.028784340247511864,0.001473055686801672,0.0383804075903536,3.0215275287628174,0.967829745297418
p232_319.wav,frequency_masking,"{""mask_floor"": 0.05, ""noise_frames"": 6, ""threshold"": 2.0}",6.222095266740972,7.779509527566986,1.5574142608260138,0.02074938267469406,0.0010335517581552267,0.03214889979696392,3.250896692276001,0.9722105195698261
p232_320.wav,noisy_input,{},0.7876546873477824,0.7876546873477824,0.0,0.05497312918305397,0.004816275089979172,0.06939938825363788,1.9074084758758545,0.9128837220074948
p232_320.wav,spectral_subtraction,"{""alpha"": 2.0, ""beta"": 0.02, ""noise_frames"": 6}",0.7876546873477824,3.7088100405980033,2.921155353250221,0.03513997048139572,0.0024580785539001226,0.04957901324048435,2.1237969398498535,0.9028083965844084
p232_320.wav,wavelet_denoise,"{""mode"": ""soft"", ""threshold_scale"": 1.0, ""wavelet"": ""db4""}",0.7876546873477824,0.8266322061611864,0.038977518813403944,0.054726455360651016,0.004773242864757776,0.06908865945115578,2.0378384590148926,0.9106158173326641
p232_320.wav,frequency_masking,"{""mask_floor"": 0.05, ""noise_frames"": 6, ""threshold"": 2.0}",0.7876546873477824,1.6213327263374053,0.8336780389896229,0.04701104015111923,0.003975058440119028,0.06304806452317968,2.0101318359375,0.9088043429680269
p232_321.wav,noisy_input,{},16.276962647759692,16.276962647759692,0.0,0.009250163100659847,0.0001663358707446605,0.01289712645299954,2.3644540309906006,0.9911178839435806
p232_321.wav,spectral_subtraction,"{""alpha"": 2.0, ""beta"": 0.02, ""noise_frames"": 6}",16.276962647759692,17.73673587831987,1.4597732305601774,0.007786768954247236,0.0001188525784527883,0.010901952965078702,2.454770088195801,0.9821872546833232
p232_321.wav,wavelet_denoise,"{""mode"": ""soft"", ""threshold_scale"": 1.0, ""wavelet"": ""db4""}",16.276962647759692,16.378186920600903,0.10122427284121116,0.009133202955126762,0.00016250379849225283,0.0127476977722353,2.4786252975463867,0.9914843656550859
p232_321.wav,frequency_masking,"{""mask_floor"": 0.05, ""noise_frames"": 6, ""threshold"": 2.0}",16.276962647759692,21.0744317753827,4.797469127623007,0.0056892684660851955,5.51110933884047e-05,0.0074236846234470855,2.590989112854004,0.9875293024056166
p232_322.wav,noisy_input,{},11.340268135171083,11.340268135171083,0.0,0.016261015087366104,0.00048059597611427307,0.02192249931267585,1.5823640823364258,0.9210637904662586
p232_322.wav,spectral_subtraction,"{""alpha"": 2.0, ""beta"": 0.02, ""noise_frames"": 6}",11.340268135171083,14.687999027432578,3.3477308922614952,0.009981916286051273,0.0002223345945822075,0.014910888457171407,1.9398196935653687,0.9128367316711791
p232_322.wav,wavelet_denoise,"{""mode"": ""soft"", ""threshold_scale"": 1.0, ""wavelet"": ""db4""}",11.340268135171083,11.576720797633564,0.2364526624624812,0.015694763511419296,0.0004551293677650392,0.021333761219368683,1.6861422061920166,0.9142317610273941
p232_322.wav,frequency_masking,"{""mask_floor"": 0.05, ""noise_frames"": 6, ""threshold"": 2.0}",11.340268135171083,14.775586410462779,3.4353182752916958,0.009739385917782784,0.00021789551828987896,0.014761284439027621,1.824859619140625,0.9178803157507471
p232_323.wav,noisy_input,{},5.954743018577513,5.954743018577513,0.0,0.02259828709065914,0.0008512799395248294,0.029176701998766572,1.3510507345199585,0.9253887065233211
p232_323.wav,spectral_subtraction,"{""alpha"": 2.0, ""beta"": 0.02, ""noise_frames"": 6}",5.954743018577513,7.2658256479613135,1.3110826293838,0.016927445307374,0.0006294542108662426,0.025088926060440345,1.357306957244873,0.8875018114049671
p232_323.wav,wavelet_denoise,"{""mode"": ""soft"", ""threshold_scale"": 1.0, ""wavelet"": ""db4""}",5.954743018577513,6.482813919968933,0.5280709013914198,0.021171551197767258,0.0007538159261457622,0.027455708443705512,1.4697957038879395,0.9312725343400315
p232_323.wav,frequency_masking,"{""mask_floor"": 0.05, ""noise_frames"": 6, ""threshold"": 2.0}",5.954743018577513,8.324040194558997,2.369297175981483,0.0162944532930851,0.0004933358868584037,0.022211165814931995,1.463762879371643,0.909275346320108
p232_324.wav,noisy_input,{},1.2641271195803259,1.2641271195803259,0.0,0.04740901291370392,0.004485984332859516,0.06697749124041237,1.2863715887069702,0.896919205350586
p232_324.wav,spectral_subtraction,"{""alpha"": 2.0, ""beta"": 0.02, ""noise_frames"": 6}",1.2641271195803259,5.722845257912469,4.458718138332143,0.026695698499679565,0.0016068891854956746,0.0400860223207002,1.3754935264587402,0.85852038997758
p232_324.wav,wavelet_denoise,"{""mode"": ""soft"", ""threshold_scale"": 1.0, ""wavelet"": ""db4""}",1.2641271195803259,1.489261639665659,0.2251345200853332,0.04573902487754822,0.004259359557181597,0.06526376910033313,1.3926039934158325,0.9037803570881983
p232_324.wav,frequency_masking,"{""mask_floor"": 0.05, ""noise_frames"": 6, ""threshold"": 2.0}",1.2641271195803259,7.45377934950722,6.189652229926894,0.02334071695804596,0.0010786796920001507,0.032843259460658754,1.3848745822906494,0.8853633094481601
p232_325.wav,noisy_input,{},15.088965221324306,15.088965221324306,0.0,0.0093484316021204,0.00013839002349413931,0.011763928914021001,2.2412304878234863,0.9749801873336629
p232_325.wav,spectral_subtraction,"{""alpha"": 2.0, ""beta"": 0.02, ""noise_frames"": 6}",15.088965221324306,18.11324218400696,3.024276962682654,0.005730548873543739,6.897268031025305e-05,0.008304979248032656,1.8353049755096436,0.9770611734992495
p232_325.wav,wavelet_denoise,"{""mode"": ""soft"", ""threshold_scale"": 1.0, ""wavelet"": ""db4""}",15.088965221324306,15.41437020848373,0.32540498715942334,0.009027954190969467,0.0001283997844439,0.011331362867894577,2.0133559703826904,0.9642231300949454
p232_325.wav,frequency_masking,"{""mask_floor"": 0.05, ""noise_frames"": 6, ""threshold"": 2.0}",15.088965221324306,18.350509807201828,3.2615445858775214,0.005912695545703173,6.530558312078938e-05,0.00808118698711949,2.134878396987915,0.9782568330820881
p232_326.wav,noisy_input,{},10.367709386072528,10.367709386072528,0.0,0.01872921548783779,0.0005624960176646709,0.02371699849611394,1.955937385559082,0.8499138343103034
p232_326.wav,spectral_subtraction,"{""alpha"": 2.0, ""beta"": 0.02, ""noise_frames"": 6}",10.367709386072528,12.718968102159309,2.3512587160867806,0.012776161544024944,0.00032733584521338344,0.01809242507828576,1.8544046878814697,0.8494420224301495
p232_326.wav,wavelet_denoise,"{""mode"": ""soft"", ""threshold_scale"": 1.0, ""wavelet"": ""db4""}",10.367709386072528,11.001796937960142,0.6340875518876139,0.01739128865301609,0.000486083299620077,0.022047296877850515,1.8251423835754395,0.8207208238137289
p232_326.wav,frequency_masking,"{""mask_floor"": 0.05, ""noise_frames"": 6, ""threshold"": 2.0}",10.367709386072528,12.959256471213699,2.591547085141171,0.013331064954400063,0.00030971679370850325,0.017598772505731847,2.0252139568328857,0.8513214936878296
p232_327.wav,noisy_input,{},6.121274320846926,6.121274320846926,0.0,0.03256408870220184,0.001686181640252471,0.04106314211373103,1.5814626216888428,0.9585894309259263
p232_327.wav,spectral_subtraction,"{""alpha"": 2.0, ""beta"": 0.02, ""noise_frames"": 6}",6.121274320846926,12.515669451441568,6.394395130594642,0.013795804232358932,0.00038678073906339705,0.019666741953445085,1.755260944366455,0.9538796456250029
p232_327.wav,wavelet_denoise,"{""mode"": ""soft"", ""threshold_scale"": 1.0, ""wavelet"": ""db4""}",6.121274320846926,6.490808318897501,0.3695339980505752,0.03100404515862465,0.0015486417105421424,0.03935278529586111,1.701347827911377,0.9383918587349616
p232_327.wav,frequency_masking,"{""mask_floor"": 0.05, ""noise_frames"": 6, ""threshold"": 2.0}",6.121274320846926,11.317273322831145,5.1959990019842195,0.01595822162926197,0.0005096880486235023,0.022576271805227324,1.7547969818115234,0.9579694497385014
p232_328.wav,noisy_input,{},1.303043927636946,1.303043927636946,0.0,0.05027534440159798,0.0039040669798851013,0.06248253339842345,1.22319757938385,0.8356032527022987
p232_328.wav,spectral_subtraction,"{""alpha"": 2.0, ""beta"": 0.02, ""noise_frames"": 6}",1.303043927636946,6.388865803593399,5.085821875956453,0.024828722700476646,0.0012104171328246593,0.03479104960797618,1.4217844009399414,0.8139753418850432
p232_328.wav,wavelet_denoise,"{""mode"": ""soft"", ""threshold_scale"": 1.0, ""wavelet"": ""db4""}",1.303043927636946,2.074309573032717,0.7712656453957707,0.045914389193058014,0.0032688176725059748,0.057173574949498956,1.3691450357437134,0.799403828489638
p232_328.wav,frequency_masking,"{""mask_floor"": 0.05, ""noise_frames"": 6, ""threshold"": 2.0}",1.303043927636946,5.5208453052717275,4.217801377634782,0.02948542684316635,0.0014782133512198925,0.03844754024927853,1.3543026447296143,0.8319323357038709
p232_329.wav,noisy_input,{},15.79656164118173,15.79656164118173,0.0,0.011415653862059116,0.00021072461095172912,0.01451635666934817,3.212674379348755,0.9995608546772112
p232_329.wav,spectral_subtraction,"{""alpha"": 2.0, ""beta"": 0.02, ""noise_frames"": 6}",15.79656164118173,23.726985039254128,7.9304233980723975,0.004526201169937849,3.3936958061531186e-05,0.005825543585068366,3.5976526737213135,0.9991080352444878
p232_329.wav,wavelet_denoise,"{""mode"": ""soft"", ""threshold_scale"": 1.0, ""wavelet"": ""db4""}",15.79656164118173,15.772169843720196,-0.024391797461534637,0.011430883780121803,0.00021191146515775472,0.014557179162109489,3.309459924697876,0.9960646750038121
p232_329.wav,frequency_masking,"{""mask_floor"": 0.05, ""noise_frames"": 6, ""threshold"": 2.0}",15.79656164118173,22.519559401985724,6.7229977608039935,0.004889876581728458,4.481418363866396e-05,0.006694339671593007,3.2562315464019775,0.999581507160467
p232_330.wav,noisy_input,{},10.335083540876779,10.335083540876779,0.0,0.019525784999132156,0.0005825425032526255,0.02413591728633129,2.6483237743377686,0.9751610674389295
p232_330.wav,spectral_subtraction,"{""alpha"": 2.0, ""beta"": 0.02, ""noise_frames"": 6}",10.335083540876779,18.694699779892844,8.359616239016065,0.0067648496478796005,8.49896387080662e-05,0.00921898252021698,2.8220670223236084,0.9706372962910842
p232_330.wav,wavelet_denoise,"{""mode"": ""soft"", ""threshold_scale"": 1.0, ""wavelet"": ""db4""}",10.335083540876779,10.414432894634482,0.0793493537577028,0.019360525533556938,0.0005719956243410707,0.023916430008282395,2.9303441047668457,0.9702747549830761
p232_330.wav,frequency_masking,"{""mask_floor"": 0.05, ""noise_frames"": 6, ""threshold"": 2.0}",10.335083540876779,17.913770443930154,7.5786869030533754,0.006835817825049162,0.00010173231567023322,0.010086243883142684,2.7464206218719482,0.9752738873388682
p232_331.wav,noisy_input,{},5.882070773063212,5.882070773063212,0.0,0.016337161883711815,0.002041219500824809,0.04517985724661831,2.961540460586548,0.9808668449701725
p232_331.wav,spectral_subtraction,"{""alpha"": 2.0, ""beta"": 0.02, ""noise_frames"": 6}",5.882070773063212,6.319298012484413,0.4372272394212011,0.014978582039475441,0.0018457249971106648,0.04296190169336857,2.877516508102417,0.9807933338219033
p232_331.wav,wavelet_denoise,"{""mode"": ""soft"", ""threshold_scale"": 1.0, ""wavelet"": ""db4""}",5.882070773063212,5.883291011471136,0.001220238407923624,0.016390573233366013,0.0020406462717801332,0.04517351294486774,2.8067030906677246,0.9803032182188598
p232_331.wav,frequency_masking,"{""mask_floor"": 0.05, ""noise_frames"": 6, ""threshold"": 2.0}",5.882070773063212,5.921679799865455,0.03960902680224265,0.015481601469218731,0.002022687578573823,0.04497429908930013,2.911949872970581,0.9807980574002132
p232_332.wav,noisy_input,{},0.6215945919488037,0.6215945919488037,0.0,0.0562591627240181,0.0046821762807667255,0.06842642969472194,2.2467339038848877,0.9965510116958947
p232_332.wav,spectral_subtraction,"{""alpha"": 2.0, ""beta"": 0.02, ""noise_frames"": 6}",0.6215945919488037,13.068632161000961,12.447037569052156,0.010730486363172531,0.00026652871747501194,0.01632570725803363,2.56213116645813,0.9903846426006051
p232_332.wav,wavelet_denoise,"{""mode"": ""soft"", ""threshold_scale"": 1.0, ""wavelet"": ""db4""}",0.6215945919488037,0.7042774038080022,0.08268281185919846,0.05576281249523163,0.004593878518790007,0.06777815664939559,2.409242868423462,0.966528921068608
p232_332.wav,frequency_masking,"{""mask_floor"": 0.05, ""noise_frames"": 6, ""threshold"": 2.0}",0.6215945919488037,6.173583455817973,5.55198886386917,0.02228780835866928,0.0013039137702435255,0.03610974619467057,2.633331537246704,0.9956340162522413
p232_333.wav,noisy_input,{},15.549513505496739,15.549513505496739,0.0,0.009343914687633514,0.00015064544277265668,0.012273770519797764,2.82159423828125,0.9167942804817013
p232_333.wav,spectral_subtraction,"{""alpha"": 2.0, ""beta"": 0.02, ""noise_frames"": 6}",15.549513505496739,17.750004020839732,2.2004905153429934,0.006819148547947407,9.076260175788775e-05,0.009526940839424151,2.8633553981781006,0.9119270515254086
p232_333.wav,wavelet_denoise,"{""mode"": ""soft"", ""threshold_scale"": 1.0, ""wavelet"": ""db4""}",15.549513505496739,15.626079159356083,0.076565653859344,0.009259173646569252,0.00014801285578869283,0.012166053418783464,2.9176924228668213,0.9129671592975676
p232_333.wav,frequency_masking,"{""mask_floor"": 0.05, ""noise_frames"": 6, ""threshold"": 2.0}",15.549513505496739,21.430528564269817,5.8810150587730785,0.004751286469399929,3.889148138114251e-05,0.006236303502968927,2.7493433952331543,0.9166923906639262
p232_334.wav,noisy_input,{},11.483253243211774,11.483253243211774,0.0,0.013899036683142185,0.0003078354930039495,0.017545241320766992,2.1076624393463135,0.978952055444858
p232_334.wav,spectral_subtraction,"{""alpha"": 2.0, ""beta"": 0.02, ""noise_frames"": 6}",11.483253243211774,16.918333949829236,5.4350807066174625,0.006742812693119049,8.806647383607924e-05,0.009384373918172657,2.599221706390381,0.9741513003242628
p232_334.wav,wavelet_denoise,"{""mode"": ""soft"", ""threshold_scale"": 1.0, ""wavelet"": ""db4""}",11.483253243211774,11.600628380912122,0.11737513770034802,0.0136782331392169,0.0002996271650772542,0.017309741912496967,2.2686846256256104,0.9811901980323832
p232_334.wav,frequency_masking,"{""mask_floor"": 0.05, ""noise_frames"": 6, ""threshold"": 2.0}",11.483253243211774,18.85381798405887,7.370564740847097,0.005488271825015545,5.639780647470616e-05,0.0075098473003587865,2.46878719329834,0.9779453369317116
p232_335.wav,noisy_input,{},5.838517261514205,5.838517261514205,0.0,0.025797339156270027,0.00111136503983289,0.03333714204656557,1.3942897319793701,0.9047501642889444
p232_335.wav,spectral_subtraction,"{""alpha"": 2.0, ""beta"": 0.02, ""noise_frames"": 6}",5.838517261514205,8.225634976275387,2.3871177147611817,0.01707787811756134,0.0006414236268028617,0.025326342546898903,1.4395058155059814,0.8826879547321181
p232_335.wav,wavelet_denoise,"{""mode"": ""soft"", ""threshold_scale"": 1.0, ""wavelet"": ""db4""}",5.838517261514205,6.005967361132826,0.16745009961862056,0.025253858417272568,0.0010693299118429422,0.03270061026713328,1.489848256111145,0.9083173980245867
p232_335.wav,frequency_masking,"{""mask_floor"": 0.05, ""noise_frames"": 6, ""threshold"": 2.0}",5.838517261514205,11.103302574023141,5.264785312508936,0.013207600452005863,0.0003306573489680886,0.018183986058290098,1.3667008876800537,0.8978103708426347
p232_336.wav,noisy_input,{},0.9556391064562354,0.9556391064562354,0.0,0.031009197235107422,0.0016118459170684218,0.040147800899531495,1.290705919265747,0.8766283633497428
p232_336.wav,spectral_subtraction,"{""alpha"": 2.0, ""beta"": 0.02, ""noise_frames"": 6}",0.9556391064562354,6.122710173289101,5.167071066832865,0.014971156604588032,0.0004904745146632195,0.02214665922127352,1.4454041719436646,0.853541096119898
p232_336.wav,wavelet_denoise,"{""mode"": ""soft"", ""threshold_scale"": 1.0, ""wavelet"": ""db4""}",0.9556391064562354,1.0794896500804811,0.12385054362424575,0.030527671799063683,0.0015665291575714946,0.039579403198778715,1.3687598705291748,0.8795526237553273
p232_336.wav,frequency_masking,"{""mask_floor"": 0.05, ""noise_frames"": 6, ""threshold"": 2.0}",0.9556391064562354,3.07516433514773,2.1195252286914945,0.0220719613134861,0.0009893979877233505,0.03145469738724807,1.4016402959823608,0.8719851559445578
p232_337.wav,noisy_input,{},16.41486468616153,16.41486468616153,0.0,0.010521726682782173,0.00014678554725833237,0.012115508543116644,3.4161441326141357,0.9971894879398742
p232_337.wav,spectral_subtraction,"{""alpha"": 2.0, ""beta"": 0.02, ""noise_frames"": 6}",16.41486468616153,22.323034970122308,5.908170283960779,0.0047436365857720375,3.765878136618994e-05,0.006136675106781354,3.434520721435547,0.9965195475945865
p232_337.wav,wavelet_denoise,"{""mode"": ""soft"", ""threshold_scale"": 1.0, ""wavelet"": ""db4""}",16.41486468616153,16.441762885863355,0.02689819970182583,0.010460775345563889,0.00014587922487407923,0.01207804722933634,3.451618194580078,0.9969479013934482
p232_337.wav,frequency_masking,"{""mask_floor"": 0.05, ""noise_frames"": 6, ""threshold"": 2.0}",16.41486468616153,23.03855579552183,6.623691109360301,0.004537256434559822,3.193847442162223e-05,0.005651413488820495,3.5455236434936523,0.9973339375981721
p232_338.wav,noisy_input,{},11.11945574204186,11.11945574204186,0.0,0.016695216298103333,0.00041727611096575856,0.020427337344004443,2.493262529373169,0.9933953723558362
p232_338.wav,spectral_subtraction,"{""alpha"": 2.0, ""beta"": 0.02, ""noise_frames"": 6}",11.11945574204186,12.315042701709672,1.1955869596678124,0.01239748764783144,0.0003168581170029938,0.01780050889730386,2.7143285274505615,0.9846263597154336
p232_338.wav,wavelet_denoise,"{""mode"": ""soft"", ""threshold_scale"": 1.0, ""wavelet"": ""db4""}",11.11945574204186,11.169528916921491,0.05007317487963192,0.016596326604485512,0.0004124926635995507,0.020309915401092903,2.542658805847168,0.9939836109342467
p232_338.wav,frequency_masking,"{""mask_floor"": 0.05, ""noise_frames"": 6, ""threshold"": 2.0}",11.11945574204186,15.545085084464745,4.425629342422885,0.00881804060190916,0.00015061235171742737,0.012272422406250014,2.9669406414031982,0.9911609171641733
p232_339.wav,noisy_input,{},4.676852353134018,4.676852353134018,0.0,0.017872706055641174,0.00046727751032449305,0.021616602654545257,3.0246825218200684,0.9970360047941267
p232_339.wav,spectral_subtraction,"{""alpha"": 2.0, ""beta"": 0.02, ""noise_frames"": 6}",4.676852353134018,16.02636289856342,11.349510545429402,0.0037959578912705183,3.424710303079337e-05,0.005852102445343329,3.134617567062378,0.9957349122658669
p232_339.wav,wavelet_denoise,"{""mode"": ""soft"", ""threshold_scale"": 1.0, ""wavelet"": ""db4""}",4.676852353134018,4.71641883132923,0.039566478195212085,0.017797401174902916,0.00046303970157168806,0.02151835731582892,3.0556795597076416,0.9967219859865183
p232_339.wav,frequency_masking,"{""mask_floor"": 0.05, ""noise_frames"": 6, ""threshold"": 2.0}",4.676852353134018,18.139875148605476,13.463022795471458,0.0032870937138795853,2.1050993382232264e-05,0.004588136155590008,3.062089204788208,0.9969513633285267
p232_340.wav,noisy_input,{},-0.17200319569305786,-0.17200319569305786,0.0,0.08374635875225067,0.009361342526972294,0.09675403106316705,1.9664080142974854,0.9543609833498614
p232_340.wav,spectral_subtraction,"{""alpha"": 2.0, ""beta"": 0.02, ""noise_frames"": 6}",-0.17200319569305786,12.72037072191159,12.892373917604647,0.013935201801359653,0.0004809509264305234,0.021930593389840672,1.8466036319732666,0.9488092981306481
p232_340.wav,wavelet_denoise,"{""mode"": ""soft"", ""threshold_scale"": 1.0, ""wavelet"": ""db4""}",-0.17200319569305786,-0.1312491067564123,0.04075408893664556,0.08339320123195648,0.009273907169699669,0.09630112756193288,2.064401388168335,0.9515015579747803
p232_340.wav,frequency_masking,"{""mask_floor"": 0.05, ""noise_frames"": 6, ""threshold"": 2.0}",-0.17200319569305786,5.785262401646393,5.95726559733945,0.03573163226246834,0.002374715404585004,0.04873105174921842,2.2192342281341553,0.9568640520587793
p232_341.wav,noisy_input,{},16.22968190645133,16.22968190645133,0.0,0.00883897952735424,0.00012635743769351393,0.011240882425037365,1.7637710571289062,0.9389126214926669
p232_341.wav,spectral_subtraction,"{""alpha"": 2.0, ""beta"": 0.02, ""noise_frames"": 6}",16.22968190645133,17.0226307700384,0.7929488635870712,0.007043143268674612,0.00010527031554374844,0.010260132335586536,1.9662888050079346,0.9305966549855129
p232_341.wav,wavelet_denoise,"{""mode"": ""soft"", ""threshold_scale"": 1.0, ""wavelet"": ""db4""}",16.22968190645133,16.637520138679957,0.40783823222862736,0.008407851681113243,0.00011503155110403895,0.010725276271688247,1.881791591644287,0.9438653611020581
p232_341.wav,frequency_masking,"{""mask_floor"": 0.05, ""noise_frames"": 6, ""threshold"": 2.0}",16.22968190645133,18.771524935461763,2.5418430290104332,0.006266988813877106,7.037469185888767e-05,0.008388962501935961,1.917607069015503,0.9367551779306278
p232_342.wav,noisy_input,{},11.286395164003425,11.286395164003425,0.0,0.01639898493885994,0.0004863574868068099,0.022053514160033767,1.296369194984436,0.8895084679835331
p232_342.wav,spectral_subtraction,"{""alpha"": 2.0, ""beta"": 0.02, ""noise_frames"": 6}",11.286395164003425,11.079428085473495,-0.2069670785299298,0.015411414206027985,0.0005100964917801321,0.022585315844152635,1.431947946548462,0.8870727599878385
p232_342.wav,wavelet_denoise,"{""mode"": ""soft"", ""threshold_scale"": 1.0, ""wavelet"": ""db4""}",11.286395164003425,11.89511308890388,0.6087179249004553,0.01530409138649702,0.0004227501922287047,0.02056088986957288,1.377244234085083,0.889362962542512
p232_342.wav,frequency_masking,"{""mask_floor"": 0.05, ""noise_frames"": 6, ""threshold"": 2.0}",11.286395164003425,13.971319223753971,2.6849240597505464,0.011585197411477566,0.0002620976883918047,0.016189431379508196,1.43650484085083,0.8922102887096838
p232_343.wav,noisy_input,{},6.139024917654234,6.139024917654234,0.0,0.027895260602235794,0.0012709575239568949,0.03565049121620759,1.295055627822876,0.8773151469558244
p232_343.wav,spectral_subtraction,"{""alpha"": 2.0, ""beta"": 0.02, ""noise_frames"": 6}",6.139024917654234,9.771131028142404,3.63210611048817,0.01633423939347267,0.0005507067544385791,0.02346714201684089,1.4385446310043335,0.8427143216081191
p232_343.wav,wavelet_denoise,"{""mode"": ""soft"", ""threshold_scale"": 1.0, ""wavelet"": ""db4""}",6.139024917654234,6.462575531582458,0.3235506139282238,0.02681603841483593,0.0011797118932008743,0.03434693426203966,1.3809247016906738,0.8815432541317808
p232_343.wav,frequency_masking,"{""mask_floor"": 0.05, ""noise_frames"": 6, ""threshold"": 2.0}",6.139024917654234,8.563404900134335,2.424379982480101,0.019346728920936584,0.0007272656075656414,0.02696786249530432,1.4341590404510498,0.8612920443049175
p232_344.wav,noisy_input,{},0.2524116159308221,0.2524116159308221,0.0,0.039967626333236694,0.0025548303965479136,0.050545330116123624,1.1911301612854004,0.7931346199333567
p232_344.wav,spectral_subtraction,"{""alpha"": 2.0, ""beta"": 0.02, ""noise_frames"": 6}",0.2524116159308221,5.557933452185457,5.305521836254635,0.018179913982748985,0.0007530258153565228,0.027441315845937907,1.3554638624191284,0.7541414891983148
p232_344.wav,wavelet_denoise,"{""mode"": ""soft"", ""threshold_scale"": 1.0, ""wavelet"": ""db4""}",0.2524116159308221,0.6150247665448606,0.3626131506140385,0.03842553123831749,0.00235017784871161,0.048478632908855936,1.2501246929168701,0.7972142565930044
p232_344.wav,frequency_masking,"{""mask_floor"": 0.05, ""noise_frames"": 6, ""threshold"": 2.0}",0.2524116159308221,3.9076849074844313,3.655273291553609,0.023913070559501648,0.0011011201422661543,0.03318313038678169,1.295681118965149,0.7812424434282108
p232_346.wav,noisy_input,{},15.744092152090964,15.744092152090964,0.0,0.008412397466599941,0.00011412774620112032,0.010683058841039879,2.65940523147583,0.9526913590523791
p232_346.wav,spectral_subtraction,"{""alpha"": 2.0, ""beta"": 0.02, ""noise_frames"": 6}",15.744092152090964,18.43950779214676,2.6954156400557956,0.005850324407219887,6.13549564150162e-05,0.007832940470539541,2.9402577877044678,0.9488552992213273
p232_346.wav,wavelet_denoise,"{""mode"": ""soft"", ""threshold_scale"": 1.0, ""wavelet"": ""db4""}",15.744092152090964,15.650389260679255,-0.09370289141170929,0.008351477794349194,0.00011661690950859338,0.010798930942856954,2.653079032897949,0.930582674289597
p232_346.wav,frequency_masking,"{""mask_floor"": 0.05, ""noise_frames"": 6, ""threshold"": 2.0}",15.744092152090964,19.026951108401096,3.2828589563101325,0.005442454945296049,5.359266287996434e-05,0.007320700982827009,2.8695168495178223,0.9562870286621337
p232_347.wav,noisy_input,{},11.551766770770403,11.551766770770403,0.0,0.014053047634661198,0.00031362383742816746,0.017709427924926528,1.9158010482788086,0.9869710449356893
p232_347.wav,spectral_subtraction,"{""alpha"": 2.0, ""beta"": 0.02, ""noise_frames"": 6}",11.551766770770403,10.673577706481405,-0.878189064288998,0.012859025038778782,0.00038390871486626565,0.019593588616337376,2.3952765464782715,0.9728912595927813
p232_347.wav,wavelet_denoise,"{""mode"": ""soft"", ""threshold_scale"": 1.0, ""wavelet"": ""db4""}",11.551766770770403,11.797670153448065,0.2459033826776622,0.013560965657234192,0.00029635941609740257,0.01721509268338113,2.0088233947753906,0.9757232250972545
p232_347.wav,frequency_masking,"{""mask_floor"": 0.05, ""noise_frames"": 6, ""threshold"": 2.0}",11.551766770770403,14.383545054966245,2.831778284195842,0.009137079119682312,0.0001633921783650294,0.012782494997653212,2.330801486968994,0.9849786128406046
p232_348.wav,noisy_input,{},6.335963709124059,6.335963709124059,0.0,0.03894961252808571,0.002409327542409301,0.04908490136904933,1.4556810855865479,0.9202514401316859
p232_348.wav,spectral_subtraction,"{""alpha"": 2.0, ""beta"": 0.02, ""noise_frames"": 6}",6.335963709124059,10.19650454399022,3.8605408348661623,0.02439698576927185,0.0009904709877446294,0.03147174904171405,1.7043883800506592,0.9212181571626625
p232_348.wav,wavelet_denoise,"{""mode"": ""soft"", ""threshold_scale"": 1.0, ""wavelet"": ""db4""}",6.335963709124059,6.7598297962802345,0.4238660871561759,0.03696388006210327,0.002185290679335594,0.04674709273672101,1.5139793157577515,0.8891810695399569
p232_348.wav,frequency_masking,"{""mask_floor"": 0.05, ""noise_frames"": 6, ""threshold"": 2.0}",6.335963709124059,8.662887658095388,2.326923948971329,0.029281942173838615,0.0014099491527304053,0.03754928964348601,1.5961322784423828,0.9218760306859205
p232_349.wav,noisy_input,{},1.289406322184472,1.289406322184472,0.0,0.05245043709874153,0.004370286129415035,0.06610813966082418,1.273057222366333,0.9134617696011348
p232_349.wav,spectral_subtraction,"{""alpha"": 2.0, ""beta"": 0.02, ""noise_frames"": 6}",1.289406322184472,6.604290936578336,5.314884614393865,0.024375423789024353,0.0012853499501943588,0.03585177750397264,1.4046669006347656,0.8896642978080049
p232_349.wav,wavelet_denoise,"{""mode"": ""soft"", ""threshold_scale"": 1.0, ""wavelet"": ""db4""}",1.289406322184472,1.7583918954882773,0.4689855733038053,0.04951060935854912,0.0039229365065693855,0.06263334979521203,1.479841709136963,0.8752711955508388
p232_349.wav,frequency_masking,"{""mask_floor"": 0.05, ""noise_frames"": 6, ""threshold"": 2.0}",1.289406322184472,5.655394060311187,4.365987738126716,0.028584308922290802,0.001599230570718646,0.03999038097741313,1.3991622924804688,0.9081139048881856
p232_350.wav,noisy_input,{},15.387176140147126,15.387176140147126,0.0,0.007883639074862003,0.00022218427329789847,0.014905846950036031,4.300820350646973,0.9914606851139458
p232_350.wav,spectral_subtraction,"{""alpha"": 2.0, ""beta"": 0.02, ""noise_frames"": 6}",15.387176140147126,16.41852193446399,1.031345794316863,0.007046558428555727,0.00017521799600217491,0.013236993465367237,4.264124870300293,0.9828255998783014
p232_350.wav,wavelet_denoise,"{""mode"": ""soft"", ""threshold_scale"": 1.0, ""wavelet"": ""db4""}",15.387176140147126,15.376636595711783,-0.010539544435342663,0.007939320057630539,0.00022272412024904042,0.014923944527136263,4.296550273895264,0.983918728326769
p232_350.wav,frequency_masking,"{""mask_floor"": 0.05, ""noise_frames"": 6, ""threshold"": 2.0}",15.387176140147126,15.532460965030463,0.14528482488333694,0.007669464219361544,0.00021487446792889386,0.014658597065507118,4.237229824066162,0.9882429455170605
p232_351.wav,noisy_input,{},10.516134126617061,10.516134126617061,0.0,0.017477601766586304,0.0004629360046237707,0.021515947681284474,3.2002005577087402,0.9738320670234222
p232_351.wav,spectral_subtraction,"{""alpha"": 2.0, ""beta"": 0.02, ""noise_frames"": 6}",10.516134126617061,18.843460542644447,8.327326416027386,0.006108657456934452,6.804375880165026e-05,0.008248864091597719,3.394638776779175,0.9697542597654845
p232_351.wav,wavelet_denoise,"{""mode"": ""soft"", ""threshold_scale"": 1.0, ""wavelet"": ""db4""}",10.516134126617061,10.53869971165679,0.02256558503972883,0.017418542876839638,0.00046053685946390033,0.02146012254074753,3.25635027885437,0.9737964022798411
p232_351.wav,frequency_masking,"{""mask_floor"": 0.05, ""noise_frames"": 6, ""threshold"": 2.0}",10.516134126617061,15.545901714248583,5.029767587631522,0.008611785247921944,0.00014539323456119746,0.01205791169984245,3.3612992763519287,0.9741519996323487
p232_352.wav,noisy_input,{},5.660508499202659,5.660508499202659,0.0,0.028854282572865486,0.0012706289999186993,0.03564588335163963,2.7677111625671387,0.9869332808443063
p232_352.wav,spectral_subtraction,"{""alpha"": 2.0, ""beta"": 0.02, ""noise_frames"": 6}",5.660508499202659,16.170769648344343,10.510261149141684,0.007426748517900705,0.00011297767923679203,0.010629095880496705,2.8667917251586914,0.9880779924266144
p232_352.wav,wavelet_denoise,"{""mode"": ""soft"", ""threshold_scale"": 1.0, ""wavelet"": ""db4""}",5.660508499202659,5.725919800834416,0.06541130163175701,0.02864798903465271,0.0012516347924247384,0.035378450961351296,2.6419644355773926,0.9904999584177462
p232_352.wav,frequency_masking,"{""mask_floor"": 0.05, ""noise_frames"": 6, ""threshold"": 2.0}",5.660508499202659,20.088616255767104,14.428107756564444,0.004945057909935713,4.583613554132171e-05,0.006770238957475704,2.7517173290252686,0.9871503979672841
p232_353.wav,noisy_input,{},1.0280213781543082,1.0280213781543082,0.0,0.03277008607983589,0.00170942023396492,0.04134513555383414,2.23164701461792,0.9923783065612548
p232_353.wav,spectral_subtraction,"{""alpha"": 2.0, ""beta"": 0.02, ""noise_frames"": 6}",1.0280213781543082,10.987656182201352,9.959634804047043,0.008282759226858616,0.00017253824626095593,0.013135381466137781,2.3999857902526855,0.9873534316831702
p232_353.wav,wavelet_denoise,"{""mode"": ""soft"", ""threshold_scale"": 1.0, ""wavelet"": ""db4""}",1.0280213781543082,1.1096887604457901,0.08166738229148196,0.03246568143367767,0.0016775756375864148,0.04095821819350074,2.1324737071990967,0.984851062885355
p232_353.wav,frequency_masking,"{""mask_floor"": 0.05, ""noise_frames"": 6, ""threshold"": 2.0}",1.0280213781543082,6.98591333698066,5.957891958826352,0.011770511046051979,0.0004335704434197396,0.020822354415861326,2.4127869606018066,0.9934371026365254
p232_354.wav,noisy_input,{},15.428700999225677,15.428700999225677,0.0,0.01115411426872015,0.0002036701625911519,0.014271305567156492,2.782909870147705,0.8696017463996144
p232_354.wav,spectral_subtraction,"{""alpha"": 2.0, ""beta"": 0.02, ""noise_frames"": 6}",15.428700999225677,16.504327997498823,1.0756269982731457,0.009773395024240017,0.00015898812853265554,0.012609049469831402,2.853578567504883,0.8665381877363787
p232_354.wav,wavelet_denoise,"{""mode"": ""soft"", ""threshold_scale"": 1.0, ""wavelet"": ""db4""}",15.428700999225677,15.595123883004758,0.16642288377908088,0.010956380516290665,0.00019601310486905277,0.014000468023214536,2.9086077213287354,0.8703674553442741
p232_354.wav,frequency_masking,"{""mask_floor"": 0.05, ""noise_frames"": 6, ""threshold"": 2.0}",15.428700999225677,18.55233333900776,3.123632339782082,0.007769728545099497,9.921198943629861e-05,0.009960521544392071,2.927311420440674,0.8673128097483371
p232_355.wav,noisy_input,{},11.515037060587439,11.515037060587439,0.0,0.015289528295397758,0.00036267450195737183,0.019044014859198464,2.048936128616333,0.9800292004450764
p232_355.wav,spectral_subtraction,"{""alpha"": 2.0, ""beta"": 0.02, ""noise_frames"": 6}",11.515037060587439,14.471204398052349,2.95616733746491,0.009963574819266796,0.00018361167167313397,0.01355033843389655,2.553452491760254,0.9784837208785035
p232_355.wav,wavelet_denoise,"{""mode"": ""soft"", ""threshold_scale"": 1.0, ""wavelet"": ""db4""}",11.515037060587439,11.597680625339326,0.08264356475188706,0.015129053965210915,0.0003558382741175592,0.0188636760499527,2.2373530864715576,0.9817349845430035
p232_355.wav,frequency_masking,"{""mask_floor"": 0.05, ""noise_frames"": 6, ""threshold"": 2.0}",11.515037060587439,18.10507583955427,6.590038778966832,0.006577957887202501,7.952673331601545e-05,0.008917776253978087,2.5750553607940674,0.9806343355481788
p232_356.wav,noisy_input,{},6.457443489064559,6.457443489064559,0.0,0.02577405795454979,0.001081140828318894,0.032880706019167136,1.5371789932250977,0.9379054283336342
p232_356.wav,spectral_subtraction,"{""alpha"": 2.0, ""beta"": 0.02, ""noise_frames"": 6}",6.457443489064559,12.036352463122991,5.578908974058432,0.012323470786213875,0.0002992205263581127,0.017297991974738358,1.9771039485931396,0.9336375049202766
p232_356.wav,wavelet_denoise,"{""mode"": ""soft"", ""threshold_scale"": 1.0, ""wavelet"": ""db4""}",6.457443489064559,6.64112690527941,0.1836834162148513,0.025209009647369385,0.0010363678447902203,0.03219266756250902,1.7881813049316406,0.9390170272082455
p232_356.wav,frequency_masking,"{""mask_floor"": 0.05, ""noise_frames"": 6, ""threshold"": 2.0}",6.457443489064559,11.86573042298565,5.40828693392109,0.012420057319104671,0.0003112100239377469,0.01764114576601381,1.8113019466400146,0.9390065960592526
p232_357.wav,noisy_input,{},1.0646501395422407,1.0646501395422407,0.0,0.05244511365890503,0.005220372229814529,0.07225214342712975,1.5514488220214844,0.9576607666705161
p232_357.wav,spectral_subtraction,"{""alpha"": 2.0, ""beta"": 0.02, ""noise_frames"": 6}",1.0646501395422407,8.358423256552802,7.293773117010561,0.02135668508708477,0.0009734735358506441,0.03120053742887523,1.8493125438690186,0.9437202017114034
p232_357.wav,wavelet_denoise,"{""mode"": ""soft"", ""threshold_scale"": 1.0, ""wavelet"": ""db4""}",1.0646501395422407,1.0993534838447994,0.034703344302558614,0.052200619131326675,0.005178823601454496,0.07196404380977,1.578451156616211,0.9533961312292961
p232_357.wav,frequency_masking,"{""mask_floor"": 0.05, ""noise_frames"": 6, ""threshold"": 2.0}",1.0646501395422407,8.159793656295278,7.095143516753037,0.020445017144083977,0.0010190303437411785,0.03192225467822062,1.601165533065796,0.9542673583048615
p232_358.wav,noisy_input,{},15.508487471943443,15.508487471943443,0.0,0.011205478571355343,0.0001854726142482832,0.013618833072193932,2.949601411819458,0.9070348023044325
p232_358.wav,spectral_subtraction,"{""alpha"": 2.0, ""beta"": 0.02, ""noise_frames"": 6}",15.508487471943443,20.00489034780092,4.496402875857477,0.005994106642901897,6.586269591934979e-05,0.008115583523034545,2.9459028244018555,0.89849044832324
p232_358.wav,wavelet_denoise,"{""mode"": ""soft"", ""threshold_scale"": 1.0, ""wavelet"": ""db4""}",15.508487471943443,15.514161497626128,0.005674025682685269,0.011170489713549614,0.00018523044127505273,0.013609939062135904,2.7954609394073486,0.9001372096594072
p232_358.wav,frequency_masking,"{""mask_floor"": 0.05, ""noise_frames"": 6, ""threshold"": 2.0}",15.508487471943443,22.46213871763222,6.9536512456887785,0.004730815999209881,3.7403708120109513e-05,0.006115857104291231,3.1992082595825195,0.90227962348925
p232_359.wav,noisy_input,{},9.960753456707044,9.960753456707044,0.0,0.020744267851114273,0.0007446439703926444,0.02728816539074484,3.1727569103240967,0.8855812432785372
p232_359.wav,spectral_subtraction,"{""alpha"": 2.0, ""beta"": 0.02, ""noise_frames"": 6}",9.960753456707044,15.952863496570211,5.992110039863167,0.008829033933579922,0.0001873862202046439,0.013688908656450444,3.1835412979125977,0.8325942840243178
p232_359.wav,wavelet_denoise,"{""mode"": ""soft"", ""threshold_scale"": 1.0, ""wavelet"": ""db4""}",9.960753456707044,9.976761671361595,0.016008214654551267,0.020690608769655228,0.0007419041940011084,0.0272379183125493,3.2058041095733643,0.8790340015968362
p232_359.wav,frequency_masking,"{""mask_floor"": 0.05, ""noise_frames"": 6, ""threshold"": 2.0}",9.960753456707044,12.137172899011093,2.1764194423040486,0.013913234695792198,0.000451135216280818,0.021239943886009163,3.2033464908599854,0.8508966194552318
p232_360.wav,noisy_input,{},6.336157844600798,6.336157844600798,0.0,0.027868276461958885,0.001285730511881411,0.03585708454240823,1.8978146314620972,0.9316972548731299
p232_360.wav,spectral_subtraction,"{""alpha"": 2.0, ""beta"": 0.02, ""noise_frames"": 6}",6.336157844600798,11.088795521253907,4.752637676653109,0.014564997516572475,0.00043041378376074135,0.02074641616667181,1.8861502408981323,0.9300499761386951
p232_360.wav,wavelet_denoise,"{""mode"": ""soft"", ""threshold_scale"": 1.0, ""wavelet"": ""db4""}",6.336157844600798,6.435385352091188,0.09922750749039011,0.027548257261514664,0.0012566872173920274,0.035449784447751265,2.199120044708252,0.9344271768979349
p232_360.wav,frequency_masking,"{""mask_floor"": 0.05, ""noise_frames"": 6, ""threshold"": 2.0}",6.336157844600798,9.184515215245264,2.8483573706444663,0.01705274172127247,0.0006672893650829792,0.02583194466320682,1.9753515720367432,0.9323608253935749
p232_361.wav,noisy_input,{},0.4680119386341898,0.4680119386341898,0.0,0.03355187922716141,0.0018103983020409942,0.042548775564532924,2.626032829284668,0.9974552157051914
p232_361.wav,spectral_subtraction,"{""alpha"": 2.0, ""beta"": 0.02, ""noise_frames"": 6}",0.4680119386341898,11.993382181045298,11.525370242411109,0.006992302369326353,0.00012741985847242177,0.011288040506324459,2.77728271484375,0.9901660549084385
p232_361.wav,wavelet_denoise,"{""mode"": ""soft"", ""threshold_scale"": 1.0, ""wavelet"": ""db4""}",0.4680119386341898,0.48533955425200564,0.017327615617815872,0.033477991819381714,0.0018031895160675049,0.04246397904185976,2.738105535507202,0.9967902298209483
p232_361.wav,frequency_masking,"{""mask_floor"": 0.05, ""noise_frames"": 6, ""threshold"": 2.0}",0.4680119386341898,13.580929182302706,13.112917243668516,0.005869997199624777,8.840613736538216e-05,0.009402453794908124,2.7294974327087402,0.9960127636393169
p232_362.wav,noisy_input,{},16.361918280030007,16.361918280030007,0.0,0.005436306819319725,5.209325536270626e-05,0.007217565750494155,2.0016708374023438,0.9904611715435865
p232_362.wav,spectral_subtraction,"{""alpha"": 2.0, ""beta"": 0.02, ""noise_frames"": 6}",16.361918280030007,18.65409621090845,2.2921779308784416,0.004037850070744753,3.073007974307984e-05,0.005543471813140195,2.448399782180786,0.9897183130161266
p232_362.wav,wavelet_denoise,"{""mode"": ""soft"", ""threshold_scale"": 1.0, ""wavelet"": ""db4""}",16.361918280030007,16.494388219627293,0.1324699395972857,0.005371054634451866,5.052827691542916e-05,0.0071083244801731695,2.189365863800049,0.9907010637542207
p232_362.wav,frequency_masking,"{""mask_floor"": 0.05, ""noise_frames"": 6, ""threshold"": 2.0}",16.361918280030007,17.294066321384058,0.9321480413540506,0.00472063384950161,4.203070784569718e-05,0.006483109427249951,2.2722244262695312,0.99058205730091
p232_363.wav,noisy_input,{},11.586576580828957,11.586576580828957,0.0,0.015139165334403515,0.00041527405846863985,0.020378274177874824,1.8935821056365967,0.9723551758613791
p232_363.wav,spectral_subtraction,"{""alpha"": 2.0, ""beta"": 0.02, ""noise_frames"": 6}",11.586576580828957,13.516832170322036,1.930255589493079,0.011545307002961636,0.0002662620390765369,0.01631753777616393,1.992969274520874,0.9651121227933892
p232_363.wav,wavelet_denoise,"{""mode"": ""soft"", ""threshold_scale"": 1.0, ""wavelet"": ""db4""}",11.586576580828957,11.740355781807814,0.15377920097885678,0.01483338326215744,0.00040082691702991724,0.02002066225253094,2.0911548137664795,0.974931609404137
p232_363.wav,frequency_masking,"{""mask_floor"": 0.05, ""noise_frames"": 6, ""threshold"": 2.0}",11.586576580828957,15.882319869046434,4.295743288217476,0.008747877553105354,0.00015444023301824927,0.012427398481510492,2.1024937629699707,0.9713756674056887
p232_364.wav,noisy_input,{},6.068277322639041,6.068277322639041,0.0,0.03454842045903206,0.0020434355828911066,0.045204375705136184,1.570838451385498,0.970175735724423
p232_364.wav,spectral_subtraction,"{""alpha"": 2.0, ""beta"": 0.02, ""noise_frames"": 6}",6.068277322639041,10.414849070799747,4.346571748160706,0.01884433440864086,0.0007511104340665042,0.027406394036182582,1.9952397346496582,0.9596942065468166
p232_364.wav,wavelet_denoise,"{""mode"": ""soft"", ""threshold_scale"": 1.0, ""wavelet"": ""db4""}",6.068277322639041,6.263630722777559,0.19535340013851776,0.033607400953769684,0.001953554805368185,0.044199036249314136,1.7304197549819946,0.9690401094228218
p232_364.wav,frequency_masking,"{""mask_floor"": 0.05, ""noise_frames"": 6, ""threshold"": 2.0}",6.068277322639041,8.817619488560682,2.7493421659216413,0.022486962378025055,0.0010849925456568599,0.032939225031212556,1.8106797933578491,0.968421006332348
p232_365.wav,noisy_input,{},0.8779891392967507,0.8779891392967507,0.0,0.06251833587884903,0.0070148641243577,0.08375478568032814,1.4555716514587402,0.860375688516051
p232_365.wav,spectral_subtraction,"{""alpha"": 2.0, ""beta"": 0.02, ""noise_frames"": 6}",0.8779891392967507,3.505605401331451,2.6276162620347003,0.039505910128355026,0.003830519039183855,0.061891187088178035,1.6350088119506836,0.8409150020910646
p232_365.wav,wavelet_denoise,"{""mode"": ""soft"", ""threshold_scale"": 1.0, ""wavelet"": ""db4""}",0.8779891392967507,1.0219594719345158,0.14397033263776504,0.061190634965896606,0.0067861308343708515,0.08237797542044142,1.5887629985809326,0.8652350952028656
p232_365.wav,frequency_masking,"{""mask_floor"": 0.05, ""noise_frames"": 6, ""threshold"": 2.0}",0.8779891392967507,1.8572749497422611,0.9792858104455104,0.05105333775281906,0.005598744843155146,0.07482476089607734,1.599442481994629,0.8551794899629933
p232_366.wav,noisy_input,{},15.799799582194563,15.799799582194563,0.0,0.009694967418909073,0.00014843320241197944,0.012183316560443606,2.2667770385742188,0.9921893854579593
p232_366.wav,spectral_subtraction,"{""alpha"": 2.0, ""beta"": 0.02, ""noise_frames"": 6}",15.799799582194563,15.250198932974248,-0.5496006492203147,0.008756780065596104,0.0001684578019194305,0.012979129474638524,2.9928529262542725,0.9901114011275127
p232_366.wav,wavelet_denoise,"{""mode"": ""soft"", ""threshold_scale"": 1.0, ""wavelet"": ""db4""}",15.799799582194563,15.95077491615646,0.1509753339618971,0.00951354205608368,0.00014336183085106313,0.011973380092983899,2.1037557125091553,0.9868182994956054
p232_366.wav,frequency_masking,"{""mask_floor"": 0.05, ""noise_frames"": 6, ""threshold"": 2.0}",15.799799582194563,18.831307261783415,3.0315076795888523,0.00637521967291832,7.385506614809856e-05,0.008593897029177075,2.7921319007873535,0.9932607730110711
p232_367.wav,noisy_input,{},10.55003572396161,10.55003572396161,0.0,0.01894535683095455,0.0005681966431438923,0.02383687570013932,1.8469464778900146,0.8789527378804936
p232_367.wav,spectral_subtraction,"{""alpha"": 2.0, ""beta"": 0.02, ""noise_frames"": 6}",10.55003572396161,15.09441997993312,4.54438425597151,0.00981592945754528,0.00019955390598624945,0.014126355014165879,1.9734230041503906,0.870618332875985
p232_367.wav,wavelet_denoise,"{""mode"": ""soft"", ""threshold_scale"": 1.0, ""wavelet"": ""db4""}",10.55003572396161,10.640421327141691,0.09038560318008138,0.0187107864767313,0.0005564935272559524,0.0235901150326986,1.8439052104949951,0.8466550031308675
p232_367.wav,frequency_masking,"{""mask_floor"": 0.05, ""noise_frames"": 6, ""threshold"": 2.0}",10.55003572396161,15.700296546986968,5.1502608230253575,0.009477950632572174,0.00017356917669530958,0.013174565522069772,2.1299054622650146,0.8759069528625256
p232_368.wav,noisy_input,{},5.8138007938332255,5.8138007938332255,0.0,0.028605859726667404,0.001254354021511972,0.0354168606953238,2.009793519973755,0.8881516119780752
p232_368.wav,spectral_subtraction,"{""alpha"": 2.0, ""beta"": 0.02, ""noise_frames"": 6}",5.8138007938332255,10.878742200618285,5.06494140678506,0.01448381133377552,0.00039077430847100914,0.01976801225391691,2.334599733352661,0.8792469599506247
p232_368.wav,wavelet_denoise,"{""mode"": ""soft"", ""threshold_scale"": 1.0, ""wavelet"": ""db4""}",5.8138007938332255,6.171714797361927,0.35791400352870184,0.027381082996726036,0.0011551242787390947,0.03398711930627682,1.9318459033966064,0.8515379867686855
p232_368.wav,frequency_masking,"{""mask_floor"": 0.05, ""noise_frames"": 6, ""threshold"": 2.0}",5.8138007938332255,8.750413163760417,2.9366123699271913,0.018962254747748375,0.0006379092228598893,0.02525686486600998,2.247314453125,0.8850583155876985
p232_369.wav,noisy_input,{},1.5609738529148178,1.5609738529148178,0.0,0.05836706608533859,0.005178219173103571,0.07195984417092335,1.3221585750579834,0.9444593164462004
p232_369.wav,spectral_subtraction,"{""alpha"": 2.0, ""beta"": 0.02, ""noise_frames"": 6}",1.5609738529148178,8.965119621559372,7.404145768644555,0.022390112280845642,0.0009413818479515612,0.03068194661281388,1.9193897247314453,0.9392765099753253
p232_369.wav,wavelet_denoise,"{""mode"": ""soft"", ""threshold_scale"": 1.0, ""wavelet"": ""db4""}",1.5609738529148178,2.0282713858095973,0.4672975328947795,0.055474117398262024,0.004649975337088108,0.06819072764744565,1.4787178039550781,0.8910894896709292
p232_369.wav,frequency_masking,"{""mask_floor"": 0.05, ""noise_frames"": 6, ""threshold"": 2.0}",1.5609738529148178,9.510170314087619,7.949196461172801,0.02218557894229889,0.0008303491631522775,0.02881577975957405,1.7275198698043823,0.9475400704212263
p232_370.wav,noisy_input,{},15.319782967128454,15.319782967128454,0.0,0.011565057560801506,0.0002089203626383096,0.014454077716627567,3.0087368488311768,0.975093007628991
p232_370.wav,spectral_subtraction,"{""alpha"": 2.0, ""beta"": 0.02, ""noise_frames"": 6}",15.319782967128454,20.947560606975255,5.627777639846801,0.005515586584806442,5.7174580433638766e-05,0.007561387467498195,3.406487464904785,0.9723682445488644
p232_370.wav,wavelet_denoise,"{""mode"": ""soft"", ""threshold_scale"": 1.0, ""wavelet"": ""db4""}",15.319782967128454,15.305369563238,-0.014413403890454646,0.011535057798027992,0.00020961488189641386,0.014478082811491785,3.2944040298461914,0.9662198213350172
p232_370.wav,frequency_masking,"{""mask_floor"": 0.05, ""noise_frames"": 6, ""threshold"": 2.0}",15.319782967128454,18.4542301390074,3.1344471718789464,0.007107886020094156,0.00010151636524824426,0.010075533000702457,3.362811326980591,0.9786676767289448
p232_371.wav,noisy_input,{},10.530231386130273,10.530231386130273,0.0,0.012716896831989288,0.000254615064477548,0.01595666207192306,2.7547550201416016,0.9987276435460926
p232_371.wav,spectral_subtraction,"{""alpha"": 2.0, ""beta"": 0.02, ""noise_frames"": 6}",10.530231386130273,18.06264730657922,7.532415920448946,0.004433595109730959,4.494097811402753e-05,0.006703803257407509,3.019570827484131,0.9975470961637117
p232_371.wav,wavelet_denoise,"{""mode"": ""soft"", ""threshold_scale"": 1.0, ""wavelet"": ""db4""}",10.530231386130273,10.55113991626188,0.02090853013160654,0.012722439132630825,0.0002533922088332474,0.01591829792513155,3.2624449729919434,0.9959807010064867
p232_371.wav,frequency_masking,"{""mask_floor"": 0.05, ""noise_frames"": 6, ""threshold"": 2.0}",10.530231386130273,14.433121147859186,3.902889761728913,0.00651260931044817,0.00010365616617491469,0.01018116723047582,3.057638645172119,0.9985686067450666
p232_372.wav,noisy_input,{},6.572331818197018,6.572331818197018,0.0,0.033410247415304184,0.0018084909534081817,0.04252635598553186,2.165189027786255,0.9240536543164135
p232_372.wav,spectral_subtraction,"{""alpha"": 2.0, ""beta"": 0.02, ""noise_frames"": 6}",6.572331818197018,13.724308831587674,7.151977013390656,0.013581251725554466,0.0003484324843157083,0.01866634630332643,2.1390748023986816,0.9165313142639281
p232_372.wav,wavelet_denoise,"{""mode"": ""soft"", ""threshold_scale"": 1.0, ""wavelet"": ""db4""}",6.572331818197018,6.639689237360928,0.06735741916391014,0.0331764779984951,0.0017806582618504763,0.042197846649449734,2.2348239421844482,0.918733418321191
p232_372.wav,frequency_masking,"{""mask_floor"": 0.05, ""noise_frames"": 6, ""threshold"": 2.0}",6.572331818197018,15.306753891248974,8.734422073051956,0.010943819768726826,0.0002420327509753406,0.015557401806707333,2.23581862449646,0.9213582265148138
p232_373.wav,noisy_input,{},1.5596428602832615,1.5596428602832615,0.0,0.04479949176311493,0.0029506466817110777,0.054319855317471875,2.62829852104187,0.9969169588972245
p232_373.wav,spectral_subtraction,"{""alpha"": 2.0, ""beta"": 0.02, ""noise_frames"": 6}",1.5596428602832615,12.433431431692167,10.873788571408905,0.011274813674390316,0.00024128945369739085,0.015533494574544096,2.9812569618225098,0.9903901405931185
p232_373.wav,wavelet_denoise,"{""mode"": ""soft"", ""threshold_scale"": 1.0, ""wavelet"": ""db4""}",1.5596428602832615,1.6151039661768056,0.05546110589354414,0.04450804367661476,0.002913205185905099,0.053974115888128255,2.439836263656616,0.9728398554703616
p232_373.wav,frequency_masking,"{""mask_floor"": 0.05, ""noise_frames"": 6, ""threshold"": 2.0}",1.5596428602832615,13.015030720768854,11.455387860485592,0.009413056075572968,0.00021104663028381765,0.014527444038227016,3.0129199028015137,0.9957258529903394
p232_374.wav,noisy_input,{},16.427811095320138,16.427811095320138,0.0,0.00911874882876873,0.00013810989912599325,0.011752016810998581,2.3002724647521973,0.9864825454512938
p232_374.wav,spectral_subtraction,"{""alpha"": 2.0, ""beta"": 0.02, ""noise_frames"": 6}",16.427811095320138,16.925616582935483,0.49780548761534504,0.007987359538674355,0.00012315278581809253,0.011097422485338319,2.4517343044281006,0.9834163200932966
p232_374.wav,wavelet_denoise,"{""mode"": ""soft"", ""threshold_scale"": 1.0, ""wavelet"": ""db4""}",16.427811095320138,16.56608170024027,0.13827060492013388,0.008970417082309723,0.00013378201401792467,0.011566417510098997,2.5133960247039795,0.9860674317124872
p232_374.wav,frequency_masking,"{""mask_floor"": 0.05, ""noise_frames"": 6, ""threshold"": 2.0}",16.427811095320138,20.544451280317,4.116640184996861,0.005426526535302401,5.3525505791185424e-05,0.007316112751399162,2.4749093055725098,0.9860139372067193
p232_375.wav,noisy_input,{},11.154780004341706,11.154780004341706,0.0,0.01576342061161995,0.00039276975439861417,0.019818419573684833,2.1558125019073486,0.9866931742726591
p232_375.wav,spectral_subtraction,"{""alpha"": 2.0, ""beta"": 0.02, ""noise_frames"": 6}",11.154780004341706,14.31071122958067,3.155931225238964,0.009754659608006477,0.00018990872194990516,0.013780737351459288,2.4000182151794434,0.9807953947703861
p232_375.wav,wavelet_denoise,"{""mode"": ""soft"", ""threshold_scale"": 1.0, ""wavelet"": ""db4""}",11.154780004341706,11.341089669632826,0.18630966529111959,0.015419334173202515,0.00037627649726346135,0.019397847748228704,2.283055305480957,0.9871618200169993
p232_375.wav,frequency_masking,"{""mask_floor"": 0.05, ""noise_frames"": 6, ""threshold"": 2.0}",11.154780004341706,16.623807392172044,5.469027387830337,0.007909159176051617,0.0001114898404921405,0.010558874963372778,2.4067304134368896,0.9858064811011078
p232_377.wav,noisy_input,{},6.399864347981957,6.399864347981957,0.0,0.022960463538765907,0.0009144367650151253,0.03023965550424021,1.8943939208984375,0.975413704491363
p232_377.wav,spectral_subtraction,"{""alpha"": 2.0, ""beta"": 0.02, ""noise_frames"": 6}",6.399864347981957,9.67231692070479,3.272452572722832,0.014064962975680828,0.00043043584446422756,0.020746947834903995,2.3208184242248535,0.9682401010113959
p232_377.wav,wavelet_denoise,"{""mode"": ""soft"", ""threshold_scale"": 1.0, ""wavelet"": ""db4""}",6.399864347981957,6.507931251948604,0.10806690396664731,0.022628413513302803,0.0008919633110053837,0.02986575482061995,2.06652569770813,0.9772198191000159
p232_377.wav,frequency_masking,"{""mask_floor"": 0.05, ""noise_frames"": 6, ""threshold"": 2.0}",6.399864347981957,7.98128320851811,1.5814188605361528,0.0172788817435503,0.0006353482021950185,0.025206114381138133,2.1243183612823486,0.9730772761022486
p232_378.wav,noisy_input,{},1.5367468987112982,1.5367468987112982,0.0,0.04784625023603439,0.0038212197832763195,0.06181601558881258,1.3605430126190186,0.9541402909989071
p232_378.wav,spectral_subtraction,"{""alpha"": 2.0, ""beta"": 0.02, ""noise_frames"": 6}",1.5367468987112982,6.564607346053213,5.027860447341915,0.024751702323555946,0.001200648839585483,0.034650380078514044,1.5697795152664185,0.9487874929255685
p232_378.wav,wavelet_denoise,"{""mode"": ""soft"", ""threshold_scale"": 1.0, ""wavelet"": ""db4""}",1.5367468987112982,1.6529777078446433,0.11623080913334505,0.04715444892644882,0.003720308421179652,0.060994331057727426,1.4996445178985596,0.9538847114735532
p232_378.wav,frequency_masking,"{""mask_floor"": 0.05, ""noise_frames"": 6, ""threshold"": 2.0}",1.5367468987112982,3.6668709468494445,2.1301240481381463,0.034238237887620926,0.0023398585617542267,0.048372084529759794,1.4944571256637573,0.9555470950892675
p232_379.wav,noisy_input,{},16.284444025575386,16.284444025575386,0.0,0.010483947582542896,0.0001453408767702058,0.01205574040738294,3.067978620529175,0.9804992890317387
p232_379.wav,spectral_subtraction,"{""alpha"": 2.0, ""beta"": 0.02, ""noise_frames"": 6}",16.284444025575386,19.70376793000316,3.419323904427774,0.006105468608438969,6.613865843974054e-05,0.008132567764226778,3.29563307762146,0.9747155283287275
p232_379.wav,wavelet_denoise,"{""mode"": ""soft"", ""threshold_scale"": 1.0, ""wavelet"": ""db4""}",16.284444025575386,16.318546683427858,0.03410265785247191,0.01042796391993761,0.00014420406660065055,0.012008499764777053,3.214413642883301,0.9817110741354294
p232_379.wav,frequency_masking,"{""mask_floor"": 0.05, ""noise_frames"": 6, ""threshold"": 2.0}",16.284444025575386,23.01469526321309,6.730251237637702,0.004341826308518648,3.085763455601409e-05,0.005554964856415753,3.25543475151062,0.978590698231307
p232_380.wav,noisy_input,{},11.397051795120754,11.397051795120754,0.0,0.01622619479894638,0.0004175999783910811,0.020435263110395254,2.256824016571045,0.9770250326050821
p232_380.wav,spectral_subtraction,"{""alpha"": 2.0, ""beta"": 0.02, ""noise_frames"": 6}",11.397051795120754,15.63002674311317,4.232974947992416,0.00912508089095354,0.00015756617358420044,0.012552536539847253,2.3997139930725098,0.9725917007863496
p232_380.wav,wavelet_denoise,"{""mode"": ""soft"", ""threshold_scale"": 1.0, ""wavelet"": ""db4""}",11.397051795120754,11.503060624796667,0.10600882967591296,0.016009783372282982,0.0004075300239492208,0.020187372883791015,2.297484874725342,0.9754604234320655
p232_380.wav,frequency_masking,"{""mask_floor"": 0.05, ""noise_frames"": 6, ""threshold"": 2.0}",11.397051795120754,19.74679987044436,8.349748075323605,0.005754419136792421,6.106405635364354e-05,0.007814349387738145,2.480201005935669,0.9763668765710608
p232_381.wav,noisy_input,{},5.835302149451386,5.835302149451386,0.0,0.04452409967780113,0.0025868508964776993,0.050861094133705965,2.2122955322265625,0.9482997686419846
p232_381.wav,spectral_subtraction,"{""alpha"": 2.0, ""beta"": 0.02, ""noise_frames"": 6}",5.835302149451386,15.779008980827555,9.943706831376169,0.011932586319744587,0.0002620599989313632,0.016188267323322878,2.1811037063598633,0.9420424314491114
p232_381.wav,wavelet_denoise,"{""mode"": ""soft"", ""threshold_scale"": 1.0, ""wavelet"": ""db4""}",5.835302149451386,5.903289802813649,0.06798765336226342,0.044207822531461716,0.0025466696824878454,0.05046453886134149,2.252323627471924,0.9456221398981417
p232_381.wav,frequency_masking,"{""mask_floor"": 0.05, ""noise_frames"": 6, ""threshold"": 2.0}",5.835302149451386,12.10070682901973,6.265404679568344,0.019363831728696823,0.0006112669943831861,0.024723814317034215,2.250572919845581,0.9462411211810386
p232_382.wav,noisy_input,{},0.7423192134283894,0.7423192134283894,0.0,0.04627861827611923,0.0035157776437699795,0.05929399331947528,3.0234882831573486,0.9235142300546065
p232_382.wav,spectral_subtraction,"{""alpha"": 2.0, ""beta"": 0.02, ""noise_frames"": 6}",0.7423192134283894,8.07356171351452,7.33124250008613,0.01554716657847166,0.0006499757873825729,0.025494622715046655,2.678901433944702,0.9176084315716596
p232_382.wav,wavelet_denoise,"{""mode"": ""soft"", ""threshold_scale"": 1.0, ""wavelet"": ""db4""}",0.7423192134283894,0.7540497858025813,0.01173057237419195,0.046201691031455994,0.0035062942188233137,0.05921396979449456,3.0057427883148193,0.9209675933189143
p232_382.wav,frequency_masking,"{""mask_floor"": 0.05, ""noise_frames"": 6, ""threshold"": 2.0}",0.7423192134283894,3.3238392920376576,2.5815200786092682,0.027745462954044342,0.0019403023179620504,0.044048862845277294,2.9923455715179443,0.9215939361021271
p232_383.wav,noisy_input,{},15.388473523885937,15.388473523885937,0.0,0.008545870892703533,0.00012284869444556534,0.011083713026128263,1.7957205772399902,0.9895901328822452
p232_383.wav,spectral_subtraction,"{""alpha"": 2.0, ""beta"": 0.02, ""noise_frames"": 6}",15.388473523885937,16.970356684285285,1.5818831603993484,0.006358134560286999,8.53458113851957e-05,0.009238279676714475,1.963680386543274,0.9866139185433628
p232_383.wav,wavelet_denoise,"{""mode"": ""soft"", ""threshold_scale"": 1.0, ""wavelet"": ""db4""}",15.388473523885937,15.75318814816316,0.364714624277223,0.008177307434380054,0.00011295334115857258,0.010627950938848588,1.918119192123413,0.9894567291847258
p232_383.wav,frequency_masking,"{""mask_floor"": 0.05, ""noise_frames"": 6, ""threshold"": 2.0}",15.388473523885937,17.543160076244718,2.154686552358781,0.00626028748229146,7.480004569515586e-05,0.008648701965911177,1.8999788761138916,0.9893819218289475
p232_384.wav,noisy_input,{},10.547123141074364,10.547123141074364,0.0,0.01862049102783203,0.0006201181677170098,0.02490217194778419,1.8534157276153564,0.8551083002818326
p232_384.wav,spectral_subtraction,"{""alpha"": 2.0, ""beta"": 0.02, ""noise_frames"": 6}",10.547123141074364,13.192920390087037,2.6457972490126735,0.01293888408690691,0.0003372055653017014,0.018363157824886803,1.8415265083312988,0.8457179346686148
p232_384.wav,wavelet_denoise,"{""mode"": ""soft"", ""threshold_scale"": 1.0, ""wavelet"": ""db4""}",10.547123141074364,10.89015710374168,0.34303396266731667,0.01781110279262066,0.0005730217089876533,0.02393787185586165,1.9265425205230713,0.8594849593600972
p232_384.wav,frequency_masking,"{""mask_floor"": 0.05, ""noise_frames"": 6, ""threshold"": 2.0}",10.547123141074364,12.941146269229861,2.3940231281554976,0.013215839862823486,0.0003573322028387338,0.018903232602883926,1.9103894233703613,0.8562198128536547
p232_385.wav,noisy_input,{},6.41546362828076,6.41546362828076,0.0,0.026105739176273346,0.0012552473926916718,0.0354294706803767,1.6722826957702637,0.8784936119732876
p232_385.wav,spectral_subtraction,"{""alpha"": 2.0, ""beta"": 0.02, ""noise_frames"": 6}",6.41546362828076,7.88760897355208,1.4721453452713202,0.02047269232571125,0.0008943650173023343,0.02990593615492306,1.913238763809204,0.8749483397916944
p232_385.wav,wavelet_denoise,"{""mode"": ""soft"", ""threshold_scale"": 1.0, ""wavelet"": ""db4""}",6.41546362828076,6.549884943630714,0.13442131534995383,0.025537844747304916,0.0012169905239716172,0.03488539126871902,1.8239235877990723,0.8751830018797121
p232_385.wav,frequency_masking,"{""mask_floor"": 0.05, ""noise_frames"": 6, ""threshold"": 2.0}",6.41546362828076,6.9215211073421585,0.5060574790613988,0.02367429807782173,0.0011171811493113637,0.03342425989175173,1.911827802658081,0.8776549362785874
p232_386.wav,noisy_input,{},0.9428051972656477,0.9428051972656477,0.0,0.05462571606040001,0.0050320751033723354,0.07093712077165477,1.210676908493042,0.7414204995286523
p232_386.wav,spectral_subtraction,"{""alpha"": 2.0, ""beta"": 0.02, ""noise_frames"": 6}",0.9428051972656477,4.305177744837092,3.3623725475714443,0.0328286737203598,0.002320116851478815,0.048167591298287016,1.3152515888214111,0.7173193779685778
p232_386.wav,wavelet_denoise,"{""mode"": ""soft"", ""threshold_scale"": 1.0, ""wavelet"": ""db4""}",0.9428051972656477,1.5269713230236845,0.5841661257580368,0.05085987597703934,0.004398762248456478,0.06632316524757001,1.285693645477295,0.7511737559516465
p232_386.wav,frequency_masking,"{""mask_floor"": 0.05, ""noise_frames"": 6, ""threshold"": 2.0}",0.9428051972656477,2.981132405716731,2.0383272084510833,0.04037238657474518,0.003147127805277705,0.05609926742193436,1.276318907737732,0.7344991176287669
p232_387.wav,noisy_input,{},16.456174021614054,16.456174021614054,0.0,0.007388131693005562,8.538770634913817e-05,0.009240546864181695,2.598918914794922,0.9842823715997401
p232_387.wav,spectral_subtraction,"{""alpha"": 2.0, ""beta"": 0.02, ""noise_frames"": 6}",16.456174021614054,17.07176429433177,0.6155902727177178,0.006298355292528868,7.410308899125084e-05,0.008608315107571913,2.665935516357422,0.9827576786964608
p232_387.wav,wavelet_denoise,"{""mode"": ""soft"", ""threshold_scale"": 1.0, ""wavelet"": ""db4""}",16.456174021614054,16.604925164205685,0.1487511425916317,0.007248443551361561,8.251258987002075e-05,0.009083644085388901,2.6335573196411133,0.9799645955070962
p232_387.wav,frequency_masking,"{""mask_floor"": 0.05, ""noise_frames"": 6, ""threshold"": 2.0}",16.456174021614054,19.240559025834163,2.784385004220109,0.005157610401511192,4.497351619647816e-05,0.006706229655810943,2.6846354007720947,0.9843886824785636
p232_388.wav,noisy_input,{},11.039323277780417,11.039323277780417,0.0,0.0188373401761055,0.0005711542326025665,0.02389883328956806,1.4821674823760986,0.8374648681509481
p232_388.wav,spectral_subtraction,"{""alpha"": 2.0, ""beta"": 0.02, ""noise_frames"": 6}",11.039323277780417,14.578328535109616,3.5390052573291992,0.011756263673305511,0.00025284415460191667,0.01590107400781207,2.0137879848480225,0.8284177635549952
p232_388.wav,wavelet_denoise,"{""mode"": ""soft"", ""threshold_scale"": 1.0, ""wavelet"": ""db4""}",11.039323277780417,12.508604807857992,1.4692815300775752,0.015946941450238228,0.000407216401072219,0.020179603590561906,1.9384714365005493,0.833062133378554
p232_388.wav,frequency_masking,"{""mask_floor"": 0.05, ""noise_frames"": 6, ""threshold"": 2.0}",11.039323277780417,14.616971010771781,3.5776477329913643,0.011704863049089909,0.00025060438201762736,0.015830489001216207,1.9035297632217407,0.8340329763315063
p232_389.wav,noisy_input,{},5.847923806140253,5.847923806140253,0.0,0.028086138889193535,0.001250520464964211,0.03536269877942309,1.2546254396438599,0.9240817403860585
p232_389.wav,spectral_subtraction,"{""alpha"": 2.0, ""beta"": 0.02, ""noise_frames"": 6}",5.847923806140253,11.489852956401325,5.641929150261072,0.011478514410555363,0.000341112696332857,0.018469236484837618,1.2830581665039062,0.9221964917170914
p232_389.wav,wavelet_denoise,"{""mode"": ""soft"", ""threshold_scale"": 1.0, ""wavelet"": ""db4""}",5.847923806140253,7.300265709852168,1.4523419037119147,0.0239581149071455,0.0008950692135840654,0.02991770735842012,1.3476495742797852,0.9066104448802991
p232_389.wav,frequency_masking,"{""mask_floor"": 0.05, ""noise_frames"": 6, ""threshold"": 2.0}",5.847923806140253,9.736981419372192,3.889057613231939,0.01496313326060772,0.0005107225733809173,0.022599171962284753,1.260945439338684,0.9245630159502055
p232_390.wav,noisy_input,{},0.6882236323130579,0.6882236323130579,0.0,0.060678549110889435,0.005701280664652586,0.07550682528521899,1.3149216175079346,0.8906111696539308
p232_390.wav,spectral_subtraction,"{""alpha"": 2.0, ""beta"": 0.02, ""noise_frames"": 6}",0.6882236323130579,5.823873161089843,5.135649528776785,0.027813712134957314,0.001747460919432342,0.04180264249341591,1.5176039934158325,0.8740480654692601
p232_390.wav,wavelet_denoise,"{""mode"": ""soft"", ""threshold_scale"": 1.0, ""wavelet"": ""db4""}",0.6882236323130579,1.1302191814130234,0.4419955490999654,0.057658806443214417,0.005149592645466328,0.07176066224238965,1.4134414196014404,0.8288705369954618
p232_390.wav,frequency_masking,"{""mask_floor"": 0.05, ""noise_frames"": 6, ""threshold"": 2.0}",0.6882236323130579,5.371108189967954,4.682884557654896,0.03191555663943291,0.0019394740229472518,0.044039459839412785,1.4496185779571533,0.8930806596578417
p232_391.wav,noisy_input,{},15.532878454359624,15.532878454359624,0.0,0.007859738543629646,0.00011507075396366417,0.010727103708068836,3.520437002182007,0.9921289026981923
p232_391.wav,spectral_subtraction,"{""alpha"": 2.0, ""beta"": 0.02, ""noise_frames"": 6}",15.532878454359624,18.795432298596456,3.262553844236832,0.004856642335653305,5.428871372714639e-05,0.007368087521680669,3.6559481620788574,0.9896323936716236
p232_391.wav,wavelet_denoise,"{""mode"": ""soft"", ""threshold_scale"": 1.0, ""wavelet"": ""db4""}",15.532878454359624,15.487619250315063,-0.04525920404456052,0.007887565530836582,0.00011627621279330924,0.010783144847089334,3.411942958831787,0.9850418678329267
p232_391.wav,frequency_masking,"{""mask_floor"": 0.05, ""noise_frames"": 6, ""threshold"": 2.0}",15.532878454359624,16.91178178981308,1.3789033354534563,0.005997311789542437,8.376732148462906e-05,0.009152448933735116,3.727365016937256,0.9921221119513259
p232_392.wav,noisy_input,{},11.558407137089029,11.558407137089029,0.0,0.016556425020098686,0.00041759118903428316,0.02043504805559026,3.4548146724700928,0.967553448663106
p232_392.wav,spectral_subtraction,"{""alpha"": 2.0, ""beta"": 0.02, ""noise_frames"": 6}",11.558407137089029,15.158981443761654,3.600574306672625,0.0098042581230402,0.00018226106476504356,0.013500409799892874,2.5908093452453613,0.9418783218539928
p232_392.wav,wavelet_denoise,"{""mode"": ""soft"", ""threshold_scale"": 1.0, ""wavelet"": ""db4""}",11.558407137089029,11.590944510712726,0.03253737362369691,0.016472458839416504,0.0004144742852076888,0.02035864153640141,3.184471607208252,0.9576734347127696
p232_392.wav,frequency_masking,"{""mask_floor"": 0.05, ""noise_frames"": 6, ""threshold"": 2.0}",11.558407137089029,12.755977410722078,1.1975702736330494,0.01344290655106306,0.0003169525880366564,0.01780316230439571,3.016090154647827,0.9535829205324166
p232_393.wav,noisy_input,{},6.564136928845845,6.564136928845845,0.0,0.019012806937098503,0.0005522925639525056,0.023500905598561633,2.8445329666137695,0.9989381915813168
p232_393.wav,spectral_subtraction,"{""alpha"": 2.0, ""beta"": 0.02, ""noise_frames"": 6}",6.564136928845845,18.76866754862568,12.204530619779835,0.003848489373922348,3.324421777506359e-05,0.005765779893046871,3.288038730621338,0.9980435310779532
p232_393.wav,wavelet_denoise,"{""mode"": ""soft"", ""threshold_scale"": 1.0, ""wavelet"": ""db4""}",6.564136928845845,6.5905270622969585,0.026390133451113407,0.01892276480793953,0.0005489466711878777,0.0234296109909635,3.0139272212982178,0.9897199696775381
p232_393.wav,frequency_masking,"{""mask_floor"": 0.05, ""noise_frames"": 6, ""threshold"": 2.0}",6.564136928845845,12.506123656539458,5.941986727693613,0.006962495855987072,0.0001405952061759308,0.011857284941162997,3.1464474201202393,0.9989374648816434
p232_394.wav,noisy_input,{},1.5253702899209933,1.5253702899209933,0.0,0.05030098557472229,0.0037652559112757444,0.061361681131433685,2.3176424503326416,0.9971677999263452
p232_394.wav,spectral_subtraction,"{""alpha"": 2.0, ""beta"": 0.02, ""noise_frames"": 6}",1.5253702899209933,9.985574259875493,8.4602039699545,0.015269888564944267,0.0005367525154724717,0.023167919964305637,2.604144334793091,0.9927432326698495
p232_394.wav,wavelet_denoise,"{""mode"": ""soft"", ""threshold_scale"": 1.0, ""wavelet"": ""db4""}",1.5253702899209933,1.5871253945249695,0.06175510460397615,0.04993312433362007,0.0037120941560715437,0.06092695754812925,2.3023719787597656,0.9770352801425166
p232_394.wav,frequency_masking,"{""mask_floor"": 0.05, ""noise_frames"": 6, ""threshold"": 2.0}",1.5253702899209933,4.7050839192474765,3.179713629326483,0.02899762988090515,0.0018106026109308004,0.04255117637540472,2.656111240386963,0.9965232611306596
p232_396.wav,noisy_input,{},15.644842931252388,15.644842931252388,0.0,0.010639400221407413,0.00018272789020556957,0.013517688049573031,2.1628494262695312,0.9499126811945773
p232_396.wav,spectral_subtraction,"{""alpha"": 2.0, ""beta"": 0.02, ""noise_frames"": 6}",15.644842931252388,18.639065373587037,2.9942224423346495,0.007016015704721212,9.170280100079253e-05,0.00957615794568952,2.42287015914917,0.9439738040589661
p232_396.wav,wavelet_denoise,"{""mode"": ""soft"", ""threshold_scale"": 1.0, ""wavelet"": ""db4""}",15.644842931252388,15.76032802595302,0.11548509470063273,0.010453564114868641,0.0001779329322744161,0.013339150358040654,2.3667924404144287,0.9518077180914937
p232_396.wav,frequency_masking,"{""mask_floor"": 0.05, ""noise_frames"": 6, ""threshold"": 2.0}",15.644842931252388,17.985554331591832,2.340711400339444,0.0076596178114414215,0.00010659423423931003,0.010324448374577211,2.392547607421875,0.949276435140306
p232_397.wav,noisy_input,{},11.482630377943494,11.482630377943494,0.0,0.014188598841428757,0.00037790846545249224,0.01943986793814434,2.490593910217285,0.9966634922994709
p232_397.wav,spectral_subtraction,"{""alpha"": 2.0, ""beta"": 0.02, ""noise_frames"": 6}",11.482630377943494,16.975175207422048,5.492544829478554,0.007232172414660454,0.00010669206676539034,0.010329185193682526,2.8292953968048096,0.9946548220724432
p232_397.wav,wavelet_denoise,"{""mode"": ""soft"", ""threshold_scale"": 1.0, ""wavelet"": ""db4""}",11.482630377943494,11.562762807474181,0.08013242953068733,0.014038502238690853,0.0003709995362441987,0.01926134824575369,2.7256407737731934,0.9960386681694833
p232_397.wav,frequency_masking,"{""mask_floor"": 0.05, ""noise_frames"": 6, ""threshold"": 2.0}",11.482630377943494,15.13591114187405,3.6532807639305567,0.007945958524942398,0.0001629515754757449,0.012765248743199049,2.776618480682373,0.9965027905225554
p232_398.wav,noisy_input,{},6.4690239975936255,6.4690239975936255,0.0,0.029052577912807465,0.001418135012499988,0.03765813341762956,1.7284756898880005,0.9591842873658581
p232_398.wav,spectral_subtraction,"{""alpha"": 2.0, ""beta"": 0.02, ""noise_frames"": 6}",6.4690239975936255,12.188518800734498,5.719494803140872,0.014216955751180649,0.00037998644984327257,0.01949324113233283,2.0653581619262695,0.9521153663585485
p232_398.wav,wavelet_denoise,"{""mode"": ""soft"", ""threshold_scale"": 1.0, ""wavelet"": ""db4""}",6.4690239975936255,6.604281678638495,0.13525768104486957,0.028589149937033653,0.0013746490003541112,0.03707625925513672,1.9803622961044312,0.9618346267728821
p232_398.wav,frequency_masking,"{""mask_floor"": 0.05, ""noise_frames"": 6, ""threshold"": 2.0}",6.4690239975936255,11.651410294983291,5.182386297389666,0.014599461108446121,0.000430010404670611,0.020736692230696078,2.0086731910705566,0.9577883490688439
p232_399.wav,noisy_input,{},1.0726112686912472,1.0726112686912472,0.0,0.06854076683521271,0.008416974917054176,0.09174407292601619,1.3589725494384766,0.881206311069406
p232_399.wav,spectral_subtraction,"{""alpha"": 2.0, ""beta"": 0.02, ""noise_frames"": 6}",1.0726112686912472,9.449269794528671,8.376658525837424,0.020976969972252846,0.0012231793953105807,0.034973981690830984,1.6093828678131104,0.8574280946453706
p232_399.wav,wavelet_denoise,"{""mode"": ""soft"", ""threshold_scale"": 1.0, ""wavelet"": ""db4""}",1.0726112686912472,1.1704512711492399,0.09784000245799263,0.06767566502094269,0.008229472674429417,0.09071644103705467,1.4775142669677734,0.878328820260089
p232_399.wav,frequency_masking,"{""mask_floor"": 0.05, ""noise_frames"": 6, ""threshold"": 2.0}",1.0726112686912472,5.720310412087407,4.64769914339616,0.031225761398673058,0.0028865966014564037,0.053727056512118766,1.5259134769439697,0.8726565649301474
p232_400.wav,noisy_input,{},16.337069388515115,16.337069388515115,0.0,0.006523383315652609,7.65913282521069e-05,0.008751647173652906,3.1386916637420654,0.9995962250571909
p232_400.wav,spectral_subtraction,"{""alpha"": 2.0, ""beta"": 0.02, ""noise_frames"": 6}",16.337069388515115,21.680944988427434,5.3438755999123195,0.0033222215715795755,2.2376494598574936e-05,0.0047303799634463755,3.670041561126709,0.9992730803411334
p232_400.wav,wavelet_denoise,"{""mode"": ""soft"", ""threshold_scale"": 1.0, ""wavelet"": ""db4""}",16.337069388515115,16.345866991512406,0.00879760299729071,0.006515856832265854,7.643633580300957e-05,0.008742787644853875,3.161318302154541,0.9991231627776013
p232_400.wav,frequency_masking,"{""mask_floor"": 0.05, ""noise_frames"": 6, ""threshold"": 2.0}",16.337069388515115,18.84668383583328,2.509614447318164,0.004304227419197559,4.297522536944598e-05,0.006555549204257869,3.451739549636841,0.9995883597216207
p232_402.wav,noisy_input,{},5.583900228676026,5.583900228676026,0.0,0.03987375274300575,0.002516519743949175,0.050164925435499004,1.8645243644714355,0.9538647664534416
p232_402.wav,spectral_subtraction,"{""alpha"": 2.0, ""beta"": 0.02, ""noise_frames"": 6}",5.583900228676026,13.225855921245715,7.641955692569689,0.014559491537511349,0.0004331165400799364,0.020811452137703808,2.2619004249572754,0.9498680449670108
p232_402.wav,wavelet_denoise,"{""mode"": ""soft"", ""threshold_scale"": 1.0, ""wavelet"": ""db4""}",5.583900228676026,5.946615855038554,0.36271562636252774,0.03795691207051277,0.002314881421625614,0.04811321462577214,1.9268885850906372,0.9455957735802304
p232_402.wav,frequency_masking,"{""mask_floor"": 0.05, ""noise_frames"": 6, ""threshold"": 2.0}",5.583900228676026,11.242882501730513,5.6589822730544865,0.01855228841304779,0.0006837574765086174,0.026148756691449355,2.110074043273926,0.9540888263822991
p232_403.wav,noisy_input,{},10.980242898374613,10.980242898374613,0.0,0.014978684484958649,0.00035442764055915177,0.01882624871181595,1.3717291355133057,0.9370897935173497
p232_403.wav,spectral_subtraction,"{""alpha"": 2.0, ""beta"": 0.02, ""noise_frames"": 6}",10.980242898374613,14.819249761711808,3.839006863337195,0.008258386515080929,0.00014642893802374601,0.012100782537660365,1.4470405578613281,0.933839824556888
p232_403.wav,wavelet_denoise,"{""mode"": ""soft"", ""threshold_scale"": 1.0, ""wavelet"": ""db4""}",10.980242898374613,11.843718787013042,0.8634758886384297,0.013540665619075298,0.00029052264289930463,0.017044724782151945,1.5614368915557861,0.9082776856143594
p232_403.wav,frequency_masking,"{""mask_floor"": 0.05, ""noise_frames"": 6, ""threshold"": 2.0}",10.980242898374613,13.939019354617145,2.958776456242532,0.009418616071343422,0.00017932875198312104,0.013391368562739248,1.3980345726013184,0.9394979641693255
p232_404.wav,noisy_input,{},15.582189763447039,15.582189763447039,0.0,0.007602959405630827,9.432617662241682e-05,0.009712166422710064,2.249882221221924,0.9816433342627979
p232_404.wav,spectral_subtraction,"{""alpha"": 2.0, ""beta"": 0.02, ""noise_frames"": 6}",15.582189763447039,17.726837496233358,2.1446477327863196,0.0053970348089933395,5.756618702434935e-05,0.007587238432021848,2.3573975563049316,0.9702690733802792
p232_404.wav,wavelet_denoise,"{""mode"": ""soft"", ""threshold_scale"": 1.0, ""wavelet"": ""db4""}",15.582189763447039,15.688364290721864,0.10617452727482579,0.007500068284571171,9.204808884533122e-05,0.009594169523483062,2.3019020557403564,0.9847699955083721
p232_404.wav,frequency_masking,"{""mask_floor"": 0.05, ""noise_frames"": 6, ""threshold"": 2.0}",15.582189763447039,17.58231989159023,2.0001301281431925,0.005721059162169695,5.951401180936955e-05,0.007714532507506177,2.527512550354004,0.9791350168443225
p232_405.wav,noisy_input,{},6.266234352515864,6.266234352515864,0.0,0.023686345666646957,0.0012622487265616655,0.03552813992544031,1.8808631896972656,0.9698034284189841
p232_405.wav,spectral_subtraction,"{""alpha"": 2.0, ""beta"": 0.02, ""noise_frames"": 6}",6.266234352515864,12.33115781808795,6.064923465572086,0.012563553638756275,0.00031235796632245183,0.017673651754022194,2.549356698989868,0.9557975592689005
p232_405.wav,wavelet_denoise,"{""mode"": ""soft"", ""threshold_scale"": 1.0, ""wavelet"": ""db4""}",6.266234352515864,6.309678284428582,0.04344393191271756,0.02353525161743164,0.001249684952199459,0.03535088332983292,1.9477407932281494,0.9692776915532515
p232_405.wav,frequency_masking,"{""mask_floor"": 0.05, ""noise_frames"": 6, ""threshold"": 2.0}",6.266234352515864,12.589681721645205,6.32344736912934,0.009083632379770279,0.00029430672293528914,0.017155370090303768,2.4753451347351074,0.9631462031928526
p232_407.wav,noisy_input,{},0.040614152480143745,0.040614152480143745,0.0,0.062172941863536835,0.006198089569807053,0.07872794656160577,1.222485899925232,0.7523359108777562
p232_407.wav,spectral_subtraction,"{""alpha"": 2.0, ""beta"": 0.02, ""noise_frames"": 6}",0.040614152480143745,4.553810643587414,4.51319649110727,0.03180792182683945,0.0021924928296357393,0.04682406250674689,1.253981590270996,0.7209439525485398
p232_407.wav,wavelet_denoise,"{""mode"": ""soft"", ""threshold_scale"": 1.0, ""wavelet"": ""db4""}",0.040614152480143745,0.9793678752785331,0.9387537227983893,0.05611930415034294,0.004993240348994732,0.07066286400220934,1.352982521057129,0.722987956329797
p232_407.wav,frequency_masking,"{""mask_floor"": 0.05, ""noise_frames"": 6, ""threshold"": 2.0}",0.040614152480143745,4.290420768258308,4.249806615778164,0.03557303175330162,0.0023295776918530464,0.048265698916031934,1.376955509185791,0.7434535568859343
p232_409.wav,noisy_input,{},1.3106190556780706,1.3106190556780706,0.0,0.05028213560581207,0.004085985478013754,0.06392171366612251,1.2722111940383911,0.8780059208049643
p232_409.wav,spectral_subtraction,"{""alpha"": 2.0, ""beta"": 0.02, ""noise_frames"": 6}",1.3106190556780706,6.9102100873869645,5.5995910317088935,0.023029524832963943,0.0011254798155277967,0.0335481715675802,1.3995064496994019,0.8422270318514208
p232_409.wav,wavelet_denoise,"{""mode"": ""soft"", ""threshold_scale"": 1.0, ""wavelet"": ""db4""}",1.3106190556780706,1.4924014209689527,0.1817823652908821,0.049123018980026245,0.003918488509953022,0.0625978315115869,1.3948047161102295,0.8833821421169249
p232_409.wav,frequency_masking,"{""mask_floor"": 0.05, ""noise_frames"": 6, ""threshold"": 2.0}",1.3106190556780706,4.404332554208926,3.0937134985308554,0.03162040188908577,0.002004127949476242,0.044767487638645104,1.3771438598632812,0.8717500812139393
p232_410.wav,noisy_input,{},6.540830159425909,6.540830159425909,0.0,0.03492848947644234,0.0019156612688675523,0.043768267830330596,2.066030979156494,0.9489363569620122
p232_410.wav,spectral_subtraction,"{""alpha"": 2.0, ""beta"": 0.02, ""noise_frames"": 6}",6.540830159425909,11.187768994302427,4.646938834876519,0.017754213884472847,0.0006570899859070778,0.025633766518150972,2.472175121307373,0.952579018824644
p232_410.wav,wavelet_denoise,"{""mode"": ""soft"", ""threshold_scale"": 1.0, ""wavelet"": ""db4""}",6.540830159425909,6.619288191158307,0.0784580317323984,0.034628499299287796,0.0018813643837347627,0.043374697505974176,2.199697732925415,0.9430262645573618
p232_410.wav,frequency_masking,"{""mask_floor"": 0.05, ""noise_frames"": 6, ""threshold"": 2.0}",6.540830159425909,8.069288187278262,1.5284580278523539,0.026499414816498756,0.001347326673567295,0.03670594874904196,2.3074522018432617,0.9513853974930521
p232_411.wav,noisy_input,{},14.635357015111868,14.635357015111868,0.0,0.010252407751977444,0.0001646117598284036,0.012830111450350056,2.829204797744751,0.9720585425766941
p232_411.wav,spectral_subtraction,"{""alpha"": 2.0, ""beta"": 0.02, ""noise_frames"": 6}",14.635357015111868,22.223196728463797,7.587839713351929,0.0040307724848389626,2.8686456062132493e-05,0.005355973866826881,2.8284060955047607,0.9730902135421331
p232_411.wav,wavelet_denoise,"{""mode"": ""soft"", ""threshold_scale"": 1.0, ""wavelet"": ""db4""}",14.635357015111868,14.683562185379955,0.048205170268087016,0.010201485827565193,0.00016279473493341357,0.012759104001982803,3.2424731254577637,0.9734439671933217
p232_411.wav,frequency_masking,"{""mask_floor"": 0.05, ""noise_frames"": 6, ""threshold"": 2.0}",14.635357015111868,22.86023664138103,8.22487962626916,0.0037374466191977262,2.4772674805717543e-05,0.004977215567535481,2.7166805267333984,0.972400289927997
p232_412.wav,noisy_input,{},11.582420885111963,11.582420885111963,0.0,0.016761451959609985,0.0005332542932592332,0.02309229943637561,1.7895238399505615,0.938897324405877
p232_412.wav,spectral_subtraction,"{""alpha"": 2.0, ""beta"": 0.02, ""noise_frames"": 6}",11.582420885111963,13.752626995200036,2.1702061100880723,0.012918327003717422,0.00032352941343560815,0.017986923401060232,2.0178544521331787,0.931048300759208
p232_412.wav,wavelet_denoise,"{""mode"": ""soft"", ""threshold_scale"": 1.0, ""wavelet"": ""db4""}",11.582420885111963,11.749830282229395,0.16740939711743152,0.01642594300210476,0.000513089878950268,0.02265148734521131,1.898766279220581,0.9404670339868186
p232_412.wav,frequency_masking,"{""mask_floor"": 0.05, ""noise_frames"": 6, ""threshold"": 2.0}",11.582420885111963,14.94268619199901,3.3602653068870474,0.010222558863461018,0.0002459845563862473,0.01568389480920627,1.9885571002960205,0.9367701350249221
p232_413.wav,noisy_input,{},10.966521835789674,10.966521835789674,0.0,0.015010958537459373,0.0003560124314390123,0.01886829169371229,3.16794490814209,0.9994799405262559
p232_413.wav,spectral_subtraction,"{""alpha"": 2.0, ""beta"": 0.02, ""noise_frames"": 6}",10.966521835789674,15.828207591859357,4.861685756069683,0.007406274322420359,0.00011622421152424067,0.010780733348165173,3.4407732486724854,0.9973642891900103
p232_413.wav,wavelet_denoise,"{""mode"": ""soft"", ""threshold_scale"": 1.0, ""wavelet"": ""db4""}",10.966521835789674,11.010999069110209,0.04447723332053499,0.014941304922103882,0.00035238501732237637,0.018771920981145652,3.323038339614868,0.9962290880679713
p232_413.wav,frequency_masking,"{""mask_floor"": 0.05, ""noise_frames"": 6, ""threshold"": 2.0}",10.966521835789674,12.681182741981873,1.714660906192199,0.010969933122396469,0.00023988277825992554,0.015488149607358703,3.3935205936431885,0.9990108048784022
p232_414.wav,noisy_input,{},0.4356815263833256,0.4356815263833256,0.0,0.06378421187400818,0.006800730247050524,0.0824665401666065,1.4218982458114624,0.8577260469955232
p232_414.wav,spectral_subtraction,"{""alpha"": 2.0, ""beta"": 0.02, ""noise_frames"": 6}",0.4356815263833256,10.281268093070313,9.845586566686988,0.017667148262262344,0.0007046880200505257,0.026545960522281458,1.4539074897766113,0.815679664344665
p232_414.wav,wavelet_denoise,"{""mode"": ""soft"", ""threshold_scale"": 1.0, ""wavelet"": ""db4""}",0.4356815263833256,0.6215883991687055,0.18590687278537987,0.06227516010403633,0.006515756715089083,0.0807202373329581,1.415428876876831,0.8303656696472481
p232_414.wav,frequency_masking,"{""mask_floor"": 0.05, ""noise_frames"": 6, ""threshold"": 2.0}",0.4356815263833256,8.447548757124865,8.01186723074154,0.020899314433336258,0.0010749018983915448,0.03278569655187373,1.4247474670410156,0.8367083653984813
p232_415.wav,noisy_input,{},0.9265881926371364,0.9265881926371364,0.0,0.046794526278972626,0.0035270671360194683,0.05938911630946758,1.1267296075820923,0.8236342074544002
p232_415.wav,spectral_subtraction,"{""alpha"": 2.0, ""beta"": 0.02, ""noise_frames"": 6}",0.9265881926371364,5.847288383210562,4.920700190573426,0.022974412888288498,0.0011359094642102718,0.03370325598826131,1.1779327392578125,0.8053064439250344
p232_415.wav,wavelet_denoise,"{""mode"": ""soft"", ""threshold_scale"": 1.0, ""wavelet"": ""db4""}",0.9265881926371364,1.3948050851221439,0.4682168924850074,0.044249214231967926,0.003166591515764594,0.05627247564986451,1.1518943309783936,0.8346281019838189
p232_415.wav,frequency_masking,"{""mask_floor"": 0.05, ""noise_frames"": 6, ""threshold"": 2.0}",0.9265881926371364,5.787253088525582,4.860664895888446,0.025022724643349648,0.0011517208768054843,0.03393701337486085,1.1556856632232666,0.8194717055083081
p257_001.wav,noisy_input,{},16.180956925047383,16.180956925047383,0.0,0.008272065781056881,0.00010903665679506958,0.01044206190343026,2.7591989040374756,0.9767230032992521
p257_001.wav,spectral_subtraction,"{""alpha"": 2.0, ""beta"": 0.02, ""noise_frames"": 6}",16.180956925047383,13.331159067500701,-2.8497978575466814,0.01144763920456171,0.0002101610880345106,0.014496933745951611,2.554455041885376,0.9573709195570219
p257_001.wav,wavelet_denoise,"{""mode"": ""soft"", ""threshold_scale"": 1.0, ""wavelet"": ""db4""}",16.180956925047383,16.185308128884504,0.004351203837121176,0.00827609933912754,0.00010892746649915352,0.010436832206141552,3.0212490558624268,0.9775265137347433
p257_001.wav,frequency_masking,"{""mask_floor"": 0.05, ""noise_frames"": 6, ""threshold"": 2.0}",16.180956925047383,15.20315342451645,-0.977803500530932,0.009434669278562069,0.00013656922965310514,0.01168628382562674,2.520862579345703,0.959865281876984
p257_002.wav,noisy_input,{},11.403460713702353,11.403460713702353,0.0,0.01137847825884819,0.00020559037511702627,0.014338423034526017,2.444037914276123,0.9882633099930063
p257_002.wav,spectral_subtraction,"{""alpha"": 2.0, ""beta"": 0.02, ""noise_frames"": 6}",11.403460713702353,16.217099328000778,4.813638614298425,0.006323717068880796,6.786391895730048e-05,0.00823795599389196,2.815138578414917,0.992789525413179
p257_002.wav,wavelet_denoise,"{""mode"": ""soft"", ""threshold_scale"": 1.0, ""wavelet"": ""db4""}",11.403460713702353,11.429989125876244,0.02652841217389046,0.011335077695548534,0.0002043383865384385,0.014294697847049391,2.4366872310638428,0.9861691477464262
p257_002.wav,frequency_masking,"{""mask_floor"": 0.05, ""noise_frames"": 6, ""threshold"": 2.0}",11.403460713702353,16.565392862580662,5.161932148878309,0.006219551898539066,6.263391696847975e-05,0.00791415927110895,2.9451746940612793,0.9913840371294188
p257_003.wav,noisy_input,{},7.000240790407911,7.000240790407911,0.0,0.022268718108534813,0.0008813248132355511,0.029687115273053243,1.770754098892212,0.9499304559271917
p257_003.wav,spectral_subtraction,"{""alpha"": 2.0, ""beta"": 0.02, ""noise_frames"": 6}",7.000240790407911,10.58985177980167,3.5896109893937584,0.013463390991091728,0.00038563364068977535,0.01963755689208246,1.9093892574310303,0.936996309238506
p257_003.wav,wavelet_denoise,"{""mode"": ""soft"", ""threshold_scale"": 1.0, ""wavelet"": ""db4""}",7.000240790407911,7.165081387775673,0.16484059736776135,0.021839207038283348,0.0008485002326779068,0.029129027321177527,1.9046366214752197,0.941775176767507
p257_003.wav,frequency_masking,"{""mask_floor"": 0.05, ""noise_frames"": 6, ""threshold"": 2.0}",7.000240790407911,9.481521638853081,2.48128084844517,0.015676388517022133,0.0004977461649104953,0.022310225568346352,2.030998945236206,0.9434004467649314
p257_004.wav,noisy_input,{},1.4140551544235476,1.4140551544235476,0.0,0.03720584884285927,0.0018220578785985708,0.04268556991066853,1.6489813327789307,0.9677965829760377
p257_004.wav,spectral_subtraction,"{""alpha"": 2.0, ""beta"": 0.02, ""noise_frames"": 6}",1.4140551544235476,16.639220196218186,15.22516504179464,0.005589511711150408,5.470735050039366e-05,0.007396441745893336,2.063265085220337,0.9626498061291775
p257_004.wav,wavelet_denoise,"{""mode"": ""soft"", ""threshold_scale"": 1.0, ""wavelet"": ""db4""}",1.4140551544235476,1.4852440712376795,0.07118891681413198,0.03690631687641144,0.0017924344865605235,0.04233715255612408,1.7890183925628662,0.9654037737334711
p257_004.wav,frequency_masking,"{""mask_floor"": 0.05, ""noise_frames"": 6, ""threshold"": 2.0}",1.4140551544235476,15.271994241100082,13.857939086676534,0.00650899950414896,7.494942110497504e-05,0.00865733337148195,1.9382927417755127,0.9678162361149738
p257_006.wav,noisy_input,{},16.888980442034367,16.888980442034367,0.0,0.004373157396912575,3.569250475266017e-05,0.005974320442749968,2.1762070655822754,0.9683598750810269
p257_006.wav,spectral_subtraction,"{""alpha"": 2.0, ""beta"": 0.02, ""noise_frames"": 6}",16.888980442034367,17.598170006654296,0.7091895646199298,0.00409580348059535,3.031503365491517e-05,0.00550590897626497,2.523798704147339,0.9644533871388213
p257_006.wav,wavelet_denoise,"{""mode"": ""soft"", ""threshold_scale"": 1.0, ""wavelet"": ""db4""}",16.888980442034367,16.88750457394319,-0.0014758680911768352,0.004389660432934761,3.5704633774003014e-05,0.005975335452843046,2.29952335357666,0.9651366010759252
p257_006.wav,frequency_masking,"{""mask_floor"": 0.05, ""noise_frames"": 6, ""threshold"": 2.0}",16.888980442034367,18.12175567261778,1.2327752305834139,0.0036565489135682583,2.6871968657360412e-05,0.005183817961441201,2.65412974357605,0.970471194296902
p257_007.wav,noisy_input,{},11.61132419224364,11.61132419224364,0.0,0.01248927041888237,0.0002536587999202311,0.015926669454730046,1.3859422206878662,0.9180935028622778
p257_007.wav,spectral_subtraction,"{""alpha"": 2.0, ""beta"": 0.02, ""noise_frames"": 6}",11.61132419224364,12.146214134313933,0.5348899420702935,0.01090227346867323,0.00022426470241043717,0.01497547002302222,1.7113624811172485,0.9120406973094362
p257_007.wav,wavelet_denoise,"{""mode"": ""soft"", ""threshold_scale"": 1.0, ""wavelet"": ""db4""}",11.61132419224364,12.032050536173752,0.420726343930113,0.011881559155881405,0.00023023814719635993,0.015173600337308213,1.5009316205978394,0.9205164239551942
p257_007.wav,frequency_masking,"{""mask_floor"": 0.05, ""noise_frames"": 6, ""threshold"": 2.0}",11.61132419224364,13.774651212061757,2.1633270198181176,0.009445423260331154,0.0001541406672913581,0.012415339999023712,1.588144063949585,0.920628501819386
p257_008.wav,noisy_input,{},7.049207162957469,7.049207162957469,0.0,0.02584071457386017,0.0010853117564693093,0.032944070126038,1.2483409643173218,0.9044918942597261
p257_008.wav,spectral_subtraction,"{""alpha"": 2.0, ""beta"": 0.02, ""noise_frames"": 6}",7.049207162957469,7.646142450014236,0.596935287056767,0.021564872935414314,0.0009459343273192644,0.030756045378417304,1.4219828844070435,0.8781628935802841
p257_008.wav,wavelet_denoise,"{""mode"": ""soft"", ""threshold_scale"": 1.0, ""wavelet"": ""db4""}",7.049207162957469,7.47388283362037,0.4246756706629009,0.024565797299146652,0.0009842081926763058,0.03137209257726213,1.312859296798706,0.9035473603545319
p257_008.wav,frequency_masking,"{""mask_floor"": 0.05, ""noise_frames"": 6, ""threshold"": 2.0}",7.049207162957469,9.943448579522645,2.894241416565176,0.017643842846155167,0.0005573530215770006,0.02360832525989509,1.4209951162338257,0.906408739447215
p257_009.wav,noisy_input,{},1.638198614288893,1.638198614288893,0.0,0.04647569730877876,0.0036782154347747564,0.060648292925479415,1.0848798751831055,0.7985243352903671
p257_009.wav,spectral_subtraction,"{""alpha"": 2.0, ""beta"": 0.02, ""noise_frames"": 6}",1.638198614288893,7.0920980144081955,5.453899400119303,0.022947082296013832,0.0010477247415110469,0.032368576451723155,1.2099120616912842,0.747288921054621
p257_009.wav,wavelet_denoise,"{""mode"": ""soft"", ""threshold_scale"": 1.0, ""wavelet"": ""db4""}",1.638198614288893,2.0112262995206245,0.3730276852317316,0.04433764889836311,0.003375471103936434,0.05809880466874025,1.1066136360168457,0.7975794785236068
p257_009.wav,frequency_masking,"{""mask_floor"": 0.05, ""noise_frames"": 6, ""threshold"": 2.0}",1.638198614288893,7.48853190084643,5.850333286557538,0.02240382321178913,0.0009563213097862899,0.030924445181543515,1.1861944198608398,0.789965361419253
p257_010.wav,noisy_input,{},16.1220755184724,16.1220755184724,0.0,0.009099599905312061,0.00012712442548945546,0.011274946806502258,2.485093832015991,0.9731632439521963
p257_010.wav,spectral_subtraction,"{""alpha"": 2.0, ""beta"": 0.02, ""noise_frames"": 6}",16.1220755184724,20.592311797900283,4.470236279427883,0.005251443944871426,4.54156324849464e-05,0.006739112143668956,2.8825697898864746,0.9704574260109415
p257_010.wav,wavelet_denoise,"{""mode"": ""soft"", ""threshold_scale"": 1.0, ""wavelet"": ""db4""}",16.1220755184724,16.304381907258108,0.18230638878570815,0.008903317153453827,0.00012189849803689867,0.011040765283117773,2.5874364376068115,0.9584130006889297
p257_010.wav,frequency_masking,"{""mask_floor"": 0.05, ""noise_frames"": 6, ""threshold"": 2.0}",16.1220755184724,21.72851896909438,5.606443450621981,0.004665188025683165,3.496106364764273e-05,0.00591278814499917,2.599691152572632,0.9733798949697003
p257_011.wav,noisy_input,{},11.913319697240421,11.913319697240421,0.0,0.008668516762554646,0.00017065583961084485,0.01306353090136219,2.6382062435150146,0.9861012769629375
p257_011.wav,spectral_subtraction,"{""alpha"": 2.0, ""beta"": 0.02, ""noise_frames"": 6}",11.913319697240421,15.076443939639034,3.163124242398613,0.005712498910725117,8.237752626882866e-05,0.009076206601264025,3.222548007965088,0.987282323180298
p257_011.wav,wavelet_denoise,"{""mode"": ""soft"", ""threshold_scale"": 1.0, ""wavelet"": ""db4""}",11.913319697240421,11.878152861571227,-0.03516683566919454,0.008675076067447662,0.00017204333562403917,0.013116529099729058,2.531041145324707,0.9701487086111487
p257_011.wav,frequency_masking,"{""mask_floor"": 0.05, ""noise_frames"": 6, ""threshold"": 2.0}",11.913319697240421,13.477271253735871,1.56395155649545,0.006271106190979481,0.00011904906568815932,0.010910960804996017,2.9701006412506104,0.9871832646965463
p257_012.wav,noisy_input,{},6.639000221043615,6.639000221043615,0.0,0.020343944430351257,0.0006463568424805999,0.025423548974928736,1.5911822319030762,0.9614432814312474
p257_012.wav,spectral_subtraction,"{""alpha"": 2.0, ""beta"": 0.02, ""noise_frames"": 6}",6.639000221043615,17.137788622589664,10.498788401546049,0.005704247858375311,5.762268483522348e-05,0.007590960732030135,2.162153482437134,0.965105141675619
p257_012.wav,wavelet_denoise,"{""mode"": ""soft"", ""threshold_scale"": 1.0, ""wavelet"": ""db4""}",6.639000221043615,6.933822985191026,0.29482276414741104,0.019573912024497986,0.0006039348081685603,0.024575085110097997,1.5352407693862915,0.9216651479935514
p257_012.wav,frequency_masking,"{""mask_floor"": 0.05, ""noise_frames"": 6, ""threshold"": 2.0}",6.639000221043615,14.060352265733908,7.421352044690293,0.007361499592661858,0.00011704076314345002,0.010818537939271185,2.1049249172210693,0.9650546055265108
p257_013.wav,noisy_input,{},1.7134913416467057,1.7134913416467057,0.0,0.04545173421502113,0.003237176453694701,0.05689619015096443,1.1136550903320312,0.8799745566099616
p257_013.wav,spectral_subtraction,"{""alpha"": 2.0, ""beta"": 0.02, ""noise_frames"": 6}",1.7134913416467057,5.718700126511682,4.005208784864976,0.023622112348675728,0.001287198392674327,0.03587754719423176,1.189892053604126,0.828605337156004
p257_013.wav,wavelet_denoise,"{""mode"": ""soft"", ""threshold_scale"": 1.0, ""wavelet"": ""db4""}",1.7134913416467057,2.409662518585221,0.6961711769385153,0.041893500834703445,0.0027577143628150225,0.05251394446063848,1.1250404119491577,0.8477893335572533
p257_013.wav,frequency_masking,"{""mask_floor"": 0.05, ""noise_frames"": 6, ""threshold"": 2.0}",1.7134913416467057,7.827042924554426,6.1135515829077205,0.02085806056857109,0.0007921569049358368,0.028145282107945493,1.140570878982544,0.8626736306170677
p257_014.wav,noisy_input,{},16.502662836110222,16.502662836110222,0.0,0.006958916783332825,7.74759755586274e-05,0.008802043828488211,3.321262836456299,0.9943743819933021
p257_014.wav,spectral_subtraction,"{""alpha"": 2.0, ""beta"": 0.02, ""noise_frames"": 6}",16.502662836110222,20.15634943409522,3.653686597984997,0.004568939562886953,3.340399416629225e-05,0.005779618859950217,3.707698106765747,0.9951858956981212
p257_014.wav,wavelet_denoise,"{""mode"": ""soft"", ""threshold_scale"": 1.0, ""wavelet"": ""db4""}",16.502662836110222,16.41305657889707,-0.08960625721315196,0.007016470655798912,7.909110718173906e-05,0.008893318119899853,3.735482931137085,0.9912526300228117
p257_014.wav,frequency_masking,"{""mask_floor"": 0.05, ""noise_frames"": 6, ""threshold"": 2.0}",16.502662836110222,17.736023858403858,1.2333610222936358,0.005810606759041548,5.832180249853991e-05,0.007636871250619582,3.505882978439331,0.9953382785216947
p257_015.wav,noisy_input,{},11.887535901048095,11.887535901048095,0.0,0.010762123391032219,0.00018321520474273711,0.013535701117516489,3.380579710006714,0.996053032853121
p257_015.wav,spectral_subtraction,"{""alpha"": 2.0, ""beta"": 0.02, ""noise_frames"": 6}",11.887535901048095,18.12221659016568,6.234680689117587,0.005094100721180439,4.360069942777045e-05,0.006603082570116056,3.42698073387146,0.992930900631141
p257_015.wav,wavelet_denoise,"{""mode"": ""soft"", ""threshold_scale"": 1.0, ""wavelet"": ""db4""}",11.887535901048095,11.865849464189642,-0.021686436858452396,0.010792993009090424,0.00018413238285575062,0.01356953878566809,3.3414885997772217,0.9880238692554799
p257_015.wav,frequency_masking,"{""mask_floor"": 0.05, ""noise_frames"": 6, ""threshold"": 2.0}",11.887535901048095,14.354974642518783,2.467438741470689,0.0074403053149580956,0.00010380485036876053,0.010188466536665884,3.664215326309204,0.9949629666949134
p257_016.wav,noisy_input,{},6.988723411019739,6.988723411019739,0.0,0.015016930177807808,0.0003487237263470888,0.018674145933538402,2.2981796264648438,0.9886017557285691
p257_016.wav,spectral_subtraction,"{""alpha"": 2.0, ""beta"": 0.02, ""noise_frames"": 6}",6.988723411019739,16.193256281465928,9.204532870446188,0.004621780011802912,4.188207822153345e-05,0.0064716364407724145,2.922834873199463,0.9889558927404865
p257_016.wav,wavelet_denoise,"{""mode"": ""soft"", ""threshold_scale"": 1.0, ""wavelet"": ""db4""}",6.988723411019739,7.043455496653674,0.05473208563393506,0.014899564906954765,0.0003443565219640732,0.018556845690043153,2.5275802612304688,0.9791326074245629
p257_016.wav,frequency_masking,"{""mask_floor"": 0.05, ""noise_frames"": 6, ""threshold"": 2.0}",6.988723411019739,10.811849991038102,3.8231265800183625,0.008161514066159725,0.00014460018428508192,0.01202498167504142,2.736351490020752,0.989719938261614
p257_017.wav,noisy_input,{},1.6173699908497516,1.6173699908497516,0.0,0.026867875829339027,0.0010546641424298286,0.03247559302660736,1.5344566106796265,0.9697342644569937
p257_017.wav,spectral_subtraction,"{""alpha"": 2.0, ""beta"": 0.02, ""noise_frames"": 6}",1.6173699908497516,14.739477287451653,13.1221072966019,0.005180527921766043,5.139293716638349e-05,0.007168886745261323,1.727201223373413,0.958375880383741
p257_017.wav,wavelet_denoise,"{""mode"": ""soft"", ""threshold_scale"": 1.0, ""wavelet"": ""db4""}",1.6173699908497516,1.6965775153300433,0.07920752448029167,0.02662116102874279,0.0010356033453717828,0.03218079155912394,1.6607030630111694,0.9533941507902319
p257_017.wav,frequency_masking,"{""mask_floor"": 0.05, ""noise_frames"": 6, ""threshold"": 2.0}",1.6173699908497516,7.810094272484483,6.192724281634732,0.010390318930149078,0.00025342049775645137,0.015919186466539406,1.7441623210906982,0.9650834357098637
p257_018.wav,noisy_input,{},16.84250319166727,16.84250319166727,0.0,0.005061984993517399,4.176777656539343e-05,0.006462799437193872,2.7855005264282227,0.988388477032935
p257_018.wav,spectral_subtraction,"{""alpha"": 2.0, ""beta"": 0.02, ""noise_frames"": 6}",16.84250319166727,20.369584572900692,3.5270813812334225,0.003365685697644949,1.85410026460886e-05,0.0043059264561867054,3.153836250305176,0.9837228581916321
p257_018.wav,wavelet_denoise,"{""mode"": ""soft"", ""threshold_scale"": 1.0, ""wavelet"": ""db4""}",16.84250319166727,16.86073282511918,0.01822963345190942,0.00505183357745409,4.1592822526581585e-05,0.006449249764630114,2.9301466941833496,0.9860977838485874
p257_018.wav,frequency_masking,"{""mask_floor"": 0.05, ""noise_frames"": 6, ""threshold"": 2.0}",16.84250319166727,21.526198418262034,4.6836952265947644,0.002998179756104946,1.4206000741978642e-05,0.0037690848679724155,3.2208433151245117,0.9878619459041325
p257_019.wav,noisy_input,{},12.06708022653624,12.06708022653624,0.0,0.007599009666591883,9.363459685118869e-05,0.009676497137455718,1.9786670207977295,0.9829195082307298
p257_019.wav,spectral_subtraction,"{""alpha"": 2.0, ""beta"": 0.02, ""noise_frames"": 6}",12.06708022653624,18.60079837967034,6.533718153134101,0.003547834465280175,2.0800058337044902e-05,0.0045607080960137,2.7952818870544434,0.9829304332292669
p257_019.wav,wavelet_denoise,"{""mode"": ""soft"", ""threshold_scale"": 1.0, ""wavelet"": ""db4""}",12.06708022653624,12.127999941768536,0.06091971523229667,0.007549336180090904,9.233033051714301e-05,0.009608867285853365,2.1058661937713623,0.9809847968846839
p257_019.wav,frequency_masking,"{""mask_floor"": 0.05, ""noise_frames"": 6, ""threshold"": 2.0}",12.06708022653624,17.25078452516136,5.183704298625122,0.003983326256275177,2.838349792000372e-05,0.005327616532747427,2.6087214946746826,0.9847859698657109
p257_020.wav,noisy_input,{},6.379744404847191,6.379744404847191,0.0,0.021633684635162354,0.0007555307820439339,0.027486920199322692,1.3307453393936157,0.9445847378970086
p257_020.wav,spectral_subtraction,"{""alpha"": 2.0, ""beta"": 0.02, ""noise_frames"": 6}",6.379744404847191,17.08142810735511,10.701683702507918,0.005995250307023525,6.428117194445804e-05,0.008017553987623535,2.18752121925354,0.9476609417398616
p257_020.wav,wavelet_denoise,"{""mode"": ""soft"", ""threshold_scale"": 1.0, ""wavelet"": ""db4""}",6.379744404847191,6.497659632532098,0.11791522768490736,0.021328918635845184,0.0007352933171205223,0.02711629246634802,1.3928751945495605,0.9405464156094637
p257_020.wav,frequency_masking,"{""mask_floor"": 0.05, ""noise_frames"": 6, ""threshold"": 2.0}",6.379744404847191,16.322647255510873,9.942902850663682,0.006061473395675421,7.655294029973447e-05,0.00874945371436037,1.7780072689056396,0.949933777989712
p257_022.wav,noisy_input,{},1.8946728659945218,1.8946728659945218,0.0,0.03124171681702137,0.0018112158868461847,0.04255838209855004,1.366195797920227,0.9399371422004312
p257_022.wav,spectral_subtraction,"{""alpha"": 2.0, ""beta"": 0.02, ""noise_frames"": 6}",1.8946728659945218,9.482804105747588,7.588131239753066,0.012458833865821362,0.00031561459763906896,0.017765545239003193,1.7078678607940674,0.9121919740213114
p257_022.wav,wavelet_denoise,"{""mode"": ""soft"", ""threshold_scale"": 1.0, ""wavelet"": ""db4""}",1.8946728659945218,1.9425072613865786,0.047834395392056805,0.031050916761159897,0.001791376038454473,0.04232465048236634,1.4389894008636475,0.9364675862334031
p257_022.wav,frequency_masking,"{""mask_floor"": 0.05, ""noise_frames"": 6, ""threshold"": 2.0}",1.8946728659945218,10.99466599872595,9.099993132731427,0.008835450746119022,0.00022282857389654964,0.014927443649083041,1.6732873916625977,0.9256364562584255
p257_023.wav,noisy_input,{},17.07685778545913,17.07685778545913,0.0,0.006441486533731222,7.22527620382607e-05,0.008500162471286104,3.1160104274749756,0.9951176673835852
p257_023.wav,spectral_subtraction,"{""alpha"": 2.0, ""beta"": 0.02, ""noise_frames"": 6}",17.07685778545913,20.321710039293734,3.2448522538346047,0.004601967055350542,3.422702866373584e-05,0.005850387052472326,3.2891149520874023,0.993273205924523
p257_023.wav,wavelet_denoise,"{""mode"": ""soft"", ""threshold_scale"": 1.0, ""wavelet"": ""db4""}",17.07685778545913,17.0033767683996,-0.07348101705952814,0.006504666991531849,7.348565122811124e-05,0.008572377221524449,3.312572717666626,0.9911193027967856
p257_023.wav,frequency_masking,"{""mask_floor"": 0.05, ""noise_frames"": 6, ""threshold"": 2.0}",17.07685778545913,19.642118782347676,2.565260996888547,0.004533285740762949,4.0024722693488e-05,0.006326509518959724,3.308291435241699,0.9947775855428509
p257_024.wav,noisy_input,{},11.890377788990955,11.890377788990955,0.0,0.012434913776814938,0.0002457140653859824,0.015675269228500748,3.4527688026428223,0.995354057838288
p257_024.wav,spectral_subtraction,"{""alpha"": 2.0, ""beta"": 0.02, ""noise_frames"": 6}",11.890377788990955,18.812695114156753,6.922317325165798,0.00537848612293601,4.991123205400072e-05,0.007064788181821216,2.7001469135284424,0.9809057894674179
p257_024.wav,wavelet_denoise,"{""mode"": ""soft"", ""threshold_scale"": 1.0, ""wavelet"": ""db4""}",11.890377788990955,11.91030766055776,0.019929871566803925,0.01240443903952837,0.00024458905681967735,0.01563934323492126,3.6402480602264404,0.9947559255493664
p257_024.wav,frequency_masking,"{""mask_floor"": 0.05, ""noise_frames"": 6, ""threshold"": 2.0}",11.890377788990955,20.934614719666392,9.044236930675437,0.004315502010285854,3.0620081815868616e-05,0.005533541525629731,3.2659173011779785,0.9905657666086101
p257_025.wav,noisy_input,{},6.100540324224212,6.100540324224212,0.0,0.025240549817681313,0.0009956295834854245,0.03155359858218115,2.650176525115967,0.9805262814992428
p257_025.wav,spectral_subtraction,"{""alpha"": 2.0, ""beta"": 0.02, ""noise_frames"": 6}",6.100540324224212,14.1920924812297,8.091552157005488,0.008612745441496372,0.00015450501814484596,0.012430004752406411,2.7415993213653564,0.9673646765230075
p257_025.wav,wavelet_denoise,"{""mode"": ""soft"", ""threshold_scale"": 1.0, ""wavelet"": ""db4""}",6.100540324224212,6.122472070703421,0.02193174647920859,0.025182882323861122,0.0009906144114211202,0.03147402756911038,2.881272315979004,0.9808920230201982
p257_025.wav,frequency_masking,"{""mask_floor"": 0.05, ""noise_frames"": 6, ""threshold"": 2.0}",6.100540324224212,9.183949242243274,3.083408918019062,0.014906603842973709,0.0004895047750324011,0.02212475480163342,3.173581600189209,0.9756613366179641
p257_026.wav,noisy_input,{},0.5624544901240208,0.5624544901240208,0.0,0.03499235957860947,0.002047692658379674,0.04525143819128486,1.4670121669769287,0.9232602941016069
p257_026.wav,spectral_subtraction,"{""alpha"": 2.0, ""beta"": 0.02, ""noise_frames"": 6}",0.5624544901240208,10.501329293564961,9.93887480344094,0.008948089554905891,0.0002076716918963939,0.014410818571350965,2.091585159301758,0.9133296055148519
p257_026.wav,wavelet_denoise,"{""mode"": ""soft"", ""threshold_scale"": 1.0, ""wavelet"": ""db4""}",0.5624544901240208,0.5922227253863752,0.029768235262354392,0.034857526421546936,0.002033705124631524,0.045096619880336086,1.639356255531311,0.9275181173349407
p257_026.wav,frequency_masking,"{""mask_floor"": 0.05, ""noise_frames"": 6, ""threshold"": 2.0}",0.5624544901240208,5.268857727941139,4.706403237817118,0.014298593625426292,0.0006928264629095793,0.02632159689132822,2.080364227294922,0.9215615014490526
p257_027.wav,noisy_input,{},16.676034345166542,16.676034345166542,0.0,0.007661305367946625,0.00010474394366610795,0.01023444886968067,1.368971824645996,0.9770505374159023
p257_027.wav,spectral_subtraction,"{""alpha"": 2.0, ""beta"": 0.02, ""noise_frames"": 6}",16.676034345166542,18.7637595732579,2.087725228091358,0.0062733241356909275,6.476739508798346e-05,0.008047819275305793,2.6376681327819824,0.9729869430396338
p257_027.wav,wavelet_denoise,"{""mode"": ""soft"", ""threshold_scale"": 1.0, ""wavelet"": ""db4""}",16.676034345166542,16.70911806247804,0.03308371731149862,0.007628240156918764,0.00010394905984867364,0.010195541174880009,1.4783618450164795,0.9765091848048282
p257_027.wav,frequency_masking,"{""mask_floor"": 0.05, ""noise_frames"": 6, ""threshold"": 2.0}",16.676034345166542,18.192112359468545,1.5160780143020034,0.006474506575614214,7.387901860056445e-05,0.008595290489597455,1.4681739807128906,0.9765564933608591
p257_028.wav,noisy_input,{},10.837364583442197,10.837364583442197,0.0,0.01569071039557457,0.00042373963515274227,0.020584937093728082,1.6131858825683594,0.9280481029650145
p257_028.wav,spectral_subtraction,"{""alpha"": 2.0, ""beta"": 0.02, ""noise_frames"": 6}",10.837364583442197,12.785732163043761,1.9483675796015643,0.011583572253584862,0.0002705592196434736,0.01644868443503837,1.7472076416015625,0.919551498430304
p257_028.wav,wavelet_denoise,"{""mode"": ""soft"", ""threshold_scale"": 1.0, ""wavelet"": ""db4""}",10.837364583442197,11.48668672357988,0.6493221401376825,0.014482129365205765,0.0003648941346909851,0.01910220235184899,1.7235031127929688,0.9322113939084644
p257_028.wav,frequency_masking,"{""mask_floor"": 0.05, ""noise_frames"": 6, ""threshold"": 2.0}",10.837364583442197,13.207596173539148,2.3702315900969513,0.011356995441019535,0.0002455138019286096,0.015668880047042595,1.9194526672363281,0.9260878546794986
p257_029.wav,noisy_input,{},5.750383690516939,5.750383690516939,0.0,0.01860615611076355,0.0005537238321267068,0.023531337236262346,1.1587963104248047,0.877905246475887
p257_029.wav,spectral_subtraction,"{""alpha"": 2.0, ""beta"": 0.02, ""noise_frames"": 6}",5.750383690516939,11.81563768404544,6.065253993528501,0.008434172719717026,0.00013701491116080433,0.011705336866609364,1.6933085918426514,0.8450883074647795
p257_029.wav,wavelet_denoise,"{""mode"": ""soft"", ""threshold_scale"": 1.0, ""wavelet"": ""db4""}",5.750383690516939,6.05296977357344,0.30258608305650103,0.017982076853513718,0.0005164575413800776,0.022725702219735206,1.2033604383468628,0.8838933611629735
p257_029.wav,frequency_masking,"{""mask_floor"": 0.05, ""noise_frames"": 6, ""threshold"": 2.0}",5.750383690516939,10.055913935799033,4.305530245282094,0.010649990290403366,0.00020546610176097602,0.014334088801210072,1.481200933456421,0.8627692193792017
p257_030.wav,noisy_input,{},1.4545072601765612,1.4545072601765612,0.0,0.029746398329734802,0.001514675677753985,0.03891883448606837,1.1688406467437744,0.919873477272649
p257_030.wav,spectral_subtraction,"{""alpha"": 2.0, ""beta"": 0.02, ""noise_frames"": 6}",1.4545072601765612,10.376344500431777,8.921837240255217,0.009394142776727676,0.00019414933922234923,0.013933748211531212,1.2313244342803955,0.9055204531480934
p257_030.wav,wavelet_denoise,"{""mode"": ""soft"", ""threshold_scale"": 1.0, ""wavelet"": ""db4""}",1.4545072601765612,1.5291972401336154,0.07468997995705418,0.029448172077536583,0.0014888490550220013,0.038585606837550204,1.212392807006836,0.920947387723172
p257_030.wav,frequency_masking,"{""mask_floor"": 0.05, ""noise_frames"": 6, ""threshold"": 2.0}",1.4545072601765612,5.731186696440856,4.2766794362642955,0.014971458353102207,0.0005657853907905519,0.023786243730159494,1.219162940979004,0.9142492430654794
p257_031.wav,noisy_input,{},15.095689477630883,15.095689477630883,0.0,0.00919672753661871,0.0001308360806433484,0.011438360050433296,2.252753257751465,0.855060409359243
p257_031.wav,spectral_subtraction,"{""alpha"": 2.0, ""beta"": 0.02, ""noise_frames"": 6}",15.095689477630883,14.941100090052604,-0.15458938757827845,0.009118436835706234,0.000135577138280496,0.011643759628251349,2.249006509780884,0.8660575036549941
p257_031.wav,wavelet_denoise,"{""mode"": ""soft"", ""threshold_scale"": 1.0, ""wavelet"": ""db4""}",15.095689477630883,15.405882737727289,0.3101932600964066,0.008860679343342781,0.00012181708007119596,0.011037077514958204,2.2805206775665283,0.850276291820127
p257_031.wav,frequency_masking,"{""mask_floor"": 0.05, ""noise_frames"": 6, ""threshold"": 2.0}",15.095689477630883,17.174553275468874,2.0788637978379914,0.0072068688459694386,8.106644236249849e-05,0.009003690485711872,2.2444660663604736,0.8638755177149835
p257_032.wav,noisy_input,{},10.987265795470337,10.987265795470337,0.0,0.007586450316011906,9.016216790769249e-05,0.009495376133028775,1.8147778511047363,0.9605597274854127
p257_032.wav,spectral_subtraction,"{""alpha"": 2.0, ""beta"": 0.02, ""noise_frames"": 6}",10.987265795470337,15.373354711498875,4.3860889160285375,0.004216596484184265,3.284092963440344e-05,0.005730700623344709,2.3439407348632812,0.9511578575928015
p257_032.wav,wavelet_denoise,"{""mode"": ""soft"", ""threshold_scale"": 1.0, ""wavelet"": ""db4""}",10.987265795470337,11.406503715557378,0.4192379200870402,0.007182186469435692,8.18654298200272e-05,0.009047951691959192,1.7048728466033936,0.9268211702178109
p257_032.wav,frequency_masking,"{""mask_floor"": 0.05, ""noise_frames"": 6, ""threshold"": 2.0}",10.987265795470337,15.177279021596773,4.190013226126435,0.004449985921382904,3.43576175509952e-05,0.0058615371321006915,2.198979616165161,0.9638831469587567
p257_033.wav,noisy_input,{},5.588706322949165,5.588706322949165,0.0,0.014965553767979145,0.00035784023930318654,0.018916665649717092,1.1829283237457275,0.9033146866523343
p257_033.wav,spectral_subtraction,"{""alpha"": 2.0, ""beta"": 0.02, ""noise_frames"": 6}",5.588706322949165,9.96078183272915,4.372075509779985,0.008236418478190899,0.000130762011394836,0.011435121835592133,1.3176544904708862,0.8673488488599992
p257_033.wav,wavelet_denoise,"{""mode"": ""soft"", ""threshold_scale"": 1.0, ""wavelet"": ""db4""}",5.588706322949165,6.420176051105894,0.8314697281567289,0.013535961508750916,0.00029548958991654217,0.017189810642253806,1.2592480182647705,0.8774172998513973
p257_033.wav,frequency_masking,"{""mask_floor"": 0.05, ""noise_frames"": 6, ""threshold"": 2.0}",5.588706322949165,8.263780579181109,2.6750742562319436,0.010501010343432426,0.00019327769405208528,0.013902434824594046,1.309177279472351,0.8753404360724637
p257_034.wav,noisy_input,{},0.7551411560946008,0.7551411560946008,0.0,0.039184946566820145,0.002347418339923024,0.048450163466422114,1.254239559173584,0.8877683376914197
p257_034.wav,spectral_subtraction,"{""alpha"": 2.0, ""beta"": 0.02, ""noise_frames"": 6}",0.7551411560946008,9.729092134973204,8.973950978878603,0.011795890517532825,0.0002973003138322383,0.017242398726170276,1.675194501876831,0.8601393714194971
p257_034.wav,wavelet_denoise,"{""mode"": ""soft"", ""threshold_scale"": 1.0, ""wavelet"": ""db4""}",0.7551411560946008,1.211692784674966,0.45655162858036535,0.037223245948553085,0.0021131744142621756,0.045969276851634024,1.351958990097046,0.8577985936349432
p257_034.wav,frequency_masking,"{""mask_floor"": 0.05, ""noise_frames"": 6, ""threshold"": 2.0}",0.7551411560946008,11.408075335857173,10.652934179762573,0.010588870383799076,0.00020197474805172533,0.014211782015346468,1.691927194595337,0.8729624663562537
p257_035.wav,noisy_input,{},16.40973604717489,16.40973604717489,0.0,0.00639864569529891,5.9512804000405595e-05,0.007714454225699028,3.2395498752593994,0.9984561909320376
p257_035.wav,spectral_subtraction,"{""alpha"": 2.0, ""beta"": 0.02, ""noise_frames"": 6}",16.40973604717489,21.120514979062936,4.710778931888047,0.0034859743900597095,2.0115578081458807e-05,0.004485039362308742,3.4486024379730225,0.9974232888328013
p257_035.wav,wavelet_denoise,"{""mode"": ""soft"", ""threshold_scale"": 1.0, ""wavelet"": ""db4""}",16.40973604717489,16.315371073165966,-0.09436497400892208,0.006437513045966625,6.082006802898832e-05,0.007798722204886408,3.616365909576416,0.9940449093306006
p257_035.wav,frequency_masking,"{""mask_floor"": 0.05, ""noise_frames"": 6, ""threshold"": 2.0}",16.40973604717489,20.580966224981076,4.171230177806187,0.003762470092624426,2.277652129123453e-05,0.0047724753840365204,3.306349277496338,0.9985656490840747
p257_036.wav,noisy_input,{},10.095322922564407,10.095322922564407,0.0,0.016841812059283257,0.00042362656677141786,0.020582190524125896,1.4131395816802979,0.9815712161227508
p257_036.wav,spectral_subtraction,"{""alpha"": 2.0, ""beta"": 0.02, ""noise_frames"": 6}",10.095322922564407,15.642358406643531,5.5470354840791245,0.008062433451414108,0.00011810808791778982,0.010867754502094248,2.7056899070739746,0.9858679057856357
p257_036.wav,wavelet_denoise,"{""mode"": ""soft"", ""threshold_scale"": 1.0, ""wavelet"": ""db4""}",10.095322922564407,10.117790312872323,0.022467390307916446,0.0167855154722929,0.00042144066537730396,0.020529020078350158,1.8250796794891357,0.9820384922474027
p257_036.wav,frequency_masking,"{""mask_floor"": 0.05, ""noise_frames"": 6, ""threshold"": 2.0}",10.095322922564407,12.104495300850548,2.0091723782861415,0.012385131791234016,0.0002667263615876436,0.016331759292484187,2.7383596897125244,0.9881465411000044
p257_037.wav,noisy_input,{},5.476515774566871,5.476515774566871,0.0,0.03148306533694267,0.0013919257326051593,0.037308520911517776,1.6338486671447754,0.9472581156566169
p257_037.wav,spectral_subtraction,"{""alpha"": 2.0, ""beta"": 0.02, ""noise_frames"": 6}",5.476515774566871,16.353221402906417,10.876705628339547,0.008201836608350277,0.00011374845053069293,0.010665291863361872,2.5403988361358643,0.9515478337226354
p257_037.wav,wavelet_denoise,"{""mode"": ""soft"", ""threshold_scale"": 1.0, ""wavelet"": ""db4""}",5.476515774566871,5.567898046946478,0.09138227237960717,0.031232725828886032,0.001362943439744413,0.036918063867765506,2.49869441986084,0.9674793146112092
p257_037.wav,frequency_masking,"{""mask_floor"": 0.05, ""noise_frames"": 6, ""threshold"": 2.0}",5.476515774566871,11.931925693874472,6.455409919307601,0.013037029653787613,0.000314829230774194,0.017743427819172767,2.2760262489318848,0.9524222867721283
p257_038.wav,noisy_input,{},2.0400884049072303,2.0400884049072303,0.0,0.03801417723298073,0.0022313822992146015,0.04723750945186041,2.078540563583374,0.9809338422090517
p257_038.wav,spectral_subtraction,"{""alpha"": 2.0, ""beta"": 0.02, ""noise_frames"": 6}",2.0400884049072303,10.1639196143028,8.12383120939557,0.012210293672978878,0.0003437089908402413,0.018539390249958095,2.6277828216552734,0.9819987609950317
p257_038.wav,wavelet_denoise,"{""mode"": ""soft"", ""threshold_scale"": 1.0, ""wavelet"": ""db4""}",2.0400884049072303,2.092593293207086,0.05250488829985578,0.03775535896420479,0.00220456812530756,0.04695282872530216,2.158536195755005,0.9619027637898485
p257_038.wav,frequency_masking,"{""mask_floor"": 0.05, ""noise_frames"": 6, ""threshold"": 2.0}",2.0400884049072303,5.622354128847753,3.582265723940523,0.02090577781200409,0.0009780193213373423,0.03127330045481836,2.7661750316619873,0.9849709306404694
p257_039.wav,noisy_input,{},16.331647545829256,16.331647545829256,0.0,0.006231332663446665,7.104218821041286e-05,0.008428652811120698,2.5811662673950195,0.9820325138541792
p257_039.wav,spectral_subtraction,"{""alpha"": 2.0, ""beta"": 0.02, ""noise_frames"": 6}",16.331647545829256,19.07130944623422,2.7396619004049647,0.004676107317209244,3.780507904593833e-05,0.006148583499143386,3.1583001613616943,0.9780058637254547
p257_039.wav,wavelet_denoise,"{""mode"": ""soft"", ""threshold_scale"": 1.0, ""wavelet"": ""db4""}",16.331647545829256,16.27609792426488,-0.05554962156437426,0.006299440283328295,7.195671059889719e-05,0.008482730138280787,2.7606890201568604,0.9783089846172263
p257_039.wav,frequency_masking,"{""mask_floor"": 0.05, ""noise_frames"": 6, ""threshold"": 2.0}",16.331647545829256,17.78521922735295,1.4535716815236945,0.0050950744189321995,5.083457290311344e-05,0.007129836807607411,3.027282238006592,0.981753662782786
p257_040.wav,noisy_input,{},11.23655144127643,11.23655144127643,0.0,0.010253135114908218,0.00017156248213723302,0.013098186215550343,1.6287250518798828,0.9670514676527223
p257_040.wav,spectral_subtraction,"{""alpha"": 2.0, ""beta"": 0.02, ""noise_frames"": 6}",11.23655144127643,17.105339601626184,5.868788160349755,0.005213841330260038,4.4416417949832976e-05,0.006664564348090052,2.3625712394714355,0.9644356614228567
p257_040.wav,wavelet_denoise,"{""mode"": ""soft"", ""threshold_scale"": 1.0, ""wavelet"": ""db4""}",11.23655144127643,11.371871989628563,0.13532054835213359,0.010089823976159096,0.0001662992435740307,0.012895706400737832,1.816856861114502,0.9679056560135414
p257_040.wav,frequency_masking,"{""mask_floor"": 0.05, ""noise_frames"": 6, ""threshold"": 2.0}",11.23655144127643,15.958262741776302,4.721711300499873,0.005752996541559696,5.7843051763484254e-05,0.0076054619691038,2.2273783683776855,0.9667161049960772
p257_041.wav,noisy_input,{},7.2108060202938855,7.2108060202938855,0.0,0.020375078544020653,0.0006494765402749181,0.025484829610474505,1.127018928527832,0.9040555770886636
p257_041.wav,spectral_subtraction,"{""alpha"": 2.0, ""beta"": 0.02, ""noise_frames"": 6}",7.2108060202938855,12.466403144309377,5.255597124015491,0.010649522766470909,0.0001936438784468919,0.013915598386231614,1.710453748703003,0.9095028283793203
p257_041.wav,wavelet_denoise,"{""mode"": ""soft"", ""threshold_scale"": 1.0, ""wavelet"": ""db4""}",7.2108060202938855,7.321780832965422,0.11097481267153686,0.02013987861573696,0.0006330907926894724,0.025161295528836992,1.2200963497161865,0.9073303027143405
p257_041.wav,frequency_masking,"{""mask_floor"": 0.05, ""noise_frames"": 6, ""threshold"": 2.0}",7.2108060202938855,9.828038228972515,2.6172322086786295,0.014313796535134315,0.0003555005241651088,0.018854721535072026,1.3174635171890259,0.9087133860671086
p257_042.wav,noisy_input,{},-0.6971925426534831,-0.6971925426534831,0.0,0.05071348324418068,0.00538758747279644,0.07340018714415135,1.0448886156082153,0.7387944329558431
p257_042.wav,spectral_subtraction,"{""alpha"": 2.0, ""beta"": 0.02, ""noise_frames"": 6}",-0.6971925426534831,1.8981152213818084,2.5953077640352915,0.031011808663606644,0.002963900100439787,0.05444171287202293,1.0977778434753418,0.7059129484556882
p257_042.wav,wavelet_denoise,"{""mode"": ""soft"", ""threshold_scale"": 1.0, ""wavelet"": ""db4""}",-0.6971925426534831,-0.6276847272767241,0.06950781537675899,0.050141192972660065,0.00530204689130187,0.07281515564291455,1.0602785348892212,0.7390384159313751
p257_042.wav,frequency_masking,"{""mask_floor"": 0.05, ""noise_frames"": 6, ""threshold"": 2.0}",-0.6971925426534831,-0.024574118090480122,0.6726184245630029,0.04300291836261749,0.004614583216607571,0.06793072365732292,1.0705816745758057,0.7296286693955124
p257_043.wav,noisy_input,{},15.676671062390195,15.676671062390195,0.0,0.011474271304905415,0.00019310793140903115,0.013896327982925243,1.8043088912963867,0.9724026548236422
p257_043.wav,spectral_subtraction,"{""alpha"": 2.0, ""beta"": 0.02, ""noise_frames"": 6}",15.676671062390195,20.774968910428328,5.098297848038133,0.006141748744994402,5.9699450503103435e-05,0.007726541949870164,2.9547362327575684,0.9768272060062929
p257_043.wav,wavelet_denoise,"{""mode"": ""soft"", ""threshold_scale"": 1.0, ""wavelet"": ""db4""}",15.676671062390195,15.746436724248479,0.06976566185828403,0.011370268650352955,0.00019003060879185796,0.013785159004953768,2.0626602172851562,0.972848962389923
p257_043.wav,frequency_masking,"{""mask_floor"": 0.05, ""noise_frames"": 6, ""threshold"": 2.0}",15.676671062390195,20.08207946146504,4.405408399074844,0.006676465272903442,7.002599159022793e-05,0.008368153415791798,1.77061128616333,0.9766313572789066
p257_044.wav,noisy_input,{},10.354635620228995,10.354635620228995,0.0,0.014081977307796478,0.000329350441461429,0.018148014807725637,2.648994207382202,0.985217231494353
p257_044.wav,spectral_subtraction,"{""alpha"": 2.0, ""beta"": 0.02, ""noise_frames"": 6}",10.354635620228995,17.015068131036518,6.660432510807523,0.006582624278962612,7.105832628440112e-05,0.00842961009088802,2.3380534648895264,0.9823123793376513
p257_044.wav,wavelet_denoise,"{""mode"": ""soft"", ""threshold_scale"": 1.0, ""wavelet"": ""db4""}",10.354635620228995,10.39903512015439,0.044399499925393826,0.014015075750648975,0.0003260005032643676,0.0180554840218801,2.892986297607422,0.9854109214666679
p257_044.wav,frequency_masking,"{""mask_floor"": 0.05, ""noise_frames"": 6, ""threshold"": 2.0}",10.354635620228995,13.726083051757707,3.3714474315287113,0.008732864633202553,0.00015153519052546471,0.012309963059467917,2.799884080886841,0.9853963887523618
p257_045.wav,noisy_input,{},4.731196316062612,4.731196316062612,0.0,0.014292119070887566,0.0003423740854486823,0.01850335335685622,1.6359295845031738,0.9686964322334042
p257_045.wav,spectral_subtraction,"{""alpha"": 2.0, ""beta"": 0.02, ""noise_frames"": 6}",4.731196316062612,17.356103054815552,12.62490673875294,0.003214985365048051,1.87072619155515e-05,0.004325189234652225,2.5904247760772705,0.9676411168122709
p257_045.wav,wavelet_denoise,"{""mode"": ""soft"", ""threshold_scale"": 1.0, ""wavelet"": ""db4""}",4.731196316062612,4.765929620815903,0.03473330475329117,0.014225761406123638,0.0003396468237042427,0.018429509589358115,1.9174118041992188,0.9699432090983596
p257_045.wav,frequency_masking,"{""mask_floor"": 0.05, ""noise_frames"": 6, ""threshold"": 2.0}",4.731196316062612,12.382041865377415,7.650845549314803,0.004933308344334364,5.8805282606044784e-05,0.007668460250014,2.7026002407073975,0.9686861632726883
p257_046.wav,noisy_input,{},2.329858465280216,2.329858465280216,0.0,0.0343739278614521,0.0019101740326732397,0.04370553778039162,2.553734064102173,0.8877768736939204
p257_046.wav,spectral_subtraction,"{""alpha"": 2.0, ""beta"": 0.02, ""noise_frames"": 6}",2.329858465280216,4.2859791373277405,1.9561206720475246,0.026017388328909874,0.0012174772564321756,0.03489236673589477,2.7658417224884033,0.8507786752311824
p257_046.wav,wavelet_denoise,"{""mode"": ""soft"", ""threshold_scale"": 1.0, ""wavelet"": ""db4""}",2.329858465280216,2.3444031995763797,0.014544734296163764,0.03430284559726715,0.0019037873717024922,0.043632411940007304,2.9734461307525635,0.8965653360611958
p257_046.wav,frequency_masking,"{""mask_floor"": 0.05, ""noise_frames"": 6, ""threshold"": 2.0}",2.329858465280216,2.7038150271352963,0.3739565618550804,0.03209536150097847,0.0017525776056572795,0.041863798270788566,3.0090689659118652,0.8807512255456695
p257_047.wav,noisy_input,{},16.05816811661995,16.05816811661995,0.0,0.008167051710188389,0.00010920019849436358,0.010449889879532874,1.292603611946106,0.9551286367231523
p257_047.wav,spectral_subtraction,"{""alpha"": 2.0, ""beta"": 0.02, ""noise_frames"": 6}",16.05816811661995,17.83020261134689,1.7720344947269417,0.006453545764088631,7.261394057422876e-05,0.008521381377114204,2.43942928314209,0.9481225356484146
p257_047.wav,wavelet_denoise,"{""mode"": ""soft"", ""threshold_scale"": 1.0, ""wavelet"": ""db4""}",16.05816811661995,16.294152623810707,0.23598450719075714,0.007938920520246029,0.00010342487075831741,0.010169801903592686,1.3541423082351685,0.9491996670207425
p257_047.wav,frequency_masking,"{""mask_floor"": 0.05, ""noise_frames"": 6, ""threshold"": 2.0}",16.05816811661995,17.413047190969987,1.3548790743500376,0.0068341405130922794,7.993473263923079e-05,0.008940622609149252,1.4783469438552856,0.953792680863856
p257_048.wav,noisy_input,{},10.97710552691034,10.97710552691034,0.0,0.01294434443116188,0.00024883862351998687,0.01577461959985048,1.4154152870178223,0.9366703503014128
p257_048.wav,spectral_subtraction,"{""alpha"": 2.0, ""beta"": 0.02, ""noise_frames"": 6}",10.97710552691034,14.74997838222334,3.7728728553130004,0.007935944013297558,0.00010438317258376628,0.01021680833645059,1.945183515548706,0.9282186111248776
p257_048.wav,wavelet_denoise,"{""mode"": ""soft"", ""threshold_scale"": 1.0, ""wavelet"": ""db4""}",10.97710552691034,11.11338747127199,0.13628194436165053,0.012740575708448887,0.0002411512832622975,0.015529046437637358,1.5062601566314697,0.9386989458330447
p257_048.wav,frequency_masking,"{""mask_floor"": 0.05, ""noise_frames"": 6, ""threshold"": 2.0}",10.97710552691034,13.671080731720336,2.6939752048099965,0.0092372577637434,0.00013381976168602705,0.011568049173738286,1.9459303617477417,0.9345599566211116
p257_049.wav,noisy_input,{},6.81445119227927,6.81445119227927,0.0,0.019110795110464096,0.0006338172825053334,0.025175728043203307,1.2494292259216309,0.9382863450059616
p257_049.wav,spectral_subtraction,"{""alpha"": 2.0, ""beta"": 0.02, ""noise_frames"": 6}",6.81445119227927,13.793097701348954,6.978646509069684,0.008385582827031612,0.00012708650319837034,0.011273264975080216,1.6901938915252686,0.9257150804418715
p257_049.wav,wavelet_denoise,"{""mode"": ""soft"", ""threshold_scale"": 1.0, ""wavelet"": ""db4""}",6.81445119227927,6.983250432291271,0.1687992400120013,0.018664488568902016,0.0006096550496295094,0.024691193766796887,1.301582932472229,0.9392364405751487
p257_049.wav,frequency_masking,"{""mask_floor"": 0.05, ""noise_frames"": 6, ""threshold"": 2.0}",6.81445119227927,11.857829492867078,5.043378300587808,0.009425600990653038,0.0001984386472031474,0.014086825306049175,1.5007450580596924,0.9310542832270623
p257_050.wav,noisy_input,{},-0.06852812392189993,-0.06852812392189993,0.0,0.04937150701880455,0.004201044794172049,0.06481546724487951,1.0308538675308228,0.6396568096021393
p257_050.wav,spectral_subtraction,"{""alpha"": 2.0, ""beta"": 0.02, ""noise_frames"": 6}",-0.06852812392189993,3.358739551103667,3.427267675025567,0.029543787240982056,0.0019082293147221208,0.043683284156781535,1.0437793731689453,0.5698979958911399
p257_050.wav,wavelet_denoise,"{""mode"": ""soft"", ""threshold_scale"": 1.0, ""wavelet"": ""db4""}",-0.06852812392189993,0.6847382460545036,0.7532663699764035,0.045432109385728836,0.003532081376761198,0.05943131646498501,1.0380135774612427,0.6385172867117176
p257_050.wav,frequency_masking,"{""mask_floor"": 0.05, ""noise_frames"": 6, ""threshold"": 2.0}",-0.06852812392189993,1.1088822210793536,1.1774103450012536,0.040962591767311096,0.00320343766361475,0.05659891927956531,1.0388134717941284,0.6042572875982046
p257_051.wav,noisy_input,{},16.81889806803396,16.81889806803396,0.0,0.00701664574444294,7.971238665049896e-05,0.008928179358105378,2.4479455947875977,0.9919620616892769
p257_051.wav,spectral_subtraction,"{""alpha"": 2.0, ""beta"": 0.02, ""noise_frames"": 6}",16.81889806803396,18.86248029286631,2.043582224832349,0.005550401285290718,4.979292134521529e-05,0.007056409947361002,2.8214540481567383,0.9932521576996116
p257_051.wav,wavelet_denoise,"{""mode"": ""soft"", ""threshold_scale"": 1.0, ""wavelet"": ""db4""}",16.81889806803396,16.718935360568928,-0.099962707465032,0.007117037661373615,8.156842523021623e-05,0.009031523970527689,2.3259153366088867,0.981476020893304
p257_051.wav,frequency_masking,"{""mask_floor"": 0.05, ""noise_frames"": 6, ""threshold"": 2.0}",16.81889806803396,17.745651651319484,0.9267535832855245,0.006237292196601629,6.439474964281544e-05,0.00802463392578225,2.616645097732544,0.9925607193735156
p257_052.wav,noisy_input,{},10.633869127895057,10.633869127895057,0.0,0.017078043892979622,0.0004574548511300236,0.02138819419983893,2.1498911380767822,0.9489237618510811
p257_052.wav,spectral_subtraction,"{""alpha"": 2.0, ""beta"": 0.02, ""noise_frames"": 6}",10.633869127895057,18.07400902315444,7.440139895259382,0.006640311796218157,8.247726509580389e-05,0.00908169946077296,2.974518299102783,0.9472062414729236
p257_052.wav,wavelet_denoise,"{""mode"": ""soft"", ""threshold_scale"": 1.0, ""wavelet"": ""db4""}",10.633869127895057,10.934797705206737,0.3009285773116801,0.016413485631346703,0.00042683043284341693,0.020659874947429303,1.80402672290802,0.9116809217338853
p257_052.wav,frequency_masking,"{""mask_floor"": 0.05, ""noise_frames"": 6, ""threshold"": 2.0}",10.633869127895057,17.164923334329416,6.531054206434359,0.0072878506034612656,0.00010168170410906896,0.010083734631031746,2.631000518798828,0.9568802383030482
p257_053.wav,noisy_input,{},5.846870325771744,5.846870325771744,0.0,0.031193355098366737,0.0015711283776909113,0.039637461796776435,1.0805799961090088,0.8912389204851363
p257_053.wav,spectral_subtraction,"{""alpha"": 2.0, ""beta"": 0.02, ""noise_frames"": 6}",5.846870325771744,11.342198155045754,5.49532782927401,0.014490136876702309,0.00044328076182864606,0.021054233821933444,1.3368473052978516,0.8789339559604094
p257_053.wav,wavelet_denoise,"{""mode"": ""soft"", ""threshold_scale"": 1.0, ""wavelet"": ""db4""}",5.846870325771744,6.367838928287947,0.520968602516203,0.029100876301527023,0.0013935251627117395,0.03732994994252925,1.095837950706482,0.8610115613245916
p257_053.wav,frequency_masking,"{""mask_floor"": 0.05, ""noise_frames"": 6, ""threshold"": 2.0}",5.846870325771744,9.377099366884055,3.530229041112311,0.01866508089005947,0.0006969293463043869,0.026399419431199368,1.1844334602355957,0.8947939875250812
p257_054.wav,noisy_input,{},0.938134673160514,0.938134673160514,0.0,0.03550096973776817,0.00201421813108027,0.044880041567274306,1.081726312637329,0.8118230281770282
p257_054.wav,spectral_subtraction,"{""alpha"": 2.0, ""beta"": 0.02, ""noise_frames"": 6}",0.938134673160514,8.482219043519558,7.5440843703590446,0.012340275570750237,0.00035456681507639587,0.018829944638165983,1.254998803138733,0.7603975218548908
p257_054.wav,wavelet_denoise,"{""mode"": ""soft"", ""threshold_scale"": 1.0, ""wavelet"": ""db4""}",0.938134673160514,1.9105296548095168,0.9723949816490027,0.03177010640501976,0.0016101525397971272,0.04012670606712102,1.1216793060302734,0.782215347448772
p257_054.wav,frequency_masking,"{""mask_floor"": 0.05, ""noise_frames"": 6, ""threshold"": 2.0}",0.938134673160514,6.759443770984244,5.82130909782373,0.01639385335147381,0.0005272002308629453,0.02296084124902538,1.1027131080627441,0.7731027584249722
p257_055.wav,noisy_input,{},16.06366962134673,16.06366962134673,0.0,0.008493728935718536,0.00010769741493277252,0.010377736503340819,3.4588534832000732,0.9957960936528351
p257_055.wav,spectral_subtraction,"{""alpha"": 2.0, ""beta"": 0.02, ""noise_frames"": 6}",16.06366962134673,17.210086762223725,1.146417140876995,0.0072583663277328014,8.271105616586283e-05,0.009094561900710932,3.5235683917999268,0.9926003517285837
p257_055.wav,wavelet_denoise,"{""mode"": ""soft"", ""threshold_scale"": 1.0, ""wavelet"": ""db4""}",16.06366962134673,15.986950144296655,-0.07671947705007476,0.008555086329579353,0.00010961682710330933,0.01046980549500846,3.809725761413574,0.9916864436076026
p257_055.wav,frequency_masking,"{""mask_floor"": 0.05, ""noise_frames"": 6, ""threshold"": 2.0}",16.06366962134673,18.555662857974195,2.491993236627465,0.006143177393823862,6.0674465203192085e-05,0.007789381567441159,3.50822114944458,0.9953084550056478
p257_056.wav,noisy_input,{},10.115025828720443,10.115025828720443,0.0,0.02065667137503624,0.0006437192787416279,0.025371623494400745,2.7246146202087402,0.9752632958653523
p257_056.wav,spectral_subtraction,"{""alpha"": 2.0, ""beta"": 0.02, ""noise_frames"": 6}",10.115025828720443,19.007705312442766,8.892679483722324,0.0072057778015732765,8.30670032883063e-05,0.009114110120483859,2.8173868656158447,0.9675459780520528
p257_056.wav,wavelet_denoise,"{""mode"": ""soft"", ""threshold_scale"": 1.0, ""wavelet"": ""db4""}",10.115025828720443,10.167795103450993,0.05276927473055082,0.020481519401073456,0.0006359450053423643,0.02521795006225455,2.9448609352111816,0.9693734444179036
p257_056.wav,frequency_masking,"{""mask_floor"": 0.05, ""noise_frames"": 6, ""threshold"": 2.0}",10.115025828720443,19.91297353406191,9.797947705341466,0.006686401087790728,6.743754056515172e-05,0.008212036322688285,2.837714910507202,0.9701684847043072
p257_057.wav,noisy_input,{},6.446332782615892,6.446332782615892,0.0,0.025210194289684296,0.000938256096560508,0.030630966301449063,2.27583646774292,0.9862192824541939
p257_057.wav,spectral_subtraction,"{""alpha"": 2.0, ""beta"": 0.02, ""noise_frames"": 6}",6.446332782615892,17.42937335734847,10.983040574732579,0.006556266453117132,7.481993816327304e-05,0.008649851915684629,3.0738933086395264,0.9725020572979188
p257_057.wav,wavelet_denoise,"{""mode"": ""soft"", ""threshold_scale"": 1.0, ""wavelet"": ""db4""}",6.446332782615892,6.524687247340132,0.07835446472423957,0.024945951998233795,0.0009214800666086376,0.03035589014686668,2.3860766887664795,0.9611994341832357
p257_057.wav,frequency_masking,"{""mask_floor"": 0.05, ""noise_frames"": 6, ""threshold"": 2.0}",6.446332782615892,12.220987900306808,5.774655117690916,0.010876167565584183,0.0002482309064362198,0.01575534532900564,3.154381513595581,0.9812838148417288
p257_058.wav,noisy_input,{},0.408536251049595,0.408536251049595,0.0,0.045820385217666626,0.0032265593763440847,0.0568028113419053,1.2191569805145264,0.9647561190160641
p257_058.wav,spectral_subtraction,"{""alpha"": 2.0, ""beta"": 0.02, ""noise_frames"": 6}",0.408536251049595,15.857799329316173,15.449263078266577,0.006939776707440615,9.200540807796642e-05,0.009591944958034655,1.9220435619354248,0.9464007559657823
p257_058.wav,wavelet_denoise,"{""mode"": ""soft"", ""threshold_scale"": 1.0, ""wavelet"": ""db4""}",0.408536251049595,0.5113874858191434,0.10285123476954838,0.045327577739953995,0.0031510447151958942,0.05613416709274214,1.5234473943710327,0.9478870164180971
p257_058.wav,frequency_masking,"{""mask_floor"": 0.05, ""noise_frames"": 6, ""threshold"": 2.0}",0.408536251049595,10.651867747868389,10.243331496818794,0.010694905184209347,0.0003050749364774674,0.017466394489918845,1.7309439182281494,0.9580957955480119
p257_059.wav,noisy_input,{},16.693039682971104,16.693039682971104,0.0,0.006015728693455458,6.0360202041920274e-05,0.007769182842610944,1.7403087615966797,0.9815989637108188
p257_059.wav,spectral_subtraction,"{""alpha"": 2.0, ""beta"": 0.02, ""noise_frames"": 6}",16.693039682971104,20.336233442697754,3.6431937597266497,0.003941811621189117,2.608743125165347e-05,0.005107585657789154,2.601520538330078,0.9776617285410142
p257_059.wav,wavelet_denoise,"{""mode"": ""soft"", ""threshold_scale"": 1.0, ""wavelet"": ""db4""}",16.693039682971104,16.793668705959448,0.10062902298834331,0.005949309095740318,5.8977693697670475e-05,0.007679693593996474,1.8655959367752075,0.980373842241653
p257_059.wav,frequency_masking,"{""mask_floor"": 0.05, ""noise_frames"": 6, ""threshold"": 2.0}",16.693039682971104,20.225271885760563,3.5322322027894586,0.003980461973696947,2.6762549168779515e-05,0.0051732532480808936,2.6710312366485596,0.9823941010423877
p257_060.wav,noisy_input,{},10.385594645214685,10.385594645214685,0.0,0.014330292120575905,0.0003089069214183837,0.017575748104088875,1.6735827922821045,0.9313690473317121
p257_060.wav,spectral_subtraction,"{""alpha"": 2.0, ""beta"": 0.02, ""noise_frames"": 6}",10.385594645214685,15.882686782216807,5.497092137002122,0.006857782136648893,8.712011913303286e-05,0.009333815893461411,2.0582547187805176,0.9085163368892181
p257_060.wav,wavelet_denoise,"{""mode"": ""soft"", ""threshold_scale"": 1.0, ""wavelet"": ""db4""}",10.385594645214685,10.540020039015898,0.15442539380121367,0.014076726511120796,0.00029811589047312737,0.01726603285277563,1.8116434812545776,0.9331656658146384
p257_060.wav,frequency_masking,"{""mask_floor"": 0.05, ""noise_frames"": 6, ""threshold"": 2.0}",10.385594645214685,17.909115840431525,7.523521195216841,0.0058357808738946915,5.4635576816508546e-05,0.00739158824722458,2.275141954421997,0.9163753156171693
p257_061.wav,noisy_input,{},5.313048344710848,5.313048344710848,0.0,0.02135416865348816,0.0007247046451084316,0.026920338874323844,1.2670921087265015,0.8731072843288585
p257_061.wav,spectral_subtraction,"{""alpha"": 2.0, ""beta"": 0.02, ""noise_frames"": 6}",5.313048344710848,12.362912734166628,7.04986438945578,0.008653403259813786,0.0001429468538844958,0.011956038385874135,1.881894826889038,0.856930998546049
p257_061.wav,wavelet_denoise,"{""mode"": ""soft"", ""threshold_scale"": 1.0, ""wavelet"": ""db4""}",5.313048344710848,5.593323788601593,0.2802754438907451,0.020664455369114876,0.0006794124492444098,0.026065541414756952,1.313089370727539,0.8801684772884462
p257_061.wav,frequency_masking,"{""mask_floor"": 0.05, ""noise_frames"": 6, ""threshold"": 2.0}",5.313048344710848,11.077977975575575,5.764929630864727,0.010455125011503696,0.00019216224609408528,0.013862259775883774,1.7295591831207275,0.872097887052199
p257_062.wav,noisy_input,{},1.1532125495968406,1.1532125495968406,0.0,0.04671754315495491,0.0036615580320358276,0.06051080921650137,1.1585224866867065,0.8697497111753769
p257_062.wav,spectral_subtraction,"{""alpha"": 2.0, ""beta"": 0.02, ""noise_frames"": 6}",1.1532125495968406,9.442292423592967,8.289079873996126,0.015384967438876629,0.000542947615031153,0.023301236341257796,1.6012229919433594,0.8754260612456725
p257_062.wav,wavelet_denoise,"{""mode"": ""soft"", ""threshold_scale"": 1.0, ""wavelet"": ""db4""}",1.1532125495968406,1.2847747948327464,0.13156224523590576,0.04588235914707184,0.0035523003898561,0.05960117775561235,1.2010756731033325,0.8737878553075764
p257_062.wav,frequency_masking,"{""mask_floor"": 0.05, ""noise_frames"": 6, ""threshold"": 2.0}",1.1532125495968406,4.887190259163631,3.7339777095667905,0.026105182245373726,0.0015497731510549784,0.03936715828015756,1.2670692205429077,0.8738014459381103
p257_063.wav,noisy_input,{},15.194745629407203,15.194745629407203,0.0,0.007266376167535782,8.05028757895343e-05,0.008972339482517048,2.0315611362457275,0.9225690750926288
p257_063.wav,spectral_subtraction,"{""alpha"": 2.0, ""beta"": 0.02, ""noise_frames"": 6}",15.194745629407203,16.805372255724965,1.610626626317762,0.005856512580066919,5.555827374337241e-05,0.007453742264351002,2.275846481323242,0.9169334047925934
p257_063.wav,wavelet_denoise,"{""mode"": ""soft"", ""threshold_scale"": 1.0, ""wavelet"": ""db4""}",15.194745629407203,15.458776146549267,0.26403051714206427,0.007078823633491993,7.57544839871116e-05,0.00870370518728154,2.263274669647217,0.9264424760577604
p257_063.wav,frequency_masking,"{""mask_floor"": 0.05, ""noise_frames"": 6, ""threshold"": 2.0}",15.194745629407203,17.49528052334305,2.3005348939358488,0.00528466422110796,4.739777068607509e-05,0.006884603887376171,2.180633306503296,0.9268204200517848
p257_064.wav,noisy_input,{},10.209171175436172,10.209171175436172,0.0,0.015016017481684685,0.00034857093123719096,0.01867005439834579,1.2877531051635742,0.951966211418962
p257_064.wav,spectral_subtraction,"{""alpha"": 2.0, ""beta"": 0.02, ""noise_frames"": 6}",10.209171175436172,16.553705468406687,6.344534292970515,0.00672870734706521,8.087937021628022e-05,0.008993295848368396,2.7097580432891846,0.9573251568588724
p257_064.wav,wavelet_denoise,"{""mode"": ""soft"", ""threshold_scale"": 1.0, ""wavelet"": ""db4""}",10.209171175436172,10.272494671835847,0.0633234963996756,0.01489341352134943,0.0003435253747738898,0.018534437535946156,1.3873177766799927,0.9508708773635187
p257_064.wav,frequency_masking,"{""mask_floor"": 0.05, ""noise_frames"": 6, ""threshold"": 2.0}",10.209171175436172,12.46180051826142,2.252629342825248,0.010666127316653728,0.00020750483963638544,0.01440502827613974,1.4704711437225342,0.9574847170962814
p257_065.wav,noisy_input,{},6.115117783786921,6.115117783786921,0.0,0.022732442244887352,0.0008265260839834809,0.028749366670997832,1.687481164932251,0.9621318871447994
p257_065.wav,spectral_subtraction,"{""alpha"": 2.0, ""beta"": 0.02, ""noise_frames"": 6}",6.115117783786921,13.644507971926405,7.529390188139484,0.008168268948793411,0.00014598813140764832,0.012082554837767066,1.5416083335876465,0.9612018090046865
p257_065.wav,wavelet_denoise,"{""mode"": ""soft"", ""threshold_scale"": 1.0, ""wavelet"": ""db4""}",6.115117783786921,6.193883865322835,0.07876608153591391,0.02248482219874859,0.0008116709068417549,0.02848983865945462,1.837631344795227,0.9559546311435789
p257_065.wav,frequency_masking,"{""mask_floor"": 0.05, ""noise_frames"": 6, ""threshold"": 2.0}",6.115117783786921,9.23927699255774,3.124159208770818,0.01385041605681181,0.000402569305151701,0.020064129812969737,1.6009516716003418,0.9645454219983836
p257_066.wav,noisy_input,{},0.6679137091534205,0.6679137091534205,0.0,0.051271915435791016,0.00393282575532794,0.06271224565687263,1.4091187715530396,0.9163543088472652
p257_066.wav,spectral_subtraction,"{""alpha"": 2.0, ""beta"": 0.02, ""noise_frames"": 6}",0.6679137091534205,6.621693050214731,5.95377934106131,0.022250596433877945,0.0009984510252252221,0.03159827566854277,1.9339244365692139,0.9101009076544594
p257_066.wav,wavelet_denoise,"{""mode"": ""soft"", ""threshold_scale"": 1.0, ""wavelet"": ""db4""}",0.6679137091534205,0.6963685437174867,0.028454834564066167,0.051098261028528214,0.003907142207026482,0.0625071372486893,1.563772439956665,0.915472442508
p257_066.wav,frequency_masking,"{""mask_floor"": 0.05, ""noise_frames"": 6, ""threshold"": 2.0}",0.6679137091534205,2.7083400179819606,2.04042630882854,0.03696581348776817,0.0024584538768976927,0.04958279819552031,1.5729176998138428,0.9169031816820431
p257_067.wav,noisy_input,{},15.431182516206308,15.431182516206308,0.0,0.009504415094852448,0.00014534084766637534,0.01205573920033008,1.1047704219818115,0.9304661539371469
p257_067.wav,spectral_subtraction,"{""alpha"": 2.0, ""beta"": 0.02, ""noise_frames"": 6}",15.431182516206308,17.389605724586605,1.9584232083802977,0.007582733873277903,9.258600766770542e-05,0.009622162317676075,2.0456371307373047,0.8990729644641786
p257_067.wav,wavelet_denoise,"{""mode"": ""soft"", ""threshold_scale"": 1.0, ""wavelet"": ""db4""}",15.431182516206308,15.815160339139231,0.3839778229329234,0.009109928272664547,0.00013304234016686678,0.011534398127638337,1.127772331237793,0.9289704978852409
p257_067.wav,frequency_masking,"{""mask_floor"": 0.05, ""noise_frames"": 6, ""threshold"": 2.0}",15.431182516206308,17.496311627300763,2.065129111094455,0.007497776299715042,9.03388936421834e-05,0.009504677461238934,2.093817710876465,0.9229441959737766
p257_068.wav,noisy_input,{},9.968045704367075,9.968045704367075,0.0,0.01249221246689558,0.00026239908766001463,0.016198737224241113,1.6172438859939575,0.9352306922354523
p257_068.wav,spectral_subtraction,"{""alpha"": 2.0, ""beta"": 0.02, ""noise_frames"": 6}",9.968045704367075,16.677377157668392,6.709331453301317,0.005798106547445059,5.597951894742437e-05,0.007481946200516572,2.0172975063323975,0.9349200322301543
p257_068.wav,wavelet_denoise,"{""mode"": ""soft"", ""threshold_scale"": 1.0, ""wavelet"": ""db4""}",9.968045704367075,10.044849125676684,0.07680342130960938,0.012389317154884338,0.00025779943098314106,0.016056133749540735,1.7578907012939453,0.9356923257431744
p257_068.wav,frequency_masking,"{""mask_floor"": 0.05, ""noise_frames"": 6, ""threshold"": 2.0}",9.968045704367075,13.891230538982027,3.9231848346149523,0.007525749038904905,0.00010632706107571721,0.010311501397745976,1.7802132368087769,0.935837000497872
p257_069.wav,noisy_input,{},6.392065331958486,6.392065331958486,0.0,0.020667370408773422,0.0007634797948412597,0.027631138138724212,1.170336365699768,0.7562028429284426
p257_069.wav,spectral_subtraction,"{""alpha"": 2.0, ""beta"": 0.02, ""noise_frames"": 6}",6.392065331958486,9.076899387085003,2.684834055126517,0.013589877635240555,0.0004114472249057144,0.020284161922685257,1.292907476425171,0.7195215704940457
p257_069.wav,wavelet_denoise,"{""mode"": ""soft"", ""threshold_scale"": 1.0, ""wavelet"": ""db4""}",6.392065331958486,7.539528356003162,1.1474630240446757,0.018017848953604698,0.0005862073157913983,0.024211718563360973,1.1939672231674194,0.7592563951722074
p257_069.wav,frequency_masking,"{""mask_floor"": 0.05, ""noise_frames"": 6, ""threshold"": 2.0}",6.392065331958486,8.734548962389198,2.3424836304307117,0.014767772518098354,0.000445193873019889,0.021099617840612397,1.2556627988815308,0.744503956953574
p257_070.wav,noisy_input,{},1.0544332844414543,1.0544332844414543,0.0,0.02883044444024563,0.0014593371888622642,0.038201272084346406,1.0885791778564453,0.6983088949615083
p257_070.wav,spectral_subtraction,"{""alpha"": 2.0, ""beta"": 0.02, ""noise_frames"": 6}",1.0544332844414543,4.093744287039712,3.0393110025982577,0.017433753237128258,0.000724810641258955,0.026922307502496048,1.1488120555877686,0.6736859308726877
p257_070.wav,wavelet_denoise,"{""mode"": ""soft"", ""threshold_scale"": 1.0, ""wavelet"": ""db4""}",1.0544332844414543,2.3428783000503524,1.288445015608898,0.02470778301358223,0.001084703835658729,0.032934842274690325,1.1012346744537354,0.7053096463571166
p257_070.wav,frequency_masking,"{""mask_floor"": 0.05, ""noise_frames"": 6, ""threshold"": 2.0}",1.0544332844414543,3.5958210753527267,2.5413877909112723,0.01975793018937111,0.000812862126622349,0.02851073704102279,1.1403366327285767,0.7050848191869156
p257_071.wav,noisy_input,{},16.68995376827915,16.68995376827915,0.0,0.005731250625103712,5.178120045457035e-05,0.00719591553970517,2.226484775543213,0.9759280453849934
p257_071.wav,spectral_subtraction,"{""alpha"": 2.0, ""beta"": 0.02, ""noise_frames"": 6}",16.68995376827915,18.006149123420904,1.3161953551417547,0.004767728503793478,3.82430553145241e-05,0.00618409696839596,2.8791632652282715,0.9764618656847
p257_071.wav,wavelet_denoise,"{""mode"": ""soft"", ""threshold_scale"": 1.0, ""wavelet"": ""db4""}",16.68995376827915,16.5106859881429,-0.1792677801362501,0.005799164529889822,5.396334745455533e-05,0.0073459749151869105,2.052480459213257,0.9663588193683138
p257_071.wav,frequency_masking,"{""mask_floor"": 0.05, ""noise_frames"": 6, ""threshold"": 2.0}",16.68995376827915,19.007841450866692,2.3178876825875427,0.004328169859945774,3.0365703423740342e-05,0.0055105084541937095,2.592721700668335,0.9786736968499934
p257_072.wav,noisy_input,{},10.637814422707997,10.637814422707997,0.0,0.012440166436135769,0.00023855002655182034,0.015445064795973512,1.4643934965133667,0.9144331516442685
p257_072.wav,spectral_subtraction,"{""alpha"": 2.0, ""beta"": 0.02, ""noise_frames"": 6}",10.637814422707997,12.710865940674307,2.0730515179663094,0.00875761453062296,0.00014800429926253855,0.0121657017579151,1.7326149940490723,0.9125121025464752
p257_072.wav,wavelet_denoise,"{""mode"": ""soft"", ""threshold_scale"": 1.0, ""wavelet"": ""db4""}",10.637814422707997,11.090377609608206,0.4525631869002087,0.011780912056565285,0.0002149429201381281,0.014660931762276506,1.5936181545257568,0.8995752219990496
p257_072.wav,frequency_masking,"{""mask_floor"": 0.05, ""noise_frames"": 6, ""threshold"": 2.0}",10.637814422707997,15.22825079561562,4.590436372907623,0.007073866669088602,8.2896433013957e-05,0.009104747828136537,1.7089972496032715,0.9193559017968123
p257_073.wav,noisy_input,{},6.083678806262819,6.083678806262819,0.0,0.02225515991449356,0.0007586649153381586,0.027543872555219222,1.3169257640838623,0.9289552262150917
p257_073.wav,spectral_subtraction,"{""alpha"": 2.0, ""beta"": 0.02, ""noise_frames"": 6}",6.083678806262819,15.015692317690077,8.932013511427257,0.007515624165534973,9.701718227006495e-05,0.00984973006077146,2.4817373752593994,0.9424622593463748
p257_073.wav,wavelet_denoise,"{""mode"": ""soft"", ""threshold_scale"": 1.0, ""wavelet"": ""db4""}",6.083678806262819,6.5802074025670105,0.49652859630419144,0.021070096641778946,0.0006767015438526869,0.02601348772949692,1.3540167808532715,0.8619687485547458
p257_073.wav,frequency_masking,"{""mask_floor"": 0.05, ""noise_frames"": 6, ""threshold"": 2.0}",6.083678806262819,15.845595004443247,9.761916198180428,0.007031707558780909,8.014166814973578e-05,0.008952187897365413,2.0628268718719482,0.9431382901142409
p257_074.wav,noisy_input,{},0.5667091811698758,0.5667091811698758,0.0,0.04503357782959938,0.00337921641767025,0.058131028011469486,1.167596459388733,0.8897640387932909
p257_074.wav,spectral_subtraction,"{""alpha"": 2.0, ""beta"": 0.02, ""noise_frames"": 6}",0.5667091811698758,7.322905541118502,6.756196359948626,0.016607698053121567,0.0007131754537113011,0.0267053450401095,1.517364501953125,0.8805257563042016
p257_074.wav,wavelet_denoise,"{""mode"": ""soft"", ""threshold_scale"": 1.0, ""wavelet"": ""db4""}",0.5667091811698758,0.9649915690579856,0.39828238788810977,0.04293347895145416,0.0030831012409180403,0.05552568091359205,1.1594257354736328,0.8699227469950145
p257_074.wav,frequency_masking,"{""mask_floor"": 0.05, ""noise_frames"": 6, ""threshold"": 2.0}",0.5667091811698758,4.405105697597707,3.8383965164278315,0.025015052407979965,0.0013962923549115658,0.03736699552963237,1.349280595779419,0.8958618104212932
p257_075.wav,noisy_input,{},15.334644733774807,15.334644733774807,0.0,0.010314379818737507,0.00016583361139055341,0.012877639977517364,3.3779964447021484,0.9915712214890122
p257_075.wav,spectral_subtraction,"{""alpha"": 2.0, ""beta"": 0.02, ""noise_frames"": 6}",15.334644733774807,21.83465681470803,6.500012080933223,0.004929785616695881,3.7125417293282226e-05,0.006093063046882268,3.662099599838257,0.9911003582913516
p257_075.wav,wavelet_denoise,"{""mode"": ""soft"", ""threshold_scale"": 1.0, ""wavelet"": ""db4""}",15.334644733774807,15.343935969287157,0.009291235512350227,0.010291673243045807,0.00016547921404708177,0.012863872435898989,3.684734582901001,0.9872327416294138
p257_075.wav,frequency_masking,"{""mask_floor"": 0.05, ""noise_frames"": 6, ""threshold"": 2.0}",15.334644733774807,18.91414216780294,3.5794974340281325,0.006479062605649233,7.273154187714681e-05,0.008528278951649437,3.8797836303710938,0.9932549088795003
p257_076.wav,noisy_input,{},10.645819803775938,10.645819803775938,0.0,0.016869304701685905,0.0004466176906134933,0.021133331271086755,2.5851857662200928,0.9668477478277971
p257_076.wav,spectral_subtraction,"{""alpha"": 2.0, ""beta"": 0.02, ""noise_frames"": 6}",10.645819803775938,18.058484250732825,7.412664446956887,0.0067729162983596325,8.103441359708086e-05,0.009001911663479089,2.8694076538085938,0.9625945506768359
p257_076.wav,wavelet_denoise,"{""mode"": ""soft"", ""threshold_scale"": 1.0, ""wavelet"": ""db4""}",10.645819803775938,10.705078985584338,0.059259181808400285,0.016779201105237007,0.00044056502520106733,0.020989640902146642,3.1192421913146973,0.9624801318852703
p257_076.wav,frequency_masking,"{""mask_floor"": 0.05, ""noise_frames"": 6, ""threshold"": 2.0}",10.645819803775938,13.930794652129295,3.2849748483533574,0.01024705171585083,0.0002096227544825524,0.014478354688380596,2.943711280822754,0.9699391335636802
p257_077.wav,noisy_input,{},5.53928647935588,5.53928647935588,0.0,0.025242576375603676,0.0010034418664872646,0.03167715054242197,1.9694790840148926,0.9694987767926455
p257_077.wav,spectral_subtraction,"{""alpha"": 2.0, ""beta"": 0.02, ""noise_frames"": 6}",5.53928647935588,18.921674545405025,13.382388066049145,0.005374383181333542,4.6052522520767525e-05,0.0067862008900980465,2.692950963973999,0.9741107227307435
p257_077.wav,wavelet_denoise,"{""mode"": ""soft"", ""threshold_scale"": 1.0, ""wavelet"": ""db4""}",5.53928647935588,5.618793108489999,0.07950662913411932,0.024985648691654205,0.0009852389339357615,0.03138851595625001,2.2387173175811768,0.9549247866940477
p257_077.wav,frequency_masking,"{""mask_floor"": 0.05, ""noise_frames"": 6, ""threshold"": 2.0}",5.53928647935588,14.978510845802344,9.439224366446464,0.007381613831967115,0.0001141746761277318,0.010685255080143468,2.3909823894500732,0.9761259308478473
p257_078.wav,noisy_input,{},1.4268219047347745,1.4268219047347745,0.0,0.036769792437553406,0.002118360251188278,0.04602564775414115,1.1792594194412231,0.9814234551702348
p257_078.wav,spectral_subtraction,"{""alpha"": 2.0, ""beta"": 0.02, ""noise_frames"": 6}",1.4268219047347745,12.808308592256829,11.381486687522054,0.008599956519901752,0.00015411720960400999,0.012414395257281363,1.780998706817627,0.9545646471049491
p257_078.wav,wavelet_denoise,"{""mode"": ""soft"", ""threshold_scale"": 1.0, ""wavelet"": ""db4""}",1.4268219047347745,1.4912888764510102,0.06446697171623561,0.03650044649839401,0.0020871474407613277,0.04568530880667578,1.368410587310791,0.9662685744701293
p257_078.wav,frequency_masking,"{""mask_floor"": 0.05, ""noise_frames"": 6, ""threshold"": 2.0}",1.4268219047347745,7.372936386541719,5.946114481806944,0.013815945945680141,0.0005387513665482402,0.02321101821437914,2.057664632797241,0.9711040601310262
p257_079.wav,noisy_input,{},16.37070325406768,16.37070325406768,0.0,0.007312895264476538,8.329746924573556e-05,0.009126744723379501,1.9936398267745972,0.972200854531347
p257_079.wav,spectral_subtraction,"{""alpha"": 2.0, ""beta"": 0.02, ""noise_frames"": 6}",16.37070325406768,18.42508604444324,2.054382790375559,0.005654656793922186,5.190313095226884e-05,0.007204382759978043,2.7581377029418945,0.9730426034867493
p257_079.wav,wavelet_denoise,"{""mode"": ""soft"", ""threshold_scale"": 1.0, ""wavelet"": ""db4""}",16.37070325406768,16.466563556402917,0.09586030233523601,0.007229931186884642,8.147901826305315e-05,0.009026572896900193,2.187795639038086,0.971239630444158
p257_079.wav,frequency_masking,"{""mask_floor"": 0.05, ""noise_frames"": 6, ""threshold"": 2.0}",16.37070325406768,19.30857665411676,2.937873400049078,0.005080474074929953,4.2349129216745496e-05,0.006507620856868161,2.5411489009857178,0.9759510280046945
p257_080.wav,noisy_input,{},11.550325490860997,11.550325490860997,0.0,0.013628009706735611,0.0002850358432624489,0.016883004568572765,1.3455513715744019,0.9707595392584776
p257_080.wav,spectral_subtraction,"{""alpha"": 2.0, ""beta"": 0.02, ""noise_frames"": 6}",11.550325490860997,17.678100312151656,6.127774821290659,0.006465304177254438,6.952195690246299e-05,0.008337982783771083,2.406153440475464,0.968709721212797
p257_080.wav,wavelet_denoise,"{""mode"": ""soft"", ""threshold_scale"": 1.0, ""wavelet"": ""db4""}",11.550325490860997,11.655570488665038,0.10524499780404106,0.01344271469861269,0.0002782114315778017,0.01667967120712521,1.4910048246383667,0.9714489143841817
p257_080.wav,frequency_masking,"{""mask_floor"": 0.05, ""noise_frames"": 6, ""threshold"": 2.0}",11.550325490860997,18.487614805203933,6.9372893143429355,0.005931478925049305,5.769930066890083e-05,0.007596005573253671,1.697208046913147,0.9741245437659801
p257_081.wav,noisy_input,{},5.02230138500241,5.02230138500241,0.0,0.027928713709115982,0.0012284826952964067,0.03504971747812537,1.1645028591156006,0.758684147191821
p257_081.wav,spectral_subtraction,"{""alpha"": 2.0, ""beta"": 0.02, ""noise_frames"": 6}",5.02230138500241,13.455375825400404,8.433074440397995,0.009417084977030754,0.00017622260202188045,0.013274886139695529,1.7848329544067383,0.739923053529271
p257_081.wav,wavelet_denoise,"{""mode"": ""soft"", ""threshold_scale"": 1.0, ""wavelet"": ""db4""}",5.02230138500241,5.305649590880396,0.2833482058779859,0.027005938813090324,0.001150891068391502,0.03392478545829733,1.2430204153060913,0.7727603278558384
p257_081.wav,frequency_masking,"{""mask_floor"": 0.05, ""noise_frames"": 6, ""threshold"": 2.0}",5.02230138500241,13.024629666854228,8.002328281851817,0.010569881647825241,0.00019459704344626516,0.01394980442322634,1.1406843662261963,0.7558063921710682
p257_082.wav,noisy_input,{},0.924825659359128,0.924825659359128,0.0,0.03258812427520752,0.0017582701984792948,0.04193173259572391,1.1442444324493408,0.8712008615107255
p257_082.wav,spectral_subtraction,"{""alpha"": 2.0, ""beta"": 0.02, ""noise_frames"": 6}",0.924825659359128,10.46691347686175,9.542087817502622,0.009602298028767109,0.00019537853950168937,0.013977787360726638,1.8305412530899048,0.8443374319523113
p257_082.wav,wavelet_denoise,"{""mode"": ""soft"", ""threshold_scale"": 1.0, ""wavelet"": ""db4""}",0.924825659359128,1.066817960610402,0.14199230125127404,0.03201265260577202,0.0017017133068293333,0.04125182792106712,1.2114206552505493,0.8763158276553749
p257_082.wav,frequency_masking,"{""mask_floor"": 0.05, ""noise_frames"": 6, ""threshold"": 2.0}",0.924825659359128,10.112715444555372,9.187889785196244,0.008544332347810268,0.0002119808632414788,0.01455956260474465,1.7460795640945435,0.8693928092297286
p257_083.wav,noisy_input,{},16.066466698012604,16.066466698012604,0.0,0.009671415202319622,0.00016524115926586092,0.01285461626287852,4.019987106323242,0.9981492127381619
p257_083.wav,spectral_subtraction,"{""alpha"": 2.0, ""beta"": 0.02, ""noise_frames"": 6}",16.066466698012604,17.58800512423701,1.5215384262244065,0.008449314162135124,0.00011640306183835492,0.01078902506431211,3.2792232036590576,0.9945349238962131
p257_083.wav,wavelet_denoise,"{""mode"": ""soft"", ""threshold_scale"": 1.0, ""wavelet"": ""db4""}",16.066466698012604,15.988119677055108,-0.07834702095749613,0.00979489553719759,0.0001682491711108014,0.012971089819702946,3.960184097290039,0.9965895791890632
p257_083.wav,frequency_masking,"{""mask_floor"": 0.05, ""noise_frames"": 6, ""threshold"": 2.0}",16.066466698012604,18.757782825252292,2.6913161272396877,0.007497695274651051,8.891737525118515e-05,0.009429601012300847,3.6828184127807617,0.9964661992187852
p257_084.wav,noisy_input,{},11.302306944323632,11.302306944323632,0.0,0.006676740013062954,7.818751328159124e-05,0.008842370342933576,2.5378971099853516,0.9838281820866452
p257_084.wav,spectral_subtraction,"{""alpha"": 2.0, ""beta"": 0.02, ""noise_frames"": 6}",11.302306944323632,17.10297113176525,5.800664187441619,0.003521795617416501,2.056226549029816e-05,0.004534563428853781,3.2325809001922607,0.984008317575363
p257_084.wav,wavelet_denoise,"{""mode"": ""soft"", ""threshold_scale"": 1.0, ""wavelet"": ""db4""}",11.302306944323632,11.329664222530711,0.027357278207079005,0.0066517069935798645,7.769653893774375e-05,0.008814564024258021,2.7653820514678955,0.9830660096659155
p257_084.wav,frequency_masking,"{""mask_floor"": 0.05, ""noise_frames"": 6, ""threshold"": 2.0}",11.302306944323632,14.12225349182022,2.8199465474965884,0.004618862643837929,4.0845359762897715e-05,0.0063910374559141584,3.115217924118042,0.9839069461801341
p257_085.wav,noisy_input,{},6.7455234137203774,6.7455234137203774,0.0,0.02357502281665802,0.0008653062977828085,0.029416089097342776,1.3926196098327637,0.9560718403869917
p257_085.wav,spectral_subtraction,"{""alpha"": 2.0, ""beta"": 0.02, ""noise_frames"": 6}",6.7455234137203774,16.100741448537516,9.355218034817138,0.007724044378846884,0.00010038020263891667,0.010018992096958489,2.3481032848358154,0.9574611197365621
p257_085.wav,wavelet_denoise,"{""mode"": ""soft"", ""threshold_scale"": 1.0, ""wavelet"": ""db4""}",6.7455234137203774,6.840928360273545,0.09540494655316767,0.02329711988568306,0.0008465046994388103,0.0290947538129954,1.6136773824691772,0.9518067009347982
p257_085.wav,frequency_masking,"{""mask_floor"": 0.05, ""noise_frames"": 6, ""threshold"": 2.0}",6.7455234137203774,16.371460673886453,9.625937260166076,0.007000381592661142,9.431399666937068e-05,0.009711539356320947,2.3561930656433105,0.9591423694221972
p257_086.wav,noisy_input,{},1.447461283778514,1.447461283778514,0.0,0.03485839068889618,0.0020213902462273836,0.044959873734557836,1.356731653213501,0.9300178325892673
p257_086.wav,spectral_subtraction,"{""alpha"": 2.0, ""beta"": 0.02, ""noise_frames"": 6}",1.447461283778514,7.17936245323775,5.731901169459236,0.015239756554365158,0.0005400824011303484,0.02323967299964327,2.5885658264160156,0.9163490179856807
p257_086.wav,wavelet_denoise,"{""mode"": ""soft"", ""threshold_scale"": 1.0, ""wavelet"": ""db4""}",1.447461283778514,1.4616069512967114,0.014145667518197458,0.03478330001235008,0.0020148169714957476,0.04488671263854981,1.4789161682128906,0.9392186705381139
p257_086.wav,frequency_masking,"{""mask_floor"": 0.05, ""noise_frames"": 6, ""threshold"": 2.0}",1.447461283778514,3.4743077745353403,2.026846490756826,0.023979516699910164,0.001267551095224917,0.035602683820534047,1.4808682203292847,0.9273539307433589
p257_087.wav,noisy_input,{},15.976143470287507,15.976143470287507,0.0,0.006619027350097895,7.825466309441254e-05,0.008846166576230212,1.6985857486724854,0.8758714699898501
p257_087.wav,spectral_subtraction,"{""alpha"": 2.0, ""beta"": 0.02, ""noise_frames"": 6}",15.976143470287507,17.203835383365533,1.2276919130780257,0.005702197551727295,5.898492599953897e-05,0.007680164451334293,2.09881329536438,0.8672176506143539
p257_087.wav,wavelet_denoise,"{""mode"": ""soft"", ""threshold_scale"": 1.0, ""wavelet"": ""db4""}",15.976143470287507,16.47324349700924,0.49710002672173204,0.006218712776899338,6.97911309543997e-05,0.008354108627160633,1.7925224304199219,0.8773798724725882
p257_087.wav,frequency_masking,"{""mask_floor"": 0.05, ""noise_frames"": 6, ""threshold"": 2.0}",15.976143470287507,18.195591582650675,2.2194481123631675,0.005053314846009016,4.694241579272784e-05,0.006851453553278154,2.005105972290039,0.876433500509468
p257_088.wav,noisy_input,{},11.585312316057571,11.585312316057571,0.0,0.010661744512617588,0.00018988682131748646,0.013779942718222252,1.315367341041565,0.9470468517992008
p257_088.wav,spectral_subtraction,"{""alpha"": 2.0, ""beta"": 0.02, ""noise_frames"": 6}",11.585312316057571,14.91115031519488,3.325837999137308,0.0069504291750490665,8.828989666653797e-05,0.00939627035937866,1.9176106452941895,0.9344634112391299
p257_088.wav,wavelet_denoise,"{""mode"": ""soft"", ""threshold_scale"": 1.0, ""wavelet"": ""db4""}",11.585312316057571,11.875469323136553,0.2901570070789816,0.010316002182662487,0.0001776147837517783,0.01332721965571883,1.407069206237793,0.9480531414861275
p257_088.wav,frequency_masking,"{""mask_floor"": 0.05, ""noise_frames"": 6, ""threshold"": 2.0}",11.585312316057571,16.808379058327276,5.223066742269705,0.005825563799589872,5.704113209503703e-05,0.007552557983560075,2.0224950313568115,0.943794699237679
p257_089.wav,noisy_input,{},6.442568285283345,6.442568285283345,0.0,0.0185842365026474,0.0005753858131356537,0.023987201027540785,1.2356183528900146,0.9112324321712996
p257_089.wav,spectral_subtraction,"{""alpha"": 2.0, ""beta"": 0.02, ""noise_frames"": 6}",6.442568285283345,9.774443993554053,3.331875708270708,0.011982482858002186,0.0002671600959729403,0.016345032761452036,1.4924876689910889,0.9036853518178991
p257_089.wav,wavelet_denoise,"{""mode"": ""soft"", ""threshold_scale"": 1.0, ""wavelet"": ""db4""}",6.442568285283345,6.670012381584246,0.2274440963009008,0.018065787851810455,0.0005460277898237109,0.023367237530861687,1.2863776683807373,0.9094287426092916
p257_089.wav,frequency_masking,"{""mask_floor"": 0.05, ""noise_frames"": 6, ""threshold"": 2.0}",6.442568285283345,8.07374013926543,1.6311718539820852,0.01456866879016161,0.0003952227998524904,0.0198802112627731,1.3878874778747559,0.9105590933818989
p257_090.wav,noisy_input,{},-0.02358055863530862,-0.02358055863530862,0.0,0.037548016756772995,0.0024840733967721462,0.04984047949982169,1.0543460845947266,0.6636956798670223
p257_090.wav,spectral_subtraction,"{""alpha"": 2.0, ""beta"": 0.02, ""noise_frames"": 6}",-0.02358055863530862,5.049363273381372,5.072943832016681,0.01825515739619732,0.0007724494207650423,0.02779297430583928,1.128029465675354,0.6080235799347865
p257_090.wav,wavelet_denoise,"{""mode"": ""soft"", ""threshold_scale"": 1.0, ""wavelet"": ""db4""}",-0.02358055863530862,1.1427105927531924,1.166291151388501,0.032670069485902786,0.0018990453099831939,0.04357803701388113,1.061110019683838,0.662407721775565
p257_090.wav,frequency_masking,"{""mask_floor"": 0.05, ""noise_frames"": 6, ""threshold"": 2.0}",-0.02358055863530862,2.895548730741802,2.9191292893771106,0.025389621034264565,0.0012683861423283815,0.0356144091952735,1.09360671043396,0.6383644192597037
p257_091.wav,noisy_input,{},15.548672691986825,15.548672691986825,0.0,0.0067705558612942696,7.016162999207154e-05,0.00837625393550551,1.7789968252182007,0.9448456604436231
p257_091.wav,spectral_subtraction,"{""alpha"": 2.0, ""beta"": 0.02, ""noise_frames"": 6}",15.548672691986825,16.94922895744654,1.4005562654597146,0.005716791842132807,5.082109782961197e-05,0.007128891767281362,2.3084359169006348,0.9455191603711054
p257_091.wav,wavelet_denoise,"{""mode"": ""soft"", ""threshold_scale"": 1.0, ""wavelet"": ""db4""}",15.548672691986825,15.840631496870685,0.29195880488386017,0.006544794887304306,6.559999019373208e-05,0.008099382087155296,2.5744540691375732,0.9480672509261623
p257_091.wav,frequency_masking,"{""mask_floor"": 0.05, ""noise_frames"": 6, ""threshold"": 2.0}",15.548672691986825,18.446208964674245,2.89753627268742,0.004820180591195822,3.6003610148327425e-05,0.006000300838151986,2.1882565021514893,0.9546784075960802
p257_092.wav,noisy_input,{},9.62284121153653,9.62284121153653,0.0,0.01638500764966011,0.0004128692380618304,0.02031918399104232,1.5060467720031738,0.7935504838015586
p257_092.wav,spectral_subtraction,"{""alpha"": 2.0, ""beta"": 0.02, ""noise_frames"": 6}",9.62284121153653,14.88258863292426,5.259747421387731,0.00830535963177681,0.0001229809276992455,0.011089676627352373,2.0434153079986572,0.7927546653389692
p257_092.wav,wavelet_denoise,"{""mode"": ""soft"", ""threshold_scale"": 1.0, ""wavelet"": ""db4""}",9.62284121153653,10.091019595370403,0.4681783838338731,0.015488997101783752,0.0003706761635839939,0.019252952074525972,1.5761628150939941,0.7705601604084984
p257_092.wav,frequency_masking,"{""mask_floor"": 0.05, ""noise_frames"": 6, ""threshold"": 2.0}",9.62284121153653,14.227405099271229,4.604563887734699,0.0092933876439929,0.0001430066186003387,0.01195853747748188,1.9034342765808105,0.7991490653738342
p257_093.wav,noisy_input,{},4.526578918308671,4.526578918308671,0.0,0.022944100201129913,0.0008192180539481342,0.028621985499754105,1.172849416732788,0.8566107963563317
p257_093.wav,spectral_subtraction,"{""alpha"": 2.0, ""beta"": 0.02, ""noise_frames"": 6}",4.526578918308671,12.121576260273542,7.594997341964872,0.00796523317694664,0.00014252786058932543,0.011938503280952995,1.4907056093215942,0.8332012675126358
p257_093.wav,wavelet_denoise,"{""mode"": ""soft"", ""threshold_scale"": 1.0, ""wavelet"": ""db4""}",4.526578918308671,5.3848417189902875,0.8582628006816169,0.020730573683977127,0.000672315654810518,0.025929050403177476,1.2078578472137451,0.835424162564122
p257_093.wav,frequency_masking,"{""mask_floor"": 0.05, ""noise_frames"": 6, ""threshold"": 2.0}",4.526578918308671,10.945691050034899,6.419112131726228,0.010410165414214134,0.0001868479303084314,0.01366923298171596,1.4453418254852295,0.8475060576645891
p257_094.wav,noisy_input,{},-0.6881958760930723,-0.6881958760930723,0.0,0.04838085174560547,0.0037141849752515554,0.0609441135406165,1.0538785457611084,0.6835276828233388
p257_094.wav,spectral_subtraction,"{""alpha"": 2.0, ""beta"": 0.02, ""noise_frames"": 6}",-0.6881958760930723,7.032594674825955,7.720790550919027,0.015225515700876713,0.000627746747341007,0.02505487472211759,1.535241961479187,0.6735659451893824
p257_094.wav,wavelet_denoise,"{""mode"": ""soft"", ""threshold_scale"": 1.0, ""wavelet"": ""db4""}",-0.6881958760930723,0.014482597962574919,0.7026784740556472,0.044664956629276276,0.0031593351159244776,0.056207963100653964,1.0677686929702759,0.6422890379834669
p257_094.wav,frequency_masking,"{""mask_floor"": 0.05, ""noise_frames"": 6, ""threshold"": 2.0}",-0.6881958760930723,6.273892872573514,6.962088748666586,0.019505375996232033,0.0007475748425349593,0.027341814909309866,1.2421807050704956,0.6951807448247912
p257_095.wav,noisy_input,{},16.540844840550644,16.540844840550644,0.0,0.005892809014767408,5.3704872698290274e-05,0.0073283608466211785,3.6425769329071045,0.9971947429876988
p257_095.wav,spectral_subtraction,"{""alpha"": 2.0, ""beta"": 0.02, ""noise_frames"": 6}",16.540844840550644,19.935358619137702,3.394513778587058,0.003982016816735268,2.4578892407589592e-05,0.004957710399729858,3.604060649871826,0.9928913771204187
p257_095.wav,wavelet_denoise,"{""mode"": ""soft"", ""threshold_scale"": 1.0, ""wavelet"": ""db4""}",16.540844840550644,16.44870800788669,-0.09213683266395378,0.005945876240730286,5.485640576807782e-05,0.007406511038814283,3.8934943675994873,0.993466443122575
p257_095.wav,frequency_masking,"{""mask_floor"": 0.05, ""noise_frames"": 6, ""threshold"": 2.0}",16.540844840550644,19.862649028799364,3.32180418824872,0.003948832396417856,2.49938548222417e-05,0.004999385444456318,3.7560412883758545,0.9955183526551852
p257_096.wav,noisy_input,{},10.22669620029798,10.22669620029798,0.0,0.012352262623608112,0.00024142052279785275,0.015537712920435001,2.6677072048187256,0.9273181352412087
p257_096.wav,spectral_subtraction,"{""alpha"": 2.0, ""beta"": 0.02, ""noise_frames"": 6}",10.22669620029798,16.295893821451052,6.069197621153073,0.005863676778972149,5.968351979390718e-05,0.007725510972997655,3.235704183578491,0.9240990251212675
p257_096.wav,wavelet_denoise,"{""mode"": ""soft"", ""threshold_scale"": 1.0, ""wavelet"": ""db4""}",10.22669620029798,10.262098436635544,0.03540223633756412,0.012301107868552208,0.00023946053988765925,0.015474512589663664,3.3021976947784424,0.9302262305074672
p257_096.wav,frequency_masking,"{""mask_floor"": 0.05, ""noise_frames"": 6, ""threshold"": 2.0}",10.22669620029798,13.843474393440253,3.616778193142274,0.007374338340014219,0.0001049775310093537,0.010245854332819382,3.3068301677703857,0.9305075659001204
p257_097.wav,noisy_input,{},5.990979011320542,5.990979011320542,0.0,0.026414215564727783,0.0011545349843800068,0.033978448822452254,2.259392499923706,0.9709701511531333
p257_097.wav,spectral_subtraction,"{""alpha"": 2.0, ""beta"": 0.02, ""noise_frames"": 6}",5.990979011320542,14.036920304714469,8.045941293393927,0.008852895349264145,0.00018105600611306727,0.013455705336884696,2.9123425483703613,0.9626324516360832
p257_097.wav,wavelet_denoise,"{""mode"": ""soft"", ""threshold_scale"": 1.0, ""wavelet"": ""db4""}",5.990979011320542,6.05694435295425,0.06596534163370826,0.026186466217041016,0.0011371311265975237,0.03372137492151712,2.6895804405212402,0.958279332219957
p257_097.wav,frequency_masking,"{""mask_floor"": 0.05, ""noise_frames"": 6, ""threshold"": 2.0}",5.990979011320542,8.988327245705976,2.9973482343854343,0.015514678321778774,0.0005789916031062603,0.024062244348901876,2.7452147006988525,0.9702488869136018
p257_098.wav,noisy_input,{},-0.7563102278930938,-0.7563102278930938,0.0,0.047847144305706024,0.0035358539316803217,0.05946304677428093,1.1336889266967773,0.7691776511956072
p257_098.wav,spectral_subtraction,"{""alpha"": 2.0, ""beta"": 0.02, ""noise_frames"": 6}",-0.7563102278930938,16.237923164108167,16.994233392001263,0.006330368109047413,7.064329838613048e-05,0.008404956774792508,1.46273672580719,0.7542701782354657
p257_098.wav,wavelet_denoise,"{""mode"": ""soft"", ""threshold_scale"": 1.0, ""wavelet"": ""db4""}",-0.7563102278930938,-0.6444983180449487,0.11181190984814504,0.047186948359012604,0.0034459829330444336,0.058702495117707164,1.3769941329956055,0.7569993808796528
p257_098.wav,frequency_masking,"{""mask_floor"": 0.05, ""noise_frames"": 6, ""threshold"": 2.0}",-0.7563102278930938,14.371865481169069,15.128175709062162,0.0071359011344611645,0.00010856172593776137,0.010419295846541712,1.5650489330291748,0.7658245676146881
p257_099.wav,noisy_input,{},15.794221769126564,15.794221769126564,0.0,0.0070781703107059,8.26314280857332e-05,0.009090183061178318,2.6164026260375977,0.980382922731299
p257_099.wav,spectral_subtraction,"{""alpha"": 2.0, ""beta"": 0.02, ""noise_frames"": 6}",15.794221769126564,20.59118960621919,4.796967837092625,0.004095297306776047,2.7380947358324192e-05,0.005232680704794073,3.067331314086914,0.9818219475679448
p257_099.wav,wavelet_denoise,"{""mode"": ""soft"", ""threshold_scale"": 1.0, ""wavelet"": ""db4""}",15.794221769126564,15.840047012449379,0.04582524332281501,0.007054956164211035,8.17641121102497e-05,0.009042351027816255,2.858184576034546,0.9812125189808883
p257_099.wav,frequency_masking,"{""mask_floor"": 0.05, ""noise_frames"": 6, ""threshold"": 2.0}",15.794221769126564,19.764353097189687,3.9701313280631236,0.004314634017646313,3.3123185858130455e-05,0.00575527461187826,2.9927167892456055,0.984420091217073
p257_100.wav,noisy_input,{},10.113962097064885,10.113962097064885,0.0,0.019658127799630165,0.0006369823822751641,0.0252385099059981,1.2701969146728516,0.874995276836965
p257_100.wav,spectral_subtraction,"{""alpha"": 2.0, ""beta"": 0.02, ""noise_frames"": 6}",10.113962097064885,15.635077681403155,5.52111558433827,0.010244273580610752,0.00017865528934635222,0.013366199510195567,2.095615863800049,0.8839989117630512
p257_100.wav,wavelet_denoise,"{""mode"": ""soft"", ""threshold_scale"": 1.0, ""wavelet"": ""db4""}",10.113962097064885,10.20827114712324,0.09430905005835477,0.019418025389313698,0.000623299099970609,0.024965958823378064,1.395193338394165,0.8837154887555768
p257_100.wav,frequency_masking,"{""mask_floor"": 0.05, ""noise_frames"": 6, ""threshold"": 2.0}",10.113962097064885,12.419806892296794,2.305844795231909,0.014261417090892792,0.0003745785797946155,0.019354032649414838,1.3698365688323975,0.879163715175323
p257_101.wav,noisy_input,{},6.417433849946428,6.417433849946428,0.0,0.019536098465323448,0.0007377680740319192,0.027161886422557607,1.2946290969848633,0.9245249414784029
p257_101.wav,spectral_subtraction,"{""alpha"": 2.0, ""beta"": 0.02, ""noise_frames"": 6}",6.417433849946428,8.874646715169565,2.457212865223137,0.013043717481195927,0.00041898508789017797,0.020469125235099275,1.451270341873169,0.9187991487113613
p257_101.wav,wavelet_denoise,"{""mode"": ""soft"", ""threshold_scale"": 1.0, ""wavelet"": ""db4""}",6.417433849946428,6.4910171662503835,0.07358331630395565,0.019299088045954704,0.0007253732183016837,0.02693275363385043,1.3729721307754517,0.9201247734021888
p257_101.wav,frequency_masking,"{""mask_floor"": 0.05, ""noise_frames"": 6, ""threshold"": 2.0}",6.417433849946428,7.041490810064462,0.6240569601180344,0.01717444881796837,0.0006390195339918137,0.02527883569296287,1.4049763679504395,0.9233031419021159
p257_102.wav,noisy_input,{},1.2484860353417466,1.2484860353417466,0.0,0.044761016964912415,0.003118191845715046,0.055840772252137114,1.0988420248031616,0.8548374041044973
p257_102.wav,spectral_subtraction,"{""alpha"": 2.0, ""beta"": 0.02, ""noise_frames"": 6}",1.2484860353417466,10.845985977588967,9.59749994224722,0.01322539709508419,0.00034209981095045805,0.018495940391081985,1.4938254356384277,0.8489918501591244
p257_102.wav,wavelet_denoise,"{""mode"": ""soft"", ""threshold_scale"": 1.0, ""wavelet"": ""db4""}",1.2484860353417466,1.4586271672789186,0.210141131937172,0.043763767927885056,0.00297090457752347,0.054506004967558114,1.1318466663360596,0.8595953719599186
p257_102.wav,frequency_masking,"{""mask_floor"": 0.05, ""noise_frames"": 6, ""threshold"": 2.0}",1.2484860353417466,8.301170183239241,7.052684147897494,0.01748153753578663,0.0006146592204459012,0.02479232180425829,1.2483363151550293,0.8641965600910773
p257_103.wav,noisy_input,{},15.861242459953528,15.861242459953528,0.0,0.00895734503865242,0.00010601948451949283,0.010296576349422795,2.8112711906433105,0.9820269064567637
p257_103.wav,spectral_subtraction,"{""alpha"": 2.0, ""beta"": 0.02, ""noise_frames"": 6}",15.861242459953528,21.818592983150214,5.957350523196686,0.004121854435652494,2.6893705580732785e-05,0.005185914150921974,3.0821664333343506,0.9730661874683613
p257_103.wav,wavelet_denoise,"{""mode"": ""soft"", ""threshold_scale"": 1.0, ""wavelet"": ""db4""}",15.861242459953528,15.924586227253112,0.06334376729958358,0.00888623483479023,0.00010448436660226434,0.010221759467051861,3.0152697563171387,0.9817358244917598
p257_103.wav,frequency_masking,"{""mask_floor"": 0.05, ""noise_frames"": 6, ""threshold"": 2.0}",15.861242459953528,23.351509310256894,7.490266850303366,0.003497644793242216,1.8895527318818495e-05,0.004346898586212761,3.1467018127441406,0.9776920610217937
p257_104.wav,noisy_input,{},10.968674566622532,10.968674566622532,0.0,0.010067835450172424,0.0001534826005809009,0.012388809490055972,2.9925711154937744,0.9399649221333404
p257_104.wav,spectral_subtraction,"{""alpha"": 2.0, ""beta"": 0.02, ""noise_frames"": 6}",10.968674566622532,18.75824592755914,7.789571360936609,0.003996445331722498,2.5533010557410307e-05,0.005053019944291761,3.2247955799102783,0.9360846683101424
p257_104.wav,wavelet_denoise,"{""mode"": ""soft"", ""threshold_scale"": 1.0, ""wavelet"": ""db4""}",10.968674566622532,10.997995874890156,0.029321308267624246,0.01002471148967743,0.00015244986570905894,0.012347058990263995,3.3212649822235107,0.9425379265021203
p257_104.wav,frequency_masking,"{""mask_floor"": 0.05, ""noise_frames"": 6, ""threshold"": 2.0}",10.968674566622532,16.237677790964884,5.269003224342352,0.004957024939358234,4.5620374294230714e-05,0.006754285624270765,3.382377862930298,0.9374410590434903
p257_105.wav,noisy_input,{},5.892892121181788,5.892892121181788,0.0,0.02331564947962761,0.0012618688633665442,0.03552279357492234,1.5345039367675781,0.897466279719838
p257_105.wav,spectral_subtraction,"{""alpha"": 2.0, ""beta"": 0.02, ""noise_frames"": 6}",5.892892121181788,15.898465161350273,10.005573040168485,0.008253251202404499,0.0001260250573977828,0.011226088250044305,2.707141876220703,0.8881063223795468
p257_105.wav,wavelet_denoise,"{""mode"": ""soft"", ""threshold_scale"": 1.0, ""wavelet"": ""db4""}",5.892892121181788,5.931853260032671,0.03896113885088326,0.023155491799116135,0.0012505990453064442,0.035363809824543,1.7927305698394775,0.8976674920600843
p257_105.wav,frequency_masking,"{""mask_floor"": 0.05, ""noise_frames"": 6, ""threshold"": 2.0}",5.892892121181788,17.80131621695006,11.908424095768272,0.006220129318535328,8.131521462928504e-05,0.00901749491983694,2.5691442489624023,0.8936440025525806
p257_106.wav,noisy_input,{},1.4485833406456443,1.4485833406456443,0.0,0.044549610465765,0.0034127284307032824,0.058418562381346587,1.478950023651123,0.9551664209597347
p257_106.wav,spectral_subtraction,"{""alpha"": 2.0, ""beta"": 0.02, ""noise_frames"": 6}",1.4485833406456443,14.528547202394833,13.079963861749189,0.00961272232234478,0.00016792112728580832,0.012958438458618705,2.1656463146209717,0.9493801393312636
p257_106.wav,wavelet_denoise,"{""mode"": ""soft"", ""threshold_scale"": 1.0, ""wavelet"": ""db4""}",1.4485833406456443,1.4902867087845242,0.04170336813887987,0.044326987117528915,0.0033801142126321793,0.05813874966519472,1.703009843826294,0.9565542043604229
p257_106.wav,frequency_masking,"{""mask_floor"": 0.05, ""noise_frames"": 6, ""threshold"": 2.0}",1.4485833406456443,8.987479818802159,7.538896478156515,0.013623863458633423,0.0006014673854224384,0.024524832016192044,2.0269036293029785,0.9593496780345409
p257_107.wav,noisy_input,{},15.754779409231706,15.754779409231706,0.0,0.009934525936841965,0.00015398698451463133,0.012409149226060234,1.969169020652771,0.9274562885743829
p257_107.wav,spectral_subtraction,"{""alpha"": 2.0, ""beta"": 0.02, ""noise_frames"": 6}",15.754779409231706,17.583564449163102,1.8287850399313967,0.007819635793566704,0.00010106609988724813,0.010053163675542548,2.39648699760437,0.9108957420122795
p257_107.wav,wavelet_denoise,"{""mode"": ""soft"", ""threshold_scale"": 1.0, ""wavelet"": ""db4""}",15.754779409231706,16.06982809049097,0.3150486812592632,0.009581334888935089,0.00014321190246846527,0.011967117550540952,2.156531572341919,0.9294892884210679
p257_107.wav,frequency_masking,"{""mask_floor"": 0.05, ""noise_frames"": 6, ""threshold"": 2.0}",15.754779409231706,18.06660841202566,2.311829002793953,0.007587666157633066,9.042762394528836e-05,0.009509344033385709,2.3487095832824707,0.9218332335406529
p257_108.wav,noisy_input,{},10.606280004157894,10.606280004157894,0.0,0.00868140533566475,0.00013313611270859838,0.011538462319936672,1.0899463891983032,0.9326432604144798
p257_108.wav,spectral_subtraction,"{""alpha"": 2.0, ""beta"": 0.02, ""noise_frames"": 6}",10.606280004157894,15.426761220299962,4.820481216142069,0.004858048167079687,4.387809167383239e-05,0.0066240540210533,1.2399327754974365,0.910919852969041
p257_108.wav,wavelet_denoise,"{""mode"": ""soft"", ""threshold_scale"": 1.0, ""wavelet"": ""db4""}",10.606280004157894,10.835226429195071,0.22894642503717755,0.008374003693461418,0.00012629937555175275,0.011238299495553264,1.1296608448028564,0.9316343342833221
p257_108.wav,frequency_masking,"{""mask_floor"": 0.05, ""noise_frames"": 6, ""threshold"": 2.0}",10.606280004157894,13.320903960918686,2.714623956760793,0.005900530610233545,7.12579712853767e-05,0.008441443673055972,1.2052388191223145,0.918743582713843
p257_109.wav,noisy_input,{},6.391621897673813,6.391621897673813,0.0,0.01677808351814747,0.0006242739618755877,0.02498547501800972,1.3683205842971802,0.9561318848009996
p257_109.wav,spectral_subtraction,"{""alpha"": 2.0, ""beta"": 0.02, ""noise_frames"": 6}",6.391621897673813,8.130264081301013,1.7386421836271992,0.013904353603720665,0.0004183222772553563,0.02045292832959027,1.5278276205062866,0.9244668509536901
p257_109.wav,wavelet_denoise,"{""mode"": ""soft"", ""threshold_scale"": 1.0, ""wavelet"": ""db4""}",6.391621897673813,6.575419161446203,0.18379726377238992,0.01622190698981285,0.0005984053714200854,0.024462325552164606,1.4853816032409668,0.9583454772167432
p257_109.wav,frequency_masking,"{""mask_floor"": 0.05, ""noise_frames"": 6, ""threshold"": 2.0}",6.391621897673813,7.710268303062523,1.3186464053887095,0.013524705544114113,0.00046079797903075814,0.021466205510773398,1.5715548992156982,0.9514996607708149
p257_110.wav,noisy_input,{},2.0257855561270564,2.0257855561270564,0.0,0.048270437866449356,0.004473522305488586,0.06688439508202632,1.0621260404586792,0.7610539251362318
p257_110.wav,spectral_subtraction,"{""alpha"": 2.0, ""beta"": 0.02, ""noise_frames"": 6}",2.0257855561270564,3.7578804763291003,1.732094920202044,0.036175210028886795,0.0030022035352885723,0.05479236749118049,1.0702850818634033,0.7037276977840736
p257_110.wav,wavelet_denoise,"{""mode"": ""soft"", ""threshold_scale"": 1.0, ""wavelet"": ""db4""}",2.0257855561270564,2.2355208208896507,0.2097352647625943,0.04653716832399368,0.004262614995241165,0.06528870495913643,1.0793664455413818,0.7765368539059566
p257_110.wav,frequency_masking,"{""mask_floor"": 0.05, ""noise_frames"": 6, ""threshold"": 2.0}",2.0257855561270564,2.587408655033086,0.5616230989060296,0.04329177364706993,0.0039308578707277775,0.0626965538983426,1.0489274263381958,0.7242365948177573
p257_111.wav,noisy_input,{},16.055725816091513,16.055725816091513,0.0,0.007123784627765417,8.358055492863059e-05,0.009142240148269492,1.774791955947876,0.9313292769972472
p257_111.wav,spectral_subtraction,"{""alpha"": 2.0, ""beta"": 0.02, ""noise_frames"": 6}",16.055725816091513,15.93385703545286,-0.12186878063865336,0.007343601435422897,8.595915278419852e-05,0.009271415899645453,1.904188632965088,0.9336236471755073
p257_111.wav,wavelet_denoise,"{""mode"": ""soft"", ""threshold_scale"": 1.0, ""wavelet"": ""db4""}",16.055725816091513,16.82359076080825,0.767864944716738,0.006425925064831972,7.003558130236343e-05,0.00836872638472327,1.925795316696167,0.9253395911007187
p257_111.wav,frequency_masking,"{""mask_floor"": 0.05, ""noise_frames"": 6, ""threshold"": 2.0}",16.055725816091513,17.01060782590909,0.9548820098175774,0.006331915035843849,6.708370347041637e-05,0.008190464179179124,1.7974456548690796,0.93371771440557
p257_112.wav,noisy_input,{},10.66945876767943,10.66945876767943,0.0,0.011470313183963299,0.00020857923664152622,0.014442272558068077,1.5008292198181152,0.9304927142683256
p257_112.wav,spectral_subtraction,"{""alpha"": 2.0, ""beta"": 0.02, ""noise_frames"": 6}",10.66945876767943,15.579769096122533,4.910310328443103,0.006165835075080395,6.733487680321559e-05,0.00820578313162221,1.8926117420196533,0.9254711033402672
p257_112.wav,wavelet_denoise,"{""mode"": ""soft"", ""threshold_scale"": 1.0, ""wavelet"": ""db4""}",10.66945876767943,11.259780913537432,0.5903221458580017,0.010749553330242634,0.0001820702018449083,0.013493339165859142,1.694954514503479,0.9027023390838594
p257_112.wav,frequency_masking,"{""mask_floor"": 0.05, ""noise_frames"": 6, ""threshold"": 2.0}",10.66945876767943,16.41978419734883,5.750325429669399,0.005536686163395643,5.5493044783361256e-05,0.0074493653946736465,1.8827133178710938,0.9333602853631249
p257_113.wav,noisy_input,{},5.6449367359874945,5.6449367359874945,0.0,0.02373705431818962,0.0008885813876986504,0.029809082302188546,1.2254756689071655,0.8543016431899234
p257_113.wav,spectral_subtraction,"{""alpha"": 2.0, ""beta"": 0.02, ""noise_frames"": 6}",5.6449367359874945,13.380491232068895,7.7355544960814,0.009512970224022865,0.0001496724144089967,0.012234067778502647,1.9509902000427246,0.856966514747059
p257_113.wav,wavelet_denoise,"{""mode"": ""soft"", ""threshold_scale"": 1.0, ""wavelet"": ""db4""}",5.6449367359874945,6.120692391174025,0.4757556551865303,0.0223988089710474,0.0007963823736645281,0.028220247583331512,1.3223659992218018,0.8525798845262874
p257_113.wav,frequency_masking,"{""mask_floor"": 0.05, ""noise_frames"": 6, ""threshold"": 2.0}",5.6449367359874945,11.227935795632094,5.5829990596445995,0.011332673951983452,0.0002456955553498119,0.015674678795746085,1.7721225023269653,0.863055268105115
p257_114.wav,noisy_input,{},0.5699538149337325,0.5699538149337325,0.0,0.04657789692282677,0.003435008693486452,0.058608947213599154,1.0564292669296265,0.7606293059507815
p257_114.wav,spectral_subtraction,"{""alpha"": 2.0, ""beta"": 0.02, ""noise_frames"": 6}",0.5699538149337325,7.953381975697945,7.383428160764212,0.01695910282433033,0.0006274585030041635,0.02504912180105649,1.1117041110992432,0.7330892787742971
p257_114.wav,wavelet_denoise,"{""mode"": ""soft"", ""threshold_scale"": 1.0, ""wavelet"": ""db4""}",0.5699538149337325,2.0318083639100912,1.4618545489763588,0.039229605346918106,0.00245325337164104,0.04953032779662416,1.0862267017364502,0.7621804494132896
p257_114.wav,frequency_masking,"{""mask_floor"": 0.05, ""noise_frames"": 6, ""threshold"": 2.0}",0.5699538149337325,5.032387881605685,4.462434066671952,0.02631518803536892,0.001229375135153532,0.03506244622318203,1.071162462234497,0.7542860166394456
p257_115.wav,noisy_input,{},16.130869519910007,16.130869519910007,0.0,0.006022035609930754,5.583415986620821e-05,0.0074722258976966304,3.088730573654175,0.9919939067677505
p257_115.wav,spectral_subtraction,"{""alpha"": 2.0, ""beta"": 0.02, ""noise_frames"": 6}",16.130869519910007,20.488855007131953,4.357985487221946,0.0036356125492602587,2.0469226001296192e-05,0.004524292873068253,3.067568778991699,0.9904891568884479
p257_115.wav,wavelet_denoise,"{""mode"": ""soft"", ""threshold_scale"": 1.0, ""wavelet"": ""db4""}",16.130869519910007,16.050102414841383,-0.08076710506862383,0.006086260545998812,5.688223973265849e-05,0.007542031538826823,3.885164499282837,0.9921403367373953
p257_115.wav,frequency_masking,"{""mask_floor"": 0.05, ""noise_frames"": 6, ""threshold"": 2.0}",16.130869519910007,18.97761048573557,2.846740965825564,0.004184732213616371,2.89885083475383e-05,0.005384097728267783,3.0808470249176025,0.9923248655566635
p257_116.wav,noisy_input,{},11.73868788542034,11.73868788542034,0.0,0.0066489530727267265,8.440869714831933e-05,0.009187420592762657,1.740117073059082,0.9969799566421674
p257_116.wav,spectral_subtraction,"{""alpha"": 2.0, ""beta"": 0.02, ""noise_frames"": 6}",11.73868788542034,18.182438560260913,6.443750674840572,0.0031060860492289066,1.9143095414619893e-05,0.004375282323990063,1.8726425170898438,0.9968316814890903
p257_116.wav,wavelet_denoise,"{""mode"": ""soft"", ""threshold_scale"": 1.0, ""wavelet"": ""db4""}",11.73868788542034,11.741919588698742,0.003231703278402165,0.006647597998380661,8.434591291006655e-05,0.00918400309832627,1.8845727443695068,0.9900148017205628
p257_116.wav,frequency_masking,"{""mask_floor"": 0.05, ""noise_frames"": 6, ""threshold"": 2.0}",11.73868788542034,16.053734700535273,4.315046815114933,0.0033387430012226105,3.125234070466831e-05,0.0055903792988193845,1.5225465297698975,0.997446306550882
p257_117.wav,noisy_input,{},6.4467215795039765,6.4467215795039765,0.0,0.024881646037101746,0.0009346671286039054,0.03057232618895568,1.9409525394439697,0.9724672722828857
p257_117.wav,spectral_subtraction,"{""alpha"": 2.0, ""beta"": 0.02, ""noise_frames"": 6}",6.4467215795039765,12.771491905481794,6.324770325977817,0.010639991611242294,0.0002178612194256857,0.014760122608761951,1.9381201267242432,0.9503612207840243
p257_117.wav,wavelet_denoise,"{""mode"": ""soft"", ""threshold_scale"": 1.0, ""wavelet"": ""db4""}",6.4467215795039765,6.505139054251371,0.05841747474739467,0.0247171763330698,0.0009221789659932256,0.030367399723934638,2.391674280166626,0.9608136715479699
p257_117.wav,frequency_masking,"{""mask_floor"": 0.05, ""noise_frames"": 6, ""threshold"": 2.0}",6.4467215795039765,8.906270748773643,2.4595491692696667,0.016730694100260735,0.0005305203376337886,0.0230330271053066,2.3298158645629883,0.9670587018282195
p257_118.wav,noisy_input,{},1.6583339267313892,1.6583339267313892,0.0,0.032578498125076294,0.0016777419950813055,0.040960248962638224,1.6181325912475586,0.9883020791223975
p257_118.wav,spectral_subtraction,"{""alpha"": 2.0, ""beta"": 0.02, ""noise_frames"": 6}",1.6583339267313892,13.739620234154978,12.08128630742359,0.0073518226854503155,0.00010389545059297234,0.010192911781869415,2.270260810852051,0.9613505834418189
p257_118.wav,wavelet_denoise,"{""mode"": ""soft"", ""threshold_scale"": 1.0, ""wavelet"": ""db4""}",1.6583339267313892,1.7232557284703478,0.06492180173895856,0.03231392428278923,0.001652848208323121,0.04065523592752994,1.9576274156570435,0.9670987911983452
p257_118.wav,frequency_masking,"{""mask_floor"": 0.05, ""noise_frames"": 6, ""threshold"": 2.0}",1.6583339267313892,12.22604678425741,10.56771285752602,0.007449814584106207,0.00014721561456099153,0.012133244189456978,2.2904326915740967,0.972928646628626
p257_119.wav,noisy_input,{},16.25723076202677,16.25723076202677,0.0,0.0061331139877438545,6.926270725671202e-05,0.008322421958583452,2.6860110759735107,0.9286373626231099
p257_119.wav,spectral_subtraction,"{""alpha"": 2.0, ""beta"": 0.02, ""noise_frames"": 6}",16.25723076202677,17.783846533595547,1.5266157715687783,0.0055659376084804535,4.8734655138105154e-05,0.00698102106701485,3.052957057952881,0.9305427031136488
p257_119.wav,wavelet_denoise,"{""mode"": ""soft"", ""threshold_scale"": 1.0, ""wavelet"": ""db4""}",16.25723076202677,16.28357741905298,0.02634665702620964,0.006114558316767216,6.884379399707541e-05,0.008297216038953994,3.022563934326172,0.9288258845782952
p257_119.wav,frequency_masking,"{""mask_floor"": 0.05, ""noise_frames"": 6, ""threshold"": 2.0}",16.25723076202677,17.58477577591468,1.3275450138879101,0.005390185862779617,5.102053182781674e-05,0.007142865799370498,2.9173874855041504,0.9317418073620954
p257_120.wav,noisy_input,{},10.05907053918693,10.05907053918693,0.0,0.019183704629540443,0.0005734858568757772,0.023947564737897196,1.1190974712371826,0.870142522268003
p257_120.wav,spectral_subtraction,"{""alpha"": 2.0, ""beta"": 0.02, ""noise_frames"": 6}",10.05907053918693,15.323616594259043,5.264546055072113,0.009811666794121265,0.00017063500126823783,0.013062733300050103,1.461508870124817,0.8571820508259481
p257_120.wav,wavelet_denoise,"{""mode"": ""soft"", ""threshold_scale"": 1.0, ""wavelet"": ""db4""}",10.05907053918693,10.348184412616968,0.289113873430038,0.018509764224290848,0.0005365514080040157,0.023163579343530128,1.1374777555465698,0.8750559440196084
p257_120.wav,frequency_masking,"{""mask_floor"": 0.05, ""noise_frames"": 6, ""threshold"": 2.0}",10.05907053918693,14.860133025027098,4.801062485840168,0.010583567433059216,0.0001898525661090389,0.013778699724902886,1.4057743549346924,0.8656962745827897
p257_121.wav,noisy_input,{},6.598478911704488,6.598478911704488,0.0,0.02342483215034008,0.0009429745841771364,0.030707891236246367,1.290919303894043,0.9328039862988285
p257_121.wav,spectral_subtraction,"{""alpha"": 2.0, ""beta"": 0.02, ""noise_frames"": 6}",6.598478911704488,10.69537662674982,4.096897715045332,0.013138809241354465,0.00036712182918563485,0.019160423512689765,1.7637481689453125,0.9202762181871681
p257_121.wav,wavelet_denoise,"{""mode"": ""soft"", ""threshold_scale"": 1.0, ""wavelet"": ""db4""}",6.598478911704488,6.747209597590315,0.14873068588582683,0.023004421964287758,0.0009112277184613049,0.03018654863447136,1.441010594367981,0.9308904141034624
p257_121.wav,frequency_masking,"{""mask_floor"": 0.05, ""noise_frames"": 6, ""threshold"": 2.0}",6.598478911704488,8.03622305813811,1.437744146433623,0.018464375287294388,0.0006772134220227599,0.026023324576670826,1.5482075214385986,0.9279727627212547
p257_122.wav,noisy_input,{},0.16741570754029644,0.16741570754029644,0.0,0.03874078765511513,0.0029185933526605368,0.05402400718810607,1.085752248764038,0.8741189177582271
p257_122.wav,spectral_subtraction,"{""alpha"": 2.0, ""beta"": 0.02, ""noise_frames"": 6}",0.16741570754029644,6.625301359009517,6.45788565146922,0.014100974425673485,0.0006597585161216557,0.025685764853740595,1.2915104627609253,0.8225931321116556
p257_122.wav,wavelet_denoise,"{""mode"": ""soft"", ""threshold_scale"": 1.0, ""wavelet"": ""db4""}",0.16741570754029644,0.32041340726028794,0.1529976997199915,0.0378112867474556,0.0028175641782581806,0.053080732646207704,1.1181752681732178,0.8800940806686631
p257_122.wav,frequency_masking,"{""mask_floor"": 0.05, ""noise_frames"": 6, ""threshold"": 2.0}",0.16741570754029644,3.187511956878649,3.0200962493383523,0.02088923566043377,0.0014560086419805884,0.03815768129722492,1.1626396179199219,0.8554839648792544
p257_123.wav,noisy_input,{},15.710206952516693,15.710206952516693,0.0,0.007631961721926928,9.21767350519076e-05,0.009600871577721869,3.7422304153442383,0.9981509226691047
p257_123.wav,spectral_subtraction,"{""alpha"": 2.0, ""beta"": 0.02, ""noise_frames"": 6}",15.710206952516693,20.960778576742346,5.250571624225653,0.004083655308932066,2.7514659450389445e-05,0.00524544177838144,3.3286280632019043,0.9920363433730476
p257_123.wav,wavelet_denoise,"{""mode"": ""soft"", ""threshold_scale"": 1.0, ""wavelet"": ""db4""}",15.710206952516693,15.711178415909462,0.0009714633927693228,0.007630675565451384,9.2156114988029e-05,0.009599797653494006,3.7890589237213135,0.9958880544406484
p257_123.wav,frequency_masking,"{""mask_floor"": 0.05, ""noise_frames"": 6, ""threshold"": 2.0}",15.710206952516693,20.185448873778057,4.4752419212613646,0.004336236044764519,3.2892516173888e-05,0.0057351997501297195,3.601574182510376,0.9947490521871676
p257_124.wav,noisy_input,{},10.255401519693708,10.255401519693708,0.0,0.015882741659879684,0.000374127208488062,0.0193423682233604,2.313014030456543,0.9342695953192064
p257_124.wav,spectral_subtraction,"{""alpha"": 2.0, ""beta"": 0.02, ""noise_frames"": 6}",10.255401519693708,15.249636657394042,4.9942351377003344,0.008290438912808895,0.00011846656707348302,0.01088423479503649,2.5399014949798584,0.9281608751386401
p257_124.wav,wavelet_denoise,"{""mode"": ""soft"", ""threshold_scale"": 1.0, ""wavelet"": ""db4""}",10.255401519693708,10.315314424131666,0.05991290443795805,0.015774527564644814,0.00036900141276419163,0.019209409485046427,2.5777690410614014,0.9391515098370101
p257_124.wav,frequency_masking,"{""mask_floor"": 0.05, ""noise_frames"": 6, ""threshold"": 2.0}",10.255401519693708,14.570400279303499,4.314998759609791,0.008447266183793545,0.0001385222130920738,0.011769546001952404,2.502372980117798,0.9388258534166051
p257_125.wav,noisy_input,{},4.95988991067471,4.95988991067471,0.0,0.027307054027915,0.0011399760842323303,0.03376353186845728,1.1791040897369385,0.8055383662329726
p257_125.wav,spectral_subtraction,"{""alpha"": 2.0, ""beta"": 0.02, ""noise_frames"": 6}",4.95988991067471,14.713250749748992,9.753360839074283,0.008293633349239826,0.00012065898044966161,0.01098448817422376,1.7593410015106201,0.7760000701263949
p257_125.wav,wavelet_denoise,"{""mode"": ""soft"", ""threshold_scale"": 1.0, ""wavelet"": ""db4""}",4.95988991067471,5.182762501240083,0.22287259056537234,0.026669833809137344,0.0010829501552507281,0.03290820802247865,1.4633314609527588,0.8036771117364089
p257_125.wav,frequency_masking,"{""mask_floor"": 0.05, ""noise_frames"": 6, ""threshold"": 2.0}",4.95988991067471,10.815647358439204,5.855757447764494,0.011598242446780205,0.0002960192796308547,0.017205210827852552,1.6312928199768066,0.7952780649058604
p257_126.wav,noisy_input,{},0.2209576402689925,0.2209576402689925,0.0,0.03194272890686989,0.0015411871718242764,0.03925795679635246,1.3406277894973755,0.8868874655897286
p257_126.wav,spectral_subtraction,"{""alpha"": 2.0, ""beta"": 0.02, ""noise_frames"": 6}",0.2209576402689925,14.064657530001622,13.84369988973263,0.00565610034391284,6.360414408845827e-05,0.007975220629453349,2.1875336170196533,0.8753122282698232
p257_126.wav,wavelet_denoise,"{""mode"": ""soft"", ""threshold_scale"": 1.0, ""wavelet"": ""db4""}",0.2209576402689925,0.25046178609602543,0.029504145827032924,0.03182954341173172,0.0015307525172829628,0.039124832488880545,1.488875150680542,0.8910076796544404
p257_126.wav,frequency_masking,"{""mask_floor"": 0.05, ""noise_frames"": 6, ""threshold"": 2.0}",0.2209576402689925,5.735437681989333,5.51448004172034,0.013985555619001389,0.00043291973997838795,0.020806723432063683,1.622025966644287,0.8752073305125158
p257_127.wav,noisy_input,{},16.321476110458207,16.321476110458207,0.0,0.0065190671011805534,7.982846000231802e-05,0.008934677386583023,2.235934019088745,0.9496441618656013
p257_127.wav,spectral_subtraction,"{""alpha"": 2.0, ""beta"": 0.02, ""noise_frames"": 6}",16.321476110458207,17.845675099754768,1.5241989892965613,0.0056841373443603516,5.620019874186255e-05,0.007496679180934886,2.300349712371826,0.9261650054294888
p257_127.wav,wavelet_denoise,"{""mode"": ""soft"", ""threshold_scale"": 1.0, ""wavelet"": ""db4""}",16.321476110458207,16.43118757121495,0.10971146075674199,0.006437016651034355,7.783708861097693e-05,0.008822533004244128,2.3558146953582764,0.9490961027519453
p257_127.wav,frequency_masking,"{""mask_floor"": 0.05, ""noise_frames"": 6, ""threshold"": 2.0}",16.321476110458207,18.797514529020198,2.4760384185619913,0.004874008242040873,4.513920430326834e-05,0.006718571596944424,2.525723934173584,0.9413456598970639
p257_128.wav,noisy_input,{},11.325621259285324,11.325621259285324,0.0,0.010446206666529179,0.00018184789223596454,0.013485098896039455,1.6675300598144531,0.9504210930048986
p257_128.wav,spectral_subtraction,"{""alpha"": 2.0, ""beta"": 0.02, ""noise_frames"": 6}",11.325621259285324,16.201070314667177,4.8754490553818535,0.0060126581229269505,5.917841917835176e-05,0.00769275107996819,2.1188905239105225,0.9451368944382332
p257_128.wav,wavelet_denoise,"{""mode"": ""soft"", ""threshold_scale"": 1.0, ""wavelet"": ""db4""}",11.325621259285324,11.512788434569671,0.18716717528434756,0.010191334411501884,0.00017417730123270303,0.013197624833003211,1.8088982105255127,0.9499941842169843
p257_128.wav,frequency_masking,"{""mask_floor"": 0.05, ""noise_frames"": 6, ""threshold"": 2.0}",11.325621259285324,15.955063133948153,4.629441874662829,0.006018415093421936,6.262735405471176e-05,0.007913744629106486,2.026008129119873,0.9504896111679602
p257_129.wav,noisy_input,{},6.286415388529569,6.286415388529569,0.0,0.02316512167453766,0.0008581948350183666,0.029294962621897413,1.1741549968719482,0.742058517582321
p257_129.wav,spectral_subtraction,"{""alpha"": 2.0, ""beta"": 0.02, ""noise_frames"": 6}",6.286415388529569,10.709832819677542,4.423417431147973,0.012832460924983025,0.00030991609673947096,0.017604434007927404,1.4242782592773438,0.7213852623063066
p257_129.wav,wavelet_denoise,"{""mode"": ""soft"", ""threshold_scale"": 1.0, ""wavelet"": ""db4""}",6.286415388529569,6.77761827204662,0.491202883517051,0.02189692296087742,0.000766417826525867,0.027684252320152463,1.2077690362930298,0.7497483277837126
p257_129.wav,frequency_masking,"{""mask_floor"": 0.05, ""noise_frames"": 6, ""threshold"": 2.0}",6.286415388529569,9.607193941405361,3.320778552875792,0.015189002268016338,0.0003994919534306973,0.019987294800214894,1.3659017086029053,0.7366660134096239
p257_130.wav,noisy_input,{},1.1424340676572573,1.1424340676572573,0.0,0.029023921117186546,0.0014351215213537216,0.03788299778731511,1.0976606607437134,0.7565596628719627
p257_130.wav,spectral_subtraction,"{""alpha"": 2.0, ""beta"": 0.02, ""noise_frames"": 6}",1.1424340676572573,6.39024502693297,5.2478109592757125,0.014606541022658348,0.00042865469004027545,0.020703977638132132,1.183382272720337,0.7312769885149646
p257_130.wav,wavelet_denoise,"{""mode"": ""soft"", ""threshold_scale"": 1.0, ""wavelet"": ""db4""}",1.1424340676572573,1.7241752896872018,0.5817412220299445,0.02691720984876156,0.0012552046682685614,0.03542886772490142,1.1271893978118896,0.7699947293389271
p257_130.wav,frequency_masking,"{""mask_floor"": 0.05, ""noise_frames"": 6, ""threshold"": 2.0}",1.1424340676572573,4.196389782186814,3.0539557145295566,0.01911013014614582,0.000710383930709213,0.02665302854666263,1.1487985849380493,0.7518772169085681
p257_131.wav,noisy_input,{},15.105531326048173,15.105531326048173,0.0,0.01145784929394722,0.0002003497793339193,0.014154496788438622,2.3747329711914062,0.9499125043105321
p257_131.wav,spectral_subtraction,"{""alpha"": 2.0, ""beta"": 0.02, ""noise_frames"": 6}",15.105531326048173,17.57636146010512,2.4708301340569463,0.007993214763700962,0.00011342423385940492,0.010650081401538907,2.5252301692962646,0.9441700954601042
p257_131.wav,wavelet_denoise,"{""mode"": ""soft"", ""threshold_scale"": 1.0, ""wavelet"": ""db4""}",15.105531326048173,15.46426454529832,0.3587332192501478,0.010957772843539715,0.0001844656653702259,0.013581813773212542,2.0565130710601807,0.9307403573859888
p257_131.wav,frequency_masking,"{""mask_floor"": 0.05, ""noise_frames"": 6, ""threshold"": 2.0}",15.105531326048173,19.700604066981327,4.595072740933155,0.006593617144972086,6.9547510065604e-05,0.008339514977839179,2.5319013595581055,0.9484247431032917
p257_132.wav,noisy_input,{},11.394172557658791,11.394172557658791,0.0,0.010504569858312607,0.00017167418263852596,0.013102449490020023,1.2197892665863037,0.9491139884752158
p257_132.wav,spectral_subtraction,"{""alpha"": 2.0, ""beta"": 0.02, ""noise_frames"": 6}",11.394172557658791,17.88341647183926,6.48924391418047,0.004603943787515163,3.8528367440449074e-05,0.006207122315570161,2.2112770080566406,0.945302660236842
p257_132.wav,wavelet_denoise,"{""mode"": ""soft"", ""threshold_scale"": 1.0, ""wavelet"": ""db4""}",11.394172557658791,11.789003048266283,0.3948304906074913,0.01001070812344551,0.00015675519534852356,0.012520191506064256,1.3951797485351562,0.916446640721052
p257_132.wav,frequency_masking,"{""mask_floor"": 0.05, ""noise_frames"": 6, ""threshold"": 2.0}",11.394172557658791,14.460419749932182,3.0662471922733907,0.006776612717658281,8.473840716760606e-05,0.009205346662000626,2.314734697341919,0.9490405831056962
p257_133.wav,noisy_input,{},5.740962229455237,5.740962229455237,0.0,0.025828391313552856,0.0010366903152316809,0.032197675618461666,1.205708384513855,0.894607580986642
p257_133.wav,spectral_subtraction,"{""alpha"": 2.0, ""beta"": 0.02, ""noise_frames"": 6}",5.740962229455237,10.995250410897881,5.254288181442645,0.011495206505060196,0.00030918625998310745,0.01758369301321845,1.9099797010421753,0.8811308888426594
p257_133.wav,wavelet_denoise,"{""mode"": ""soft"", ""threshold_scale"": 1.0, ""wavelet"": ""db4""}",5.740962229455237,6.291110054747275,0.5501478252920382,0.024266116321086884,0.0009133436833508313,0.03022157645376613,1.2055633068084717,0.8345469067809408
p257_133.wav,frequency_masking,"{""mask_floor"": 0.05, ""noise_frames"": 6, ""threshold"": 2.0}",5.740962229455237,13.719904364328476,7.97894213487324,0.009521021507680416,0.0001651029451750219,0.012849239089339956,1.9335955381393433,0.9016207565212984
p257_135.wav,noisy_input,{},1.5023986980307145,1.5023986980307145,0.0,0.02916337363421917,0.001393248443491757,0.037326243361631734,1.1492184400558472,0.8938097615290588
p257_135.wav,spectral_subtraction,"{""alpha"": 2.0, ""beta"": 0.02, ""noise_frames"": 6}",1.5023986980307145,9.141957216879913,7.639558518849198,0.011040925048291683,0.00023992345086298883,0.015489462575021408,1.2487406730651855,0.8896479862282458
p257_135.wav,wavelet_denoise,"{""mode"": ""soft"", ""threshold_scale"": 1.0, ""wavelet"": ""db4""}",1.5023986980307145,2.138461250289885,0.6360625522591707,0.027039870619773865,0.0012034340761601925,0.03469054736034288,1.1518380641937256,0.838264246231634
p257_135.wav,frequency_masking,"{""mask_floor"": 0.05, ""noise_frames"": 6, ""threshold"": 2.0}",1.5023986980307145,5.946945673730878,4.444546975700163,0.015982268378138542,0.0005006957217119634,0.02237623117756794,1.2519797086715698,0.8961090284262283
p257_136.wav,noisy_input,{},16.030062834331357,16.030062834331357,0.0,0.006837081629782915,7.150522287702188e-05,0.008456076092196774,3.5246596336364746,0.9956766270444973
p257_136.wav,spectral_subtraction,"{""alpha"": 2.0, ""beta"": 0.02, ""noise_frames"": 6}",16.030062834331357,19.55928150500171,3.529218670670353,0.004472150932997465,3.1726041925139725e-05,0.00563258749822315,3.6572139263153076,0.989957492044349
p257_136.wav,wavelet_denoise,"{""mode"": ""soft"", ""threshold_scale"": 1.0, ""wavelet"": ""db4""}",16.030062834331357,15.955146150404627,-0.07491668392673034,0.006916675250977278,7.274940435308963e-05,0.008529326137104245,3.7114639282226562,0.9915729770071637
p257_136.wav,frequency_masking,"{""mask_floor"": 0.05, ""noise_frames"": 6, ""threshold"": 2.0}",16.030062834331357,19.901205270094444,3.871142435763087,0.004322641994804144,2.9324020943022333e-05,0.0054151658278415015,3.6687772274017334,0.9860873254104533
p257_137.wav,noisy_input,{},10.86037780603066,10.86037780603066,0.0,0.013957616873085499,0.0002786059048958123,0.016691491991305398,2.287268877029419,0.9375656651306787
p257_137.wav,spectral_subtraction,"{""alpha"": 2.0, ""beta"": 0.02, ""noise_frames"": 6}",10.86037780603066,16.77800324978787,5.917625443757208,0.006572645623236895,7.132269820431247e-05,0.008445276680151603,2.409743309020996,0.9180889823953484
p257_137.wav,wavelet_denoise,"{""mode"": ""soft"", ""threshold_scale"": 1.0, ""wavelet"": ""db4""}",10.86037780603066,10.906682947517934,0.046305141487273715,0.013868458569049835,0.0002756511385086924,0.016602744908860472,2.7958109378814697,0.9460005355546962
p257_137.wav,frequency_masking,"{""mask_floor"": 0.05, ""noise_frames"": 6, ""threshold"": 2.0}",10.86037780603066,18.247697730705,7.387319924674339,0.005628562998026609,5.084617805550806e-05,0.007130650605345073,2.5846810340881348,0.9193776683722065
p257_138.wav,noisy_input,{},5.7462525369053115,5.7462525369053115,0.0,0.026199590414762497,0.0011206207564100623,0.03347567409941228,1.3238815069198608,0.9401003366849338
p257_138.wav,spectral_subtraction,"{""alpha"": 2.0, ""beta"": 0.02, ""noise_frames"": 6}",5.7462525369053115,13.403881183163621,7.65762864625831,0.008481071330606937,0.0001921745133586228,0.013862702238691517,2.8522274494171143,0.9414910115665034
p257_138.wav,wavelet_denoise,"{""mode"": ""soft"", ""threshold_scale"": 1.0, ""wavelet"": ""db4""}",5.7462525369053115,5.792803403092872,0.04655086618756066,0.025947783142328262,0.0011086732847616076,0.033296745858440994,1.8376383781433105,0.9317859118483011
p257_138.wav,frequency_masking,"{""mask_floor"": 0.05, ""noise_frames"": 6, ""threshold"": 2.0}",5.7462525369053115,8.814113376530146,3.067860839624835,0.014585824683308601,0.0005529330810531974,0.023514529148022448,2.500556468963623,0.9420248549146312
p257_139.wav,noisy_input,{},0.08670372570978767,0.08670372570978767,0.0,0.05533435195684433,0.0046447752974927425,0.06815258834037591,1.189675211906433,0.8244066928528238
p257_139.wav,spectral_subtraction,"{""alpha"": 2.0, ""beta"": 0.02, ""noise_frames"": 6}",0.08670372570978767,15.376907003376676,15.290203277666889,0.008695511147379875,0.0001373866107314825,0.011721203467711092,1.8981215953826904,0.7904852266173623
p257_139.wav,wavelet_denoise,"{""mode"": ""soft"", ""threshold_scale"": 1.0, ""wavelet"": ""db4""}",0.08670372570978767,0.19387952636326786,0.10717580065348019,0.05473585054278374,0.0045315539464354515,0.06731681770876763,1.3733165264129639,0.7885987834522673
p257_139.wav,frequency_masking,"{""mask_floor"": 0.05, ""noise_frames"": 6, ""threshold"": 2.0}",0.08670372570978767,7.325331752589888,7.2386280268801,0.018878575414419174,0.0008772066794335842,0.02961767511864468,1.5291306972503662,0.8119441995922183
p257_140.wav,noisy_input,{},15.51530835790506,15.51530835790506,0.0,0.00718193594366312,8.085664012469351e-05,0.008992032035346266,1.8408668041229248,0.8319209447748206
p257_140.wav,spectral_subtraction,"{""alpha"": 2.0, ""beta"": 0.02, ""noise_frames"": 6}",15.51530835790506,15.237816668922965,-0.277491688982094,0.0074217296205461025,8.619158325018361e-05,0.009283942225702592,2.012474775314331,0.8333039633563989
p257_140.wav,wavelet_denoise,"{""mode"": ""soft"", ""threshold_scale"": 1.0, ""wavelet"": ""db4""}",15.51530835790506,15.705943525304097,0.1906351673990372,0.007012549787759781,7.738417480140924e-05,0.008796827541870379,2.026291847229004,0.8381622866663474
p257_140.wav,frequency_masking,"{""mask_floor"": 0.05, ""noise_frames"": 6, ""threshold"": 2.0}",15.51530835790506,16.363230924563993,0.8479225666589336,0.006604411639273167,6.651558942394331e-05,0.008155709008047265,2.14650821685791,0.8386440852701106
p257_141.wav,noisy_input,{},10.954238760120344,10.954238760120344,0.0,0.013760904781520367,0.00029923487454652786,0.0172984067054318,1.4766687154769897,0.9518382197086747
p257_141.wav,spectral_subtraction,"{""alpha"": 2.0, ""beta"": 0.02, ""noise_frames"": 6}",10.954238760120344,18.173337604357037,7.219098844236694,0.005780370905995369,5.676783621311188e-05,0.0075344433246997,2.7147138118743896,0.9516145628508641
p257_141.wav,wavelet_denoise,"{""mode"": ""soft"", ""threshold_scale"": 1.0, ""wavelet"": ""db4""}",10.954238760120344,11.06975950771959,0.11552074759924658,0.013566195033490658,0.00029138027457520366,0.017069864515431975,1.6202096939086914,0.9486323498630389
p257_141.wav,frequency_masking,"{""mask_floor"": 0.05, ""noise_frames"": 6, ""threshold"": 2.0}",10.954238760120344,15.22487245804037,4.270633697920026,0.007742628920823336,0.0001119306034524925,0.01057972605753535,1.6415767669677734,0.9599275725687756
p257_142.wav,noisy_input,{},6.469996718269262,6.469996718269262,0.0,0.025999244302511215,0.0011040562530979514,0.03322734195053753,1.2053155899047852,0.9075906252637812
p257_142.wav,spectral_subtraction,"{""alpha"": 2.0, ""beta"": 0.02, ""noise_frames"": 6}",6.469996718269262,16.23414393894382,9.764147220674559,0.008377088233828545,0.00011656723654596135,0.010796630796038242,1.9790146350860596,0.8893343667324408
p257_142.wav,wavelet_denoise,"{""mode"": ""soft"", ""threshold_scale"": 1.0, ""wavelet"": ""db4""}",6.469996718269262,6.586391135930678,0.11639441766141623,0.025635959580540657,0.0010748596396297216,0.032785052076056274,1.303865671157837,0.9067251017496493
p257_142.wav,frequency_masking,"{""mask_floor"": 0.05, ""noise_frames"": 6, ""threshold"": 2.0}",6.469996718269262,14.500548058092456,8.030551339823194,0.009183848276734352,0.00017375450988765806,0.013181597395143657,1.6743441820144653,0.9004271451389975
p257_143.wav,noisy_input,{},1.2591263069167404,1.2591263069167404,0.0,0.060914263129234314,0.005884998477995396,0.0767137437360177,1.0678133964538574,0.7576429858455468
p257_143.wav,spectral_subtraction,"{""alpha"": 2.0, ""beta"": 0.02, ""noise_frames"": 6}",1.2591263069167404,9.905904679387799,8.646778372471058,0.02053935080766678,0.0008036529179662466,0.02834877277707532,1.1506456136703491,0.7698903284381948
p257_143.wav,wavelet_denoise,"{""mode"": ""soft"", ""threshold_scale"": 1.0, ""wavelet"": ""db4""}",1.2591263069167404,1.5266132825170988,0.2674869756003584,0.058969806879758835,0.005533471237868071,0.0743873056231241,1.0953885316848755,0.7756657916124312
p257_143.wav,frequency_masking,"{""mask_floor"": 0.05, ""noise_frames"": 6, ""threshold"": 2.0}",1.2591263069167404,6.889634418452887,5.630508111536146,0.028592633083462715,0.0016095169121399522,0.04011878502821281,1.11126708984375,0.7689610481185023
p257_144.wav,noisy_input,{},17.07402526682855,17.07402526682855,0.0,0.005928803700953722,6.116677832324058e-05,0.007820919276097956,3.546312093734741,0.9966798755687292
p257_144.wav,spectral_subtraction,"{""alpha"": 2.0, ""beta"": 0.02, ""noise_frames"": 6}",17.07402526682855,17.002125888379634,-0.07189937844891503,0.006350063718855381,6.218784983502701e-05,0.00788592732879444,3.292297840118408,0.9901250644544618
p257_144.wav,wavelet_denoise,"{""mode"": ""soft"", ""threshold_scale"": 1.0, ""wavelet"": ""db4""}",17.07402526682855,16.893142877234627,-0.180882389593922,0.006114015821367502,6.376815144903958e-05,0.007985496318265983,3.956733226776123,0.9890892408491502
p257_144.wav,frequency_masking,"{""mask_floor"": 0.05, ""noise_frames"": 6, ""threshold"": 2.0}",17.07402526682855,18.19781171662415,1.1237864497956025,0.005278272554278374,4.722119410871528e-05,0.006871767902709992,3.5316085815429688,0.9948081634977732
p257_145.wav,noisy_input,{},11.980098455812687,11.980098455812687,0.0,0.012322678230702877,0.00025391147937625647,0.015934600069542268,2.3979766368865967,0.9745963444971464
p257_145.wav,spectral_subtraction,"{""alpha"": 2.0, ""beta"": 0.02, ""noise_frames"": 6}",11.980098455812687,15.535303824037474,3.5552053682247866,0.008289437741041183,0.00011198550782864913,0.010582320531369722,3.1160876750946045,0.966429488235442
p257_145.wav,wavelet_denoise,"{""mode"": ""soft"", ""threshold_scale"": 1.0, ""wavelet"": ""db4""}",11.980098455812687,12.00686133739493,0.02676288158224338,0.012277046218514442,0.0002523516013752669,0.015885578408583897,2.4915382862091064,0.9711251547713423
p257_145.wav,frequency_masking,"{""mask_floor"": 0.05, ""noise_frames"": 6, ""threshold"": 2.0}",11.980098455812687,15.776143885230642,3.796045429417955,0.008107722736895084,0.00010594435298116878,0.010292927328081588,3.1599504947662354,0.9731453899795538
p257_146.wav,noisy_input,{},6.061036077397429,6.061036077397429,0.0,0.02134459838271141,0.0007137340726330876,0.02671580192756878,1.5584689378738403,0.9368458937161863
p257_146.wav,spectral_subtraction,"{""alpha"": 2.0, ""beta"": 0.02, ""noise_frames"": 6}",6.061036077397429,14.468694270502983,8.407658193105554,0.007613736670464277,0.00010298420238541439,0.010148113242638476,2.0830986499786377,0.9323058501897941
p257_146.wav,wavelet_denoise,"{""mode"": ""soft"", ""threshold_scale"": 1.0, ""wavelet"": ""db4""}",6.061036077397429,6.153167338651024,0.09213126125359583,0.021083366125822067,0.0006987523520365357,0.026433924264787773,1.6982892751693726,0.9419399213220434
p257_146.wav,frequency_masking,"{""mask_floor"": 0.05, ""noise_frames"": 6, ""threshold"": 2.0}",6.061036077397429,9.64571892820976,3.5846828508123316,0.012666511349380016,0.0003126569790765643,0.017682109010990862,1.7793605327606201,0.9371884317350967
p257_147.wav,noisy_input,{},1.7424709313650122,1.7424709313650122,0.0,0.02537761628627777,0.0015737501671537757,0.03967052012708903,1.4422060251235962,0.944736916343229
p257_147.wav,spectral_subtraction,"{""alpha"": 2.0, ""beta"": 0.02, ""noise_frames"": 6}",1.7424709313650122,5.084241079721722,3.34177014835671,0.013042395934462547,0.000729052466340363,0.02700097158141468,1.5472170114517212,0.9436113813558934
p257_147.wav,wavelet_denoise,"{""mode"": ""soft"", ""threshold_scale"": 1.0, ""wavelet"": ""db4""}",1.7424709313650122,1.7918237854790409,0.04935285411402868,0.025158822536468506,0.0015559674939140677,0.039445753813485016,1.6046150922775269,0.9455562142754216
p257_147.wav,frequency_masking,"{""mask_floor"": 0.05, ""noise_frames"": 6, ""threshold"": 2.0}",1.7424709313650122,2.97314128616659,1.2306703548015778,0.017131198197603226,0.0011854104232043028,0.03442978976416067,1.4627312421798706,0.9446789335972158
p257_148.wav,noisy_input,{},16.469641172742683,16.469641172742683,0.0,0.0062046777456998825,7.593612826894969e-05,0.008714133822070308,2.6037771701812744,0.9721495939182656
p257_148.wav,spectral_subtraction,"{""alpha"": 2.0, ""beta"": 0.02, ""noise_frames"": 6}",16.469641172742683,15.331379665547365,-1.1382615071953186,0.007985674776136875,9.869033237919211e-05,0.009934300799713693,2.3589043617248535,0.9761945753806519
p257_148.wav,wavelet_denoise,"{""mode"": ""soft"", ""threshold_scale"": 1.0, ""wavelet"": ""db4""}",16.469641172742683,16.46922925107087,-0.0004119216718123653,0.006261217407882214,7.594333146698773e-05,0.008714547117721478,2.724295139312744,0.9718267625346163
p257_148.wav,frequency_masking,"{""mask_floor"": 0.05, ""noise_frames"": 6, ""threshold"": 2.0}",16.469641172742683,16.791480851917893,0.32183967917520917,0.006638609804213047,7.05122365616262e-05,0.008397156456898144,2.4851527214050293,0.9768011653965838
p257_149.wav,noisy_input,{},11.138831709586443,11.138831709586443,0.0,0.009989086538553238,0.00016678788233548403,0.012914638296734603,1.100401759147644,0.9069877463849998
p257_149.wav,spectral_subtraction,"{""alpha"": 2.0, ""beta"": 0.02, ""noise_frames"": 6}",11.138831709586443,14.41811597344005,3.279284263853608,0.006366273388266563,7.83855575718917e-05,0.008853561857912988,1.8646037578582764,0.8837945661845514
p257_149.wav,wavelet_denoise,"{""mode"": ""soft"", ""threshold_scale"": 1.0, ""wavelet"": ""db4""}",11.138831709586443,11.493829699186488,0.35499798960004547,0.009561041370034218,0.00015369674656540155,0.012397449195919358,1.137536883354187,0.9124209803659354
p257_149.wav,frequency_masking,"{""mask_floor"": 0.05, ""noise_frames"": 6, ""threshold"": 2.0}",11.138831709586443,13.533358088074483,2.39452637848804,0.007148268632590771,9.609744301997125e-05,0.009802930328221824,1.2186288833618164,0.9003624245590115
p257_150.wav,noisy_input,{},5.958982386468489,5.958982386468489,0.0,0.026158759370446205,0.0011327310930937529,0.033656070672224245,1.0713167190551758,0.8141708025062032
p257_150.wav,spectral_subtraction,"{""alpha"": 2.0, ""beta"": 0.02, ""noise_frames"": 6}",5.958982386468489,9.278468421393466,3.319486034924977,0.016454335302114487,0.0005274462164379656,0.022966197256793854,1.120736837387085,0.7943255969308464
p257_150.wav,wavelet_denoise,"{""mode"": ""soft"", ""threshold_scale"": 1.0, ""wavelet"": ""db4""}",5.958982386468489,6.528279445334489,0.5692970588659998,0.024403627961874008,0.000993566820397973,0.0315208949809166,1.086239218711853,0.8159814376626235
p257_150.wav,frequency_masking,"{""mask_floor"": 0.05, ""noise_frames"": 6, ""threshold"": 2.0}",5.958982386468489,8.113311174065341,2.154328787596852,0.01954151690006256,0.0006897535058669746,0.026263158718382956,1.1025652885437012,0.813470501117947
p257_151.wav,noisy_input,{},1.1328048115867353,1.1328048115867353,0.0,0.050169430673122406,0.004455608315765858,0.06675034318837512,1.0361559391021729,0.672107629226727
p257_151.wav,spectral_subtraction,"{""alpha"": 2.0, ""beta"": 0.02, ""noise_frames"": 6}",1.1328048115867353,5.783976221878328,4.651171410291592,0.02535882405936718,0.0015268271090462804,0.03907463511085267,1.1338095664978027,0.5994389034693431
p257_151.wav,wavelet_denoise,"{""mode"": ""soft"", ""threshold_scale"": 1.0, ""wavelet"": ""db4""}",1.1328048115867353,2.0961823553723176,0.9633775437855823,0.04467294365167618,0.003569186432287097,0.059742668439626105,1.0411347150802612,0.6669658499174002
p257_151.wav,frequency_masking,"{""mask_floor"": 0.05, ""noise_frames"": 6, ""threshold"": 2.0}",1.1328048115867353,5.775322239822673,4.642517428235937,0.027581680566072464,0.001529872533865273,0.03911358502956835,1.1102290153503418,0.6452051024616581
p257_152.wav,noisy_input,{},15.509156461279762,15.509156461279762,0.0,0.00872599147260189,0.00012126086949137971,0.011011851319890752,1.2654434442520142,0.9002279595782625
p257_152.wav,spectral_subtraction,"{""alpha"": 2.0, ""beta"": 0.02, ""noise_frames"": 6}",15.509156461279762,18.360086348573386,2.850929887293624,0.006270839367061853,6.289667362580076e-05,0.007930742312406876,2.6626124382019043,0.9171811550435548
p257_152.wav,wavelet_denoise,"{""mode"": ""soft"", ""threshold_scale"": 1.0, ""wavelet"": ""db4""}",15.509156461279762,15.711046070891477,0.20188960961171531,0.008603285998106003,0.00011575286043807864,0.010758850330684903,2.2658531665802,0.8804507697693796
p257_152.wav,frequency_masking,"{""mask_floor"": 0.05, ""noise_frames"": 6, ""threshold"": 2.0}",15.509156461279762,18.121109518599983,2.611953057320221,0.006384050007909536,6.645465327892452e-05,0.008151972355137408,2.6528007984161377,0.9050068352202962
p257_153.wav,noisy_input,{},10.773376943286543,10.773376943286543,0.0,0.01511673629283905,0.00035970727913081646,0.018965950520098286,1.4753752946853638,0.9428959826521354
p257_153.wav,spectral_subtraction,"{""alpha"": 2.0, ""beta"": 0.02, ""noise_frames"": 6}",10.773376943286543,14.859007673921118,4.085630730634575,0.008956358768045902,0.00014040616224519908,0.011849310623205008,2.055543899536133,0.929620729317566
p257_153.wav,wavelet_denoise,"{""mode"": ""soft"", ""threshold_scale"": 1.0, ""wavelet"": ""db4""}",10.773376943286543,11.260003830100839,0.486626886814296,0.014297403395175934,0.00032157814712263644,0.01793260012163982,1.519866943359375,0.9209394015288488
p257_153.wav,frequency_masking,"{""mask_floor"": 0.05, ""noise_frames"": 6, ""threshold"": 2.0}",10.773376943286543,14.058338060485859,3.284961117199316,0.009982618503272533,0.0001688313641352579,0.012993512386389522,2.0144033432006836,0.9365623637535125
p257_154.wav,noisy_input,{},6.387267193992308,6.387267193992308,0.0,0.0219224002212286,0.0007863822975195944,0.02804250875937448,1.1265071630477905,0.8672601920399612
p257_154.wav,spectral_subtraction,"{""alpha"": 2.0, ""beta"": 0.02, ""noise_frames"": 6}",6.387267193992308,9.877926570913854,3.4906593769215455,0.013891767710447311,0.00035202037543058395,0.01876220603848556,1.260298728942871,0.8644639363802997
p257_154.wav,wavelet_denoise,"{""mode"": ""soft"", ""threshold_scale"": 1.0, ""wavelet"": ""db4""}",6.387267193992308,8.29841436157353,1.9111471675812215,0.0177407655864954,0.0005064295255579054,0.022503989103221354,1.2508634328842163,0.8661891850535766
p257_154.wav,frequency_masking,"{""mask_floor"": 0.05, ""noise_frames"": 6, ""threshold"": 2.0}",6.387267193992308,8.175428077349348,1.7881608833570404,0.0173586905002594,0.0005209759110584855,0.022824896737082635,1.1909043788909912,0.8708651704370491
p257_155.wav,noisy_input,{},0.6447888932542403,0.6447888932542403,0.0,0.036504704505205154,0.002086765831336379,0.0456811321153097,1.1128889322280884,0.8763790471657451
p257_155.wav,spectral_subtraction,"{""alpha"": 2.0, ""beta"": 0.02, ""noise_frames"": 6}",0.6447888932542403,6.617140673197931,5.972351779943691,0.016800593584775925,0.0005275194998830557,0.022967792664578275,1.1356189250946045,0.864845930477116
p257_155.wav,wavelet_denoise,"{""mode"": ""soft"", ""threshold_scale"": 1.0, ""wavelet"": ""db4""}",0.6447888932542403,1.3122154612729942,0.6674265680187539,0.03369678556919098,0.0017894972115755081,0.04230244923849573,1.1591778993606567,0.7968574773022026
p257_155.wav,frequency_masking,"{""mask_floor"": 0.05, ""noise_frames"": 6, ""threshold"": 2.0}",0.6447888932542403,3.1182637223566116,2.473474829102371,0.02610340341925621,0.0011806637048721313,0.03436078731449749,1.1418259143829346,0.8764420401852789
p257_156.wav,noisy_input,{},15.924208333039418,15.924208333039418,0.0,0.005455866456031799,4.821878974325955e-05,0.0069439750678742754,3.531496047973633,0.9983981387616546
p257_156.wav,spectral_subtraction,"{""alpha"": 2.0, ""beta"": 0.02, ""noise_frames"": 6}",15.924208333039418,20.225172763052065,4.300964430012646,0.0033357511274516582,1.7911001123138703e-05,0.004232139071809751,3.697819948196411,0.994248625243869
p257_156.wav,wavelet_denoise,"{""mode"": ""soft"", ""threshold_scale"": 1.0, ""wavelet"": ""db4""}",15.924208333039418,15.839308320216404,-0.08490001282301485,0.0055314404889941216,4.9170692363986745e-05,0.007012181712134016,3.887523651123047,0.9813358639426111
p257_156.wav,frequency_masking,"{""mask_floor"": 0.05, ""noise_frames"": 6, ""threshold"": 2.0}",15.924208333039418,18.158571080020547,2.2343627469811285,0.003974738530814648,2.882571061491035e-05,0.005368958056728545,3.751718282699585,0.9974178307827024
p257_157.wav,noisy_input,{},11.533835528195597,11.533835528195597,0.0,0.012085335329174995,0.00024432726786471903,0.015630971430615533,2.9717648029327393,0.9891374551336409
p257_157.wav,spectral_subtraction,"{""alpha"": 2.0, ""beta"": 0.02, ""noise_frames"": 6}",11.533835528195597,19.72342569743891,8.189590169243312,0.00464734947308898,3.7069177778903395e-05,0.006088446253265557,3.4054858684539795,0.9890609358432855
p257_157.wav,wavelet_denoise,"{""mode"": ""soft"", ""threshold_scale"": 1.0, ""wavelet"": ""db4""}",11.533835528195597,11.541482457843506,0.007646929647908252,0.012089710682630539,0.00024389744794461876,0.015617216395523844,3.2196128368377686,0.9801894767719086
p257_157.wav,frequency_masking,"{""mask_floor"": 0.05, ""noise_frames"": 6, ""threshold"": 2.0}",11.533835528195597,15.551083735013936,4.017248206818339,0.00673994654789567,9.688289719633758e-05,0.009842911012314272,3.2412514686584473,0.9896402293437215
p257_158.wav,noisy_input,{},4.95276655172701,4.95276655172701,0.0,0.033516112715005875,0.0017765015363693237,0.04214856505706124,2.2827842235565186,0.9384641014547479
p257_158.wav,spectral_subtraction,"{""alpha"": 2.0, ""beta"": 0.02, ""noise_frames"": 6}",4.95276655172701,10.209891665878096,5.257125114151086,0.014897681772708893,0.0005294842994771898,0.023010525840953523,3.011967182159424,0.9526865839885628
p257_158.wav,wavelet_denoise,"{""mode"": ""soft"", ""threshold_scale"": 1.0, ""wavelet"": ""db4""}",4.95276655172701,5.017391855358544,0.06462530363153363,0.03320608660578728,0.00175026198849082,0.041836132570910754,2.4623327255249023,0.8853764805910203
p257_158.wav,frequency_masking,"{""mask_floor"": 0.05, ""noise_frames"": 6, ""threshold"": 2.0}",4.95276655172701,6.937427098163678,1.9846605464366673,0.02348335273563862,0.0011248626979067922,0.033538972821283486,2.821836233139038,0.94468275198784
p257_159.wav,noisy_input,{},0.46664624497114177,0.46664624497114177,0.0,0.055564746260643005,0.0049418178386986256,0.07029806425996825,1.466478943824768,0.9058725635815866
p257_159.wav,spectral_subtraction,"{""alpha"": 2.0, ""beta"": 0.02, ""noise_frames"": 6}",0.46664624497114177,4.376307825318598,3.909661580347456,0.03144039958715439,0.0020087254233658314,0.044818806581231406,1.913459062576294,0.8923325776883095
p257_159.wav,wavelet_denoise,"{""mode"": ""soft"", ""threshold_scale"": 1.0, ""wavelet"": ""db4""}",0.46664624497114177,0.5528373410547148,0.08619109608357306,0.055030856281518936,0.004844707902520895,0.06960393597003617,1.839300513267517,0.8940014228300878
p257_159.wav,frequency_masking,"{""mask_floor"": 0.05, ""noise_frames"": 6, ""threshold"": 2.0}",0.46664624497114177,1.464851076959125,0.9982048319879833,0.046197496354579926,0.003927048295736313,0.06266616547816144,1.6570805311203003,0.9046080800061023
p257_160.wav,noisy_input,{},16.57366770828945,16.57366770828945,0.0,0.007328464649617672,8.800471550785005e-05,0.009381082853692853,1.3167628049850464,0.9585475926179771
p257_160.wav,spectral_subtraction,"{""alpha"": 2.0, ""beta"": 0.02, ""noise_frames"": 6}",16.57366770828945,17.898792976131755,1.3251252678423064,0.006365993991494179,6.486246275017038e-05,0.008053723533259035,2.6114583015441895,0.9596459792148208
p257_160.wav,wavelet_denoise,"{""mode"": ""soft"", ""threshold_scale"": 1.0, ""wavelet"": ""db4""}",16.57366770828945,16.615345671126015,0.041677962836565996,0.007290732115507126,8.71642041602172e-05,0.00933617717056704,1.4801779985427856,0.9610893565668484
p257_160.wav,frequency_masking,"{""mask_floor"": 0.05, ""noise_frames"": 6, ""threshold"": 2.0}",16.57366770828945,18.91804214762345,2.3443744393340005,0.00556519627571106,5.129422788741067e-05,0.007161998875133301,1.4262943267822266,0.9616630255724586
p257_161.wav,noisy_input,{},10.648526014675161,10.648526014675161,0.0,0.012084823101758957,0.00034145801328122616,0.018478582556062738,1.5954182147979736,0.9535594139831141
p257_161.wav,spectral_subtraction,"{""alpha"": 2.0, ""beta"": 0.02, ""noise_frames"": 6}",10.648526014675161,12.226252236687984,1.5777262220128225,0.009566877968609333,0.000237445899983868,0.01540927967115491,2.0933876037597656,0.9540031512411915
p257_161.wav,wavelet_denoise,"{""mode"": ""soft"", ""threshold_scale"": 1.0, ""wavelet"": ""db4""}",10.648526014675161,10.679806110044956,0.03128009536979448,0.012030568905174732,0.00033900749986059964,0.018412156306652397,1.8296983242034912,0.9542285259112417
p257_161.wav,frequency_masking,"{""mask_floor"": 0.05, ""noise_frames"": 6, ""threshold"": 2.0}",10.648526014675161,11.055622599827142,0.4070965851519812,0.011120086535811424,0.0003109049575868994,0.017632497202237106,1.9358363151550293,0.9576466829167362
p257_162.wav,noisy_input,{},6.484086926331106,6.484086926331106,0.0,0.022818638011813164,0.0008630274678580463,0.029377329147797733,1.1812021732330322,0.9330787338113529
p257_162.wav,spectral_subtraction,"{""alpha"": 2.0, ""beta"": 0.02, ""noise_frames"": 6}",6.484086926331106,13.638822602858019,7.154735676526913,0.009528964757919312,0.00016616939683444798,0.012890670922587699,1.8238271474838257,0.9422019776540292
p257_162.wav,wavelet_denoise,"{""mode"": ""soft"", ""threshold_scale"": 1.0, ""wavelet"": ""db4""}",6.484086926331106,6.625952124463279,0.14186519813217302,0.02241317182779312,0.00083529157564044,0.02890141130880013,1.2302674055099487,0.9340446335292757
p257_162.wav,frequency_masking,"{""mask_floor"": 0.05, ""noise_frames"": 6, ""threshold"": 2.0}",6.484086926331106,13.31446922808409,6.830382301752984,0.009797410108149052,0.00017905497225001454,0.01338114241199213,1.558996558189392,0.9424102577396289
p257_163.wav,noisy_input,{},0.9858180103485091,0.9858180103485091,0.0,0.04882234334945679,0.0040364945307374,0.0635334127112451,1.133411169052124,0.8540738389719135
p257_163.wav,spectral_subtraction,"{""alpha"": 2.0, ""beta"": 0.02, ""noise_frames"": 6}",0.9858180103485091,10.045007028424608,9.059189018076099,0.0146416537463665,0.0005012858891859651,0.022389414668230277,1.4325742721557617,0.8315093453321158
p257_163.wav,wavelet_denoise,"{""mode"": ""soft"", ""threshold_scale"": 1.0, ""wavelet"": ""db4""}",0.9858180103485091,1.1228029724016253,0.13698496205311617,0.047965023666620255,0.003911162726581097,0.06253928946335333,1.1656322479248047,0.8690591273666266
p257_163.wav,frequency_masking,"{""mask_floor"": 0.05, ""noise_frames"": 6, ""threshold"": 2.0}",0.9858180103485091,6.22471002591741,5.238892015568902,0.021811556071043015,0.0012081342283636332,0.03475822533392108,1.2037278413772583,0.8539471065083594
p257_164.wav,noisy_input,{},16.53853743021976,16.53853743021976,0.0,0.006336985621601343,5.292439891491085e-05,0.0072749157324955216,3.3395209312438965,0.9910738881764212
p257_164.wav,spectral_subtraction,"{""alpha"": 2.0, ""beta"": 0.02, ""noise_frames"": 6}",16.53853743021976,23.482274620657325,6.943737190437567,0.0025597752537578344,1.0697497600631323e-05,0.0032707029214881812,3.4911437034606934,0.9899496203519829
p257_164.wav,wavelet_denoise,"{""mode"": ""soft"", ""threshold_scale"": 1.0, ""wavelet"": ""db4""}",16.53853743021976,16.556857211880963,0.01831978166120507,0.0063044484704732895,5.270162000670098e-05,0.00725958814304923,3.5061025619506836,0.9882339729867774
p257_164.wav,frequency_masking,"{""mask_floor"": 0.05, ""noise_frames"": 6, ""threshold"": 2.0}",16.53853743021976,21.16177546840055,4.623238038180791,0.0035174486692994833,1.8252911104355007e-05,0.004272342578065927,3.5270237922668457,0.9916253324782378
p257_165.wav,noisy_input,{},10.096120407560736,10.096120407560736,0.0,0.01164126954972744,0.00026952559710480273,0.016417234758168097,2.9777770042419434,0.98001299795277
p257_165.wav,spectral_subtraction,"{""alpha"": 2.0, ""beta"": 0.02, ""noise_frames"": 6}",10.096120407560736,16.972824375560496,6.8767039679997595,0.006106889806687832,5.532604336622171e-05,0.007438147845144093,3.0660083293914795,0.9667548212946425
p257_165.wav,wavelet_denoise,"{""mode"": ""soft"", ""threshold_scale"": 1.0, ""wavelet"": ""db4""}",10.096120407560736,10.113966848332632,0.0178464407718959,0.011610783636569977,0.00026842032093554735,0.01638353810797739,3.4119439125061035,0.9817794005946255
p257_165.wav,frequency_masking,"{""mask_floor"": 0.05, ""noise_frames"": 6, ""threshold"": 2.0}",10.096120407560736,14.054323491857861,3.958203084297125,0.007256136741489172,0.0001083377210306935,0.010408540773359804,3.03442645072937,0.9786864164788258
p257_166.wav,noisy_input,{},5.189655288404892,5.189655288404892,0.0,0.029056018218398094,0.0012552222469821572,0.03542911580864187,1.2035868167877197,0.8689111933000906
p257_166.wav,spectral_subtraction,"{""alpha"": 2.0, ""beta"": 0.02, ""noise_frames"": 6}",5.189655288404892,15.527013672076357,10.337358383671464,0.008012961596250534,0.00011614079267019406,0.010776863767821976,1.6786489486694336,0.8473554841967746
p257_166.wav,wavelet_denoise,"{""mode"": ""soft"", ""threshold_scale"": 1.0, ""wavelet"": ""db4""}",5.189655288404892,5.356686657325946,0.1670313689210543,0.0285114124417305,0.0012078623985871673,0.03475431481970501,1.25795578956604,0.8640930543131697
p257_166.wav,frequency_masking,"{""mask_floor"": 0.05, ""noise_frames"": 6, ""threshold"": 2.0}",5.189655288404892,11.484941223832086,6.295285935427194,0.012706039473414421,0.0002945723826996982,0.017163111102002988,1.318562388420105,0.8639423120311447
p257_167.wav,noisy_input,{},1.365642668962336,1.365642668962336,0.0,0.04042427986860275,0.002227079588919878,0.04719194411040806,1.3781864643096924,0.9336470737689672
p257_167.wav,spectral_subtraction,"{""alpha"": 2.0, ""beta"": 0.02, ""noise_frames"": 6}",1.365642668962336,12.910073241282984,11.544430572320648,0.008829010650515556,0.00015606038505211473,0.012492413099642307,1.8202505111694336,0.928561716519524
p257_167.wav,wavelet_denoise,"{""mode"": ""soft"", ""threshold_scale"": 1.0, ""wavelet"": ""db4""}",1.365642668962336,1.469427773373892,0.10378510441155608,0.0399768091738224,0.002174489200115204,0.04663141859428259,1.4154870510101318,0.9151316938244097
p257_167.wav,frequency_masking,"{""mask_floor"": 0.05, ""noise_frames"": 6, ""threshold"": 2.0}",1.365642668962336,6.792366471372362,5.4267238024100255,0.018903199583292007,0.0006383566069416702,0.025265719996502577,1.6278038024902344,0.9338019363061306
p257_168.wav,noisy_input,{},16.366270505369197,16.366270505369197,0.0,0.0077073401771485806,0.00010084820678457618,0.010042320786779128,1.2736706733703613,0.9735039965390835
p257_168.wav,spectral_subtraction,"{""alpha"": 2.0, ""beta"": 0.02, ""noise_frames"": 6}",16.366270505369197,18.764658250318437,2.3983877449492397,0.00596397090703249,5.805363252875395e-05,0.007619293440257696,2.605449914932251,0.9637473721118425
p257_168.wav,wavelet_denoise,"{""mode"": ""soft"", ""threshold_scale"": 1.0, ""wavelet"": ""db4""}",16.366270505369197,16.465721414428653,0.0994509090594562,0.007621214259415865,9.856508404482156e-05,0.009927994965994974,1.3971879482269287,0.9713128963032597
p257_168.wav,frequency_masking,"{""mask_floor"": 0.05, ""noise_frames"": 6, ""threshold"": 2.0}",16.366270505369197,18.962561889757954,2.5962913843887563,0.005713111720979214,5.546755710383877e-05,0.007447654469954871,2.6089179515838623,0.9696603334660722
p257_169.wav,noisy_input,{},11.207592372805326,11.207592372805326,0.0,0.010485921055078506,0.0001821009791456163,0.013494479580391986,1.3903242349624634,0.943471210878496
p257_169.wav,spectral_subtraction,"{""alpha"": 2.0, ""beta"": 0.02, ""noise_frames"": 6}",11.207592372805326,16.167032053150194,4.959439680344868,0.005601174663752317,5.8125715440837666e-05,0.007624022261302604,1.882809042930603,0.9341647786328298
p257_169.wav,wavelet_denoise,"{""mode"": ""soft"", ""threshold_scale"": 1.0, ""wavelet"": ""db4""}",11.207592372805326,11.49676350843945,0.289171135634124,0.010148713365197182,0.00017037081124726683,0.013052617026760067,1.4927982091903687,0.9436808168263551
p257_169.wav,frequency_masking,"{""mask_floor"": 0.05, ""noise_frames"": 6, ""threshold"": 2.0}",11.207592372805326,14.63208971930021,3.424497346494883,0.006706789135932922,8.276801963802427e-05,0.009097693094297272,1.6842014789581299,0.9440149310583513
p257_170.wav,noisy_input,{},5.733841755535129,5.733841755535129,0.0,0.020042024552822113,0.0008126457105390728,0.028506941444831867,1.1591485738754272,0.8906893125306072
p257_170.wav,spectral_subtraction,"{""alpha"": 2.0, ""beta"": 0.02, ""noise_frames"": 6}",5.733841755535129,9.362096066544364,3.6282543110092353,0.01160466019064188,0.00035243239835835993,0.01877318295756902,1.2442841529846191,0.8589882648825886
p257_170.wav,wavelet_denoise,"{""mode"": ""soft"", ""threshold_scale"": 1.0, ""wavelet"": ""db4""}",5.733841755535129,5.924527628984228,0.19068587344909904,0.019339149817824364,0.0007777368300594389,0.02788793341320649,1.1994898319244385,0.8924346002565277
p257_170.wav,frequency_masking,"{""mask_floor"": 0.05, ""noise_frames"": 6, ""threshold"": 2.0}",5.733841755535129,7.077291209681372,1.343449454146243,0.015358048491179943,0.0005964256706647575,0.02442182775028842,1.1945340633392334,0.874865180332237
p257_171.wav,noisy_input,{},0.8286311399222708,0.8286311399222708,0.0,0.04582925885915756,0.0033267152030020952,0.057677683752055224,1.0397982597351074,0.7417668954723059
p257_171.wav,spectral_subtraction,"{""alpha"": 2.0, ""beta"": 0.02, ""noise_frames"": 6}",0.8286311399222708,5.770250955921541,4.94161981599927,0.022677578032016754,0.0010662367567420006,0.032653280949117514,1.0630018711090088,0.7199701856960863
p257_171.wav,wavelet_denoise,"{""mode"": ""soft"", ""threshold_scale"": 1.0, ""wavelet"": ""db4""}",0.8286311399222708,1.4240813736160152,0.5954502336937444,0.042798034846782684,0.0029004847165197134,0.05385614836320653,1.050506591796875,0.7473954196445438
p257_171.wav,frequency_masking,"{""mask_floor"": 0.05, ""noise_frames"": 6, ""threshold"": 2.0}",0.8286311399222708,5.041312815973759,4.2126816760514885,0.02696739323437214,0.0012610940029844642,0.03551188537637032,1.0627837181091309,0.7458710643353528
p257_172.wav,noisy_input,{},16.208742507939725,16.208742507939725,0.0,0.007406732998788357,8.904336573323235e-05,0.009436279231414909,1.650590181350708,0.9363107745656282
p257_172.wav,spectral_subtraction,"{""alpha"": 2.0, ""beta"": 0.02, ""noise_frames"": 6}",16.208742507939725,17.6101911500746,1.4014486421348735,0.006196336820721626,6.448470230679959e-05,0.008030236752848549,2.2737679481506348,0.9294442250315516
p257_172.wav,wavelet_denoise,"{""mode"": ""soft"", ""threshold_scale"": 1.0, ""wavelet"": ""db4""}",16.208742507939725,17.027352798595558,0.8186102906558332,0.006807457190006971,7.374634878942743e-05,0.008587569434329333,2.0603816509246826,0.9335437024773
p257_172.wav,frequency_masking,"{""mask_floor"": 0.05, ""noise_frames"": 6, ""threshold"": 2.0}",16.208742507939725,18.242692814394328,2.033950306454603,0.005817754194140434,5.574508031713776e-05,0.007466262807933951,2.2052671909332275,0.9382504269207357
p257_173.wav,noisy_input,{},11.163040693700673,11.163040693700673,0.0,0.013755548745393753,0.00029926939168944955,0.017299404373834655,1.1680618524551392,0.9130512238966132
p257_173.wav,spectral_subtraction,"{""alpha"": 2.0, ""beta"": 0.02, ""noise_frames"": 6}",11.163040693700673,14.937249572767087,3.774208879066414,0.008118203841149807,0.00012549932580441236,0.011202648160341926,1.9684616327285767,0.9140195211882196
p257_173.wav,wavelet_denoise,"{""mode"": ""soft"", ""threshold_scale"": 1.0, ""wavelet"": ""db4""}",11.163040693700673,11.704637244043848,0.5415965503431757,0.012881814502179623,0.00026418163906782866,0.01625366540408128,1.236087679862976,0.888466321340921
p257_173.wav,frequency_masking,"{""mask_floor"": 0.05, ""noise_frames"": 6, ""threshold"": 2.0}",11.163040693700673,16.102532262426056,4.9394915687253835,0.007521221414208412,9.59650642471388e-05,0.009796176001233278,1.9167486429214478,0.9129954899098467
p257_174.wav,noisy_input,{},5.269313923582663,5.269313923582663,0.0,0.02594979666173458,0.0010266330791637301,0.03204111544818205,1.2191135883331299,0.9153492958940328
p257_174.wav,spectral_subtraction,"{""alpha"": 2.0, ""beta"": 0.02, ""noise_frames"": 6}",5.269313923582663,14.586895604759336,9.317581681176673,0.00757052144035697,0.00012013155355816707,0.010960454076276542,2.0964181423187256,0.8951148528007474
p257_174.wav,wavelet_denoise,"{""mode"": ""soft"", ""threshold_scale"": 1.0, ""wavelet"": ""db4""}",5.269313923582663,5.623716929483789,0.3544030059011263,0.02474815398454666,0.0009461825829930604,0.03076008099782997,1.4426507949829102,0.8776101643199525
p257_174.wav,frequency_masking,"{""mask_floor"": 0.05, ""noise_frames"": 6, ""threshold"": 2.0}",5.269313923582663,11.80384118800706,6.534527264424398,0.010177258402109146,0.0002280145272379741,0.015100149907798071,1.4525681734085083,0.9062697561820943
p257_175.wav,noisy_input,{},1.3519369810843336,1.3519369810843336,0.0,0.03016735054552555,0.0014668309595435858,0.03829922922910572,1.0945181846618652,0.8105283423491464
p257_175.wav,spectral_subtraction,"{""alpha"": 2.0, ""beta"": 0.02, ""noise_frames"": 6}",1.3519369810843336,8.250783384332962,6.898846403248628,0.012365749105811119,0.00029956799698993564,0.017308032730207545,1.1841861009597778,0.7866652478803452
p257_175.wav,wavelet_denoise,"{""mode"": ""soft"", ""threshold_scale"": 1.0, ""wavelet"": ""db4""}",1.3519369810843336,2.2030003321132554,0.8510633510289218,0.02729608677327633,0.0012057956773787737,0.03472456878607384,1.1378003358840942,0.8143582027068764
p257_175.wav,frequency_masking,"{""mask_floor"": 0.05, ""noise_frames"": 6, ""threshold"": 2.0}",1.3519369810843336,5.506650230737274,4.154713249652941,0.01724553294479847,0.0005635192501358688,0.023738560405716872,1.138514757156372,0.8148602799671282
p257_176.wav,noisy_input,{},15.322183303149622,15.322183303149622,0.0,0.006702646147459745,6.938989099580795e-05,0.008330059483329513,3.139329195022583,0.9971680915692624
p257_176.wav,spectral_subtraction,"{""alpha"": 2.0, ""beta"": 0.02, ""noise_frames"": 6}",15.322183303149622,20.9135451554816,5.591361852331978,0.003475801320746541,1.9149612853652798e-05,0.0043760270627194245,3.807570695877075,0.9965265486120805
p257_176.wav,wavelet_denoise,"{""mode"": ""soft"", ""threshold_scale"": 1.0, ""wavelet"": ""db4""}",15.322183303149622,15.334816917419769,0.012633614270146865,0.006699902005493641,6.918832514202222e-05,0.008317951980026227,3.7088358402252197,0.9910273690406894
p257_176.wav,frequency_masking,"{""mask_floor"": 0.05, ""noise_frames"": 6, ""threshold"": 2.0}",15.322183303149622,20.7207852194555,5.3986019163058785,0.0034754702355712652,2.001870598178357e-05,0.004474226858551494,3.222203254699707,0.997602440747476
p257_177.wav,noisy_input,{},11.595417699367193,11.595417699367193,0.0,0.01215294934809208,0.00028802233282476664,0.01697122072288162,3.0889604091644287,0.987565887484528
p257_177.wav,spectral_subtraction,"{""alpha"": 2.0, ""beta"": 0.02, ""noise_frames"": 6}",11.595417699367193,18.424365312103973,6.82894761273678,0.0061865998432040215,5.977662294753827e-05,0.007731534320400982,3.1334547996520996,0.9793479112329704
p257_177.wav,wavelet_denoise,"{""mode"": ""soft"", ""threshold_scale"": 1.0, ""wavelet"": ""db4""}",11.595417699367193,11.59981717412278,0.004399474755587107,0.012188594788312912,0.00028773071244359016,0.016962626932276445,3.516279458999634,0.9836723556247681
p257_177.wav,frequency_masking,"{""mask_floor"": 0.05, ""noise_frames"": 6, ""threshold"": 2.0}",11.595417699367193,19.798035651976583,8.20261795260939,0.005264150444418192,4.3567670218180865e-05,0.006600581051557572,3.2688887119293213,0.9801127226932107
p257_178.wav,noisy_input,{},6.589783501484891,6.589783501484891,0.0,0.01854538358747959,0.0005247089429758489,0.02290652620926728,2.623173475265503,0.9927786786332842
p257_178.wav,spectral_subtraction,"{""alpha"": 2.0, ""beta"": 0.02, ""noise_frames"": 6}",6.589783501484891,8.831265152817005,2.2414816513321147,0.013376313261687756,0.0003131628909613937,0.01769640898491538,3.5281944274902344,0.9919505658952906
p257_178.wav,wavelet_denoise,"{""mode"": ""soft"", ""threshold_scale"": 1.0, ""wavelet"": ""db4""}",6.589783501484891,6.621768359896865,0.03198485841197396,0.018434101715683937,0.0005208587972447276,0.022822331108910143,2.7681632041931152,0.9796044138030578
p257_178.wav,frequency_masking,"{""mask_floor"": 0.05, ""noise_frames"": 6, ""threshold"": 2.0}",6.589783501484891,7.117085593743067,0.5273020922581759,0.016943560913205147,0.0004647166933864355,0.0215572886371741,3.124338150024414,0.9937222459839821
p257_179.wav,noisy_input,{},-0.006257633633004769,-0.006257633633004769,0.0,0.036375612020492554,0.0020420588552951813,0.04518914532600923,1.545524001121521,0.9295694196984392
p257_179.wav,spectral_subtraction,"{""alpha"": 2.0, ""beta"": 0.02, ""noise_frames"": 6}",-0.006257633633004769,11.832048797352229,11.838306430985234,0.006625866051763296,0.00013373269757721573,0.011564285433057061,2.7976596355438232,0.9203958441336645
p257_179.wav,wavelet_denoise,"{""mode"": ""soft"", ""threshold_scale"": 1.0, ""wavelet"": ""db4""}",-0.006257633633004769,0.0830699040880529,0.08932753772105767,0.036019545048475266,0.0020004860125482082,0.04472679300540346,1.9024221897125244,0.8806338126664841
p257_179.wav,frequency_masking,"{""mask_floor"": 0.05, ""noise_frames"": 6, ""threshold"": 2.0}",-0.006257633633004769,5.0000774856988865,5.006335119331891,0.014401912689208984,0.0006448144558817148,0.025393197039398463,2.4749577045440674,0.9295732567501797
p257_180.wav,noisy_input,{},15.43162318222956,15.43162318222956,0.0,0.010146007873117924,0.00015839311527088284,0.012585432661250976,1.68931245803833,0.8002737956952531
p257_180.wav,spectral_subtraction,"{""alpha"": 2.0, ""beta"": 0.02, ""noise_frames"": 6}",15.43162318222956,15.684756783608595,0.2531336013790355,0.009944560006260872,0.00014942488633096218,0.012223947248371215,2.2505850791931152,0.7829075791407617
p257_180.wav,wavelet_denoise,"{""mode"": ""soft"", ""threshold_scale"": 1.0, ""wavelet"": ""db4""}",15.43162318222956,15.576131022535236,0.14450784030567654,0.00999463815242052,0.00015320944658014923,0.012377780357566103,1.9614872932434082,0.8078329939190502
p257_180.wav,frequency_masking,"{""mask_floor"": 0.05, ""noise_frames"": 6, ""threshold"": 2.0}",15.43162318222956,17.783538618912875,2.3519154366833153,0.007698979694396257,9.216048783855513e-05,0.009600025408224456,2.321446180343628,0.7931977448098795
p257_181.wav,noisy_input,{},10.746440625692495,10.746440625692495,0.0,0.014758623205125332,0.0003546650696080178,0.018832553454272146,1.20371413230896,0.9460985881863841
p257_181.wav,spectral_subtraction,"{""alpha"": 2.0, ""beta"": 0.02, ""noise_frames"": 6}",10.746440625692495,18.01087846490549,7.264437839212993,0.006229126360267401,6.658472557319328e-05,0.008159946419750149,2.1913535594940186,0.9330567383347133
p257_181.wav,wavelet_denoise,"{""mode"": ""soft"", ""threshold_scale"": 1.0, ""wavelet"": ""db4""}",10.746440625692495,10.85951367837113,0.11307305267863477,0.01454148255288601,0.0003455501573625952,0.018588979459954094,1.277655839920044,0.9441065085918428
p257_181.wav,frequency_masking,"{""mask_floor"": 0.05, ""noise_frames"": 6, ""threshold"": 2.0}",10.746440625692495,16.16757769048742,5.421137064794925,0.007275169249624014,0.00010178990487474948,0.010089098318221974,1.2790454626083374,0.9388060826891165
p257_182.wav,noisy_input,{},5.992678262042924,5.992678262042924,0.0,0.02570270374417305,0.0011707363883033395,0.03421602531421994,1.3237926959991455,0.9343984491820619
p257_182.wav,spectral_subtraction,"{""alpha"": 2.0, ""beta"": 0.02, ""noise_frames"": 6}",5.992678262042924,13.482840651547052,7.490162389504128,0.008818631991744041,0.0002086617605527863,0.014445129302044557,2.544485569000244,0.9286298354873184
p257_182.wav,wavelet_denoise,"{""mode"": ""soft"", ""threshold_scale"": 1.0, ""wavelet"": ""db4""}",5.992678262042924,6.071693978729526,0.07901571668660168,0.025412466377019882,0.0011496285442262888,0.03390617265670499,1.4270849227905273,0.9328546548445007
p257_182.wav,frequency_masking,"{""mask_floor"": 0.05, ""noise_frames"": 6, ""threshold"": 2.0}",5.992678262042924,9.8311561658257,3.838477903782776,0.012800585478544235,0.0004837392480112612,0.021994073020049316,1.8599607944488525,0.9356752135885898
p257_183.wav,noisy_input,{},0.17011201987900595,0.17011201987900595,0.0,0.06441617757081985,0.006511550396680832,0.08069417820810143,1.0653204917907715,0.8056657929043788
p257_183.wav,spectral_subtraction,"{""alpha"": 2.0, ""beta"": 0.02, ""noise_frames"": 6}",0.17011201987900595,8.749821368638028,8.579709348759021,0.02019946649670601,0.0009030535002239048,0.03005084857743463,1.1132762432098389,0.7502661853717482
p257_183.wav,wavelet_denoise,"{""mode"": ""soft"", ""threshold_scale"": 1.0, ""wavelet"": ""db4""}",0.17011201987900595,0.40988510595437844,0.23977308607537248,0.06261281669139862,0.006161793135106564,0.07849708997858815,1.0893313884735107,0.8180497116654512
p257_183.wav,frequency_masking,"{""mask_floor"": 0.05, ""noise_frames"": 6, ""threshold"": 2.0}",0.17011201987900595,5.3685266503540054,5.198414630475,0.03109407052397728,0.0019671746995300055,0.044352843195560814,1.093259334564209,0.7829483692233298
p257_184.wav,noisy_input,{},16.388922476490094,16.388922476490094,0.0,0.005799543112516403,5.4230724344961345e-05,0.007364151298348055,3.095224142074585,0.9965904630117485
p257_184.wav,spectral_subtraction,"{""alpha"": 2.0, ""beta"": 0.02, ""noise_frames"": 6}",16.388922476490094,20.694104306536126,4.305181830046031,0.003592005232349038,2.012459844991099e-05,0.004486044855985169,3.6309309005737305,0.9959215872735813
p257_184.wav,wavelet_denoise,"{""mode"": ""soft"", ""threshold_scale"": 1.0, ""wavelet"": ""db4""}",16.388922476490094,16.399447005924127,0.010524529434032814,0.005787916947156191,5.409946243162267e-05,0.007355233676207893,3.3742716312408447,0.9950836543048597
p257_184.wav,frequency_masking,"{""mask_floor"": 0.05, ""noise_frames"": 6, ""threshold"": 2.0}",16.388922476490094,19.5892904703906,3.2003679939005067,0.004000824876129627,2.5954257580451667e-05,0.005094532125765001,3.4065160751342773,0.9973496914976098
p257_185.wav,noisy_input,{},10.879071659713901,10.879071659713901,0.0,0.015350974164903164,0.00036225648364052176,0.019033036637397662,2.7817230224609375,0.9864945909189077
p257_185.wav,spectral_subtraction,"{""alpha"": 2.0, ""beta"": 0.02, ""noise_frames"": 6}",10.879071659713901,16.992064801620234,6.112993141906333,0.007092067040503025,8.865778363542631e-05,0.0094158262322234,3.329153537750244,0.9886604824992045
p257_185.wav,wavelet_denoise,"{""mode"": ""soft"", ""threshold_scale"": 1.0, ""wavelet"": ""db4""}",10.879071659713901,10.916626723377838,0.03755506366393746,0.015279674902558327,0.0003591374261304736,0.018950921511379695,2.9203453063964844,0.9851709007748752
p257_185.wav,frequency_masking,"{""mask_floor"": 0.05, ""noise_frames"": 6, ""threshold"": 2.0}",10.879071659713901,13.181801631812839,2.3027299720989376,0.011071234941482544,0.0002131783840013668,0.014600629575513748,3.2312068939208984,0.9893950034594877
p257_186.wav,noisy_input,{},6.716754515500148,6.716754515500148,0.0,0.01650370843708515,0.0004324337642174214,0.020795041818121487,2.051931381225586,0.9825381717144356
p257_186.wav,spectral_subtraction,"{""alpha"": 2.0, ""beta"": 0.02, ""noise_frames"": 6}",6.716754515500148,15.630383737059482,8.913629221559333,0.005372947081923485,5.553371011046693e-05,0.007452094343905405,2.934983491897583,0.9791110635497674
p257_186.wav,wavelet_denoise,"{""mode"": ""soft"", ""threshold_scale"": 1.0, ""wavelet"": ""db4""}",6.716754515500148,6.754430708075651,0.037676192575502476,0.0164300799369812,0.0004286985204089433,0.020705036112234707,2.2863690853118896,0.9805873344491962
p257_186.wav,frequency_masking,"{""mask_floor"": 0.05, ""noise_frames"": 6, ""threshold"": 2.0}",6.716754515500148,11.43385750505766,4.717102989557511,0.00800787378102541,0.0001459517516195774,0.01208104927643197,2.8380539417266846,0.9840780552476781
p257_187.wav,noisy_input,{},0.37425465235119093,0.37425465235119093,0.0,0.03535966947674751,0.002093095798045397,0.045750363911617103,2.148148775100708,0.9668190059034703
p257_187.wav,spectral_subtraction,"{""alpha"": 2.0, ""beta"": 0.02, ""noise_frames"": 6}",0.37425465235119093,15.984623302963897,15.610368650612706,0.00570362713187933,5.751117714680731e-05,0.0075836124074749045,3.0716772079467773,0.96765700283075
p257_187.wav,wavelet_denoise,"{""mode"": ""soft"", ""threshold_scale"": 1.0, ""wavelet"": ""db4""}",0.37425465235119093,0.3882572099960046,0.014002557644813673,0.03528861701488495,0.002086358144879341,0.04567666959049599,2.3100290298461914,0.9662291579992105
p257_187.wav,frequency_masking,"{""mask_floor"": 0.05, ""noise_frames"": 6, ""threshold"": 2.0}",0.37425465235119093,7.6556612363246295,7.281406583973439,0.010938217863440514,0.00039142489549703896,0.01978446096048712,2.421602249145508,0.9676876522782903
p257_188.wav,noisy_input,{},16.155497434703342,16.155497434703342,0.0,0.007589127868413925,0.00010040459892479703,0.010020209524994826,1.7995309829711914,0.9470039766956937
p257_188.wav,spectral_subtraction,"{""alpha"": 2.0, ""beta"": 0.02, ""noise_frames"": 6}",16.155497434703342,16.24417864167786,0.08868120697451687,0.007482238579541445,9.837516699917614e-05,0.009918425631075535,2.1359739303588867,0.9333224912254631
p257_188.wav,wavelet_denoise,"{""mode"": ""soft"", ""threshold_scale"": 1.0, ""wavelet"": ""db4""}",16.155497434703342,16.487085685887592,0.3315882511842503,0.007300421595573425,9.302395483246073e-05,0.009644892681230867,1.9049265384674072,0.9473987269243975
p257_188.wav,frequency_masking,"{""mask_floor"": 0.05, ""noise_frames"": 6, ""threshold"": 2.0}",16.155497434703342,17.77010780152484,1.6146103668214984,0.0062400102615356445,6.922971806488931e-05,0.008320439775930676,2.180873155593872,0.9428553648619115
p257_189.wav,noisy_input,{},10.71557953313534,10.71557953313534,0.0,0.011147201992571354,0.000217375360080041,0.014743654909147901,1.288257360458374,0.9402401054299737
p257_189.wav,spectral_subtraction,"{""alpha"": 2.0, ""beta"": 0.02, ""noise_frames"": 6}",10.71557953313534,13.47708411382413,2.76150458068879,0.00790596567094326,0.00011509589967317879,0.010728275708294358,1.7495756149291992,0.9239768744955473
p257_189.wav,wavelet_denoise,"{""mode"": ""soft"", ""threshold_scale"": 1.0, ""wavelet"": ""db4""}",10.71557953313534,10.892003220286565,0.17642368715122458,0.010895607061684132,0.00020872187451459467,0.014447209921455238,1.3707175254821777,0.9406832204766945
p257_189.wav,frequency_masking,"{""mask_floor"": 0.05, ""noise_frames"": 6, ""threshold"": 2.0}",10.71557953313534,12.18565917634001,1.47007964320467,0.008969837799668312,0.00015495384286623448,0.01244804574486431,1.52913498878479,0.939638461493573
p257_190.wav,noisy_input,{},6.399665219158187,6.399665219158187,0.0,0.020305080339312553,0.0006942059262655675,0.026347787881823542,1.188438057899475,0.8272123658067986
p257_190.wav,spectral_subtraction,"{""alpha"": 2.0, ""beta"": 0.02, ""noise_frames"": 6}",6.399665219158187,8.512765121517237,2.1130999023590498,0.013803457841277122,0.00042675473378039896,0.020658042835186467,1.4098575115203857,0.7794782565776983
p257_190.wav,wavelet_denoise,"{""mode"": ""soft"", ""threshold_scale"": 1.0, ""wavelet"": ""db4""}",6.399665219158187,6.877631360279036,0.4779661411208487,0.01916331984102726,0.0006218586931936443,0.02493709472239387,1.2096080780029297,0.8147054825248115
p257_190.wav,frequency_masking,"{""mask_floor"": 0.05, ""noise_frames"": 6, ""threshold"": 2.0}",6.399665219158187,10.630508499804144,4.230843280645956,0.011724285781383514,0.0002620619779918343,0.016188328449590905,1.3999924659729004,0.808668543412716
p257_191.wav,noisy_input,{},1.6031799098552697,1.6031799098552697,0.0,0.03935874253511429,0.0027581406757235527,0.05251800334859992,1.0667656660079956,0.8169249950058447
p257_191.wav,spectral_subtraction,"{""alpha"": 2.0, ""beta"": 0.02, ""noise_frames"": 6}",1.6031799098552697,5.546952768754779,3.9437728588995093,0.02232937142252922,0.0011123440926894546,0.03335182292903125,1.1357910633087158,0.7964885862084735
p257_191.wav,wavelet_denoise,"{""mode"": ""soft"", ""threshold_scale"": 1.0, ""wavelet"": ""db4""}",1.6031799098552697,1.8706363772930588,0.26745646743778906,0.03797738626599312,0.002593407640233636,0.0509255107017459,1.0855270624160767,0.8205167681880856
p257_191.wav,frequency_masking,"{""mask_floor"": 0.05, ""noise_frames"": 6, ""threshold"": 2.0}",1.6031799098552697,3.1781136386457796,1.5749337287905099,0.030283428728580475,0.001919212401844561,0.04380881648532132,1.1010276079177856,0.8113963511138927
p257_192.wav,noisy_input,{},14.242601850129585,14.242601850129585,0.0,0.00885174423456192,0.00012040054571116343,0.010972718246230669,2.3255836963653564,0.9028143586189857
p257_192.wav,spectral_subtraction,"{""alpha"": 2.0, ""beta"": 0.02, ""noise_frames"": 6}",14.242601850129585,16.214844168990446,1.9722423188608609,0.006800833623856306,7.645470032002777e-05,0.008743837848452347,3.472698450088501,0.9178584831213689
p257_192.wav,wavelet_denoise,"{""mode"": ""soft"", ""threshold_scale"": 1.0, ""wavelet"": ""db4""}",14.242601850129585,14.601372221761475,0.3587703716318895,0.008520531468093395,0.00011085400910815224,0.010528723052115685,2.11848521232605,0.8892923622699845
p257_192.wav,frequency_masking,"{""mask_floor"": 0.05, ""noise_frames"": 6, ""threshold"": 2.0}",14.242601850129585,18.398757785867172,4.156155935737587,0.00545106828212738,4.6239470975706354e-05,0.00679996110104362,2.92177677154541,0.9115285146528229
p257_193.wav,noisy_input,{},11.122255157389127,11.122255157389127,0.0,0.01656879484653473,0.0004501087823882699,0.021215767306139787,1.209769368171692,0.9171239568592262
p257_193.wav,spectral_subtraction,"{""alpha"": 2.0, ""beta"": 0.02, ""noise_frames"": 6}",11.122255157389127,15.973090042155969,4.850834884766842,0.00874355435371399,0.00014731059491168708,0.012137157612542035,1.6058778762817383,0.9311309239149809
p257_193.wav,wavelet_denoise,"{""mode"": ""soft"", ""threshold_scale"": 1.0, ""wavelet"": ""db4""}",11.122255157389127,12.174646179914452,1.0523910225253257,0.01478079054504633,0.00035324692726135254,0.01879486438528761,1.594062089920044,0.9148035676557975
p257_193.wav,frequency_masking,"{""mask_floor"": 0.05, ""noise_frames"": 6, ""threshold"": 2.0}",11.122255157389127,14.026651959639143,2.904396802250016,0.01096637174487114,0.00023060981766320765,0.015185842672147228,1.5511775016784668,0.9304433058665732
p257_194.wav,noisy_input,{},6.95564522456783,6.95564522456783,0.0,0.019551316276192665,0.000584725639782846,0.02418110088029174,1.1752370595932007,0.9364903659884161
p257_194.wav,spectral_subtraction,"{""alpha"": 2.0, ""beta"": 0.02, ""noise_frames"": 6}",6.95564522456783,12.660318410798808,5.704673186230979,0.009498986415565014,0.00015721168892923743,0.012538408548505565,2.1362509727478027,0.9258799120294309
p257_194.wav,wavelet_denoise,"{""mode"": ""soft"", ""threshold_scale"": 1.0, ""wavelet"": ""db4""}",6.95564522456783,7.382946045707124,0.42730082113929413,0.018533319234848022,0.0005299343611113727,0.02302030323673806,1.211565613746643,0.8943481323064509
p257_194.wav,frequency_masking,"{""mask_floor"": 0.05, ""noise_frames"": 6, ""threshold"": 2.0}",6.95564522456783,12.654382771449686,5.698737546881857,0.009769236668944359,0.00015742670802865177,0.01254698003619404,2.0551226139068604,0.9314576988762011
p257_195.wav,noisy_input,{},0.41761605003343694,0.41761605003343694,0.0,0.05511893704533577,0.004803175572305918,0.06930494623261689,1.0953075885772705,0.8463971089988224
p257_195.wav,spectral_subtraction,"{""alpha"": 2.0, ""beta"": 0.02, ""noise_frames"": 6}",0.41761605003343694,9.27834153123434,8.860725481200902,0.017386768013238907,0.0006243899697437882,0.024987796416326674,1.513707160949707,0.8428013705174472
p257_195.wav,wavelet_denoise,"{""mode"": ""soft"", ""threshold_scale"": 1.0, ""wavelet"": ""db4""}",0.41761605003343694,1.1194394157092027,0.7018233656757658,0.05082887038588524,0.004086449276655912,0.06392534142776175,1.1251485347747803,0.8293883481725773
p257_195.wav,frequency_masking,"{""mask_floor"": 0.05, ""noise_frames"": 6, ""threshold"": 2.0}",0.41761605003343694,5.451742652989626,5.0341266029561895,0.02804350107908249,0.0015070087974891067,0.03882021119840935,1.2348535060882568,0.8469665724121302
p257_196.wav,noisy_input,{},16.50710522825572,16.50710522825572,0.0,0.005949084646999836,5.465082358568907e-05,0.0073926195347582355,2.2488632202148438,0.9986088367009243
p257_196.wav,spectral_subtraction,"{""alpha"": 2.0, ""beta"": 0.02, ""noise_frames"": 6}",16.50710522825572,21.477519479250127,4.970414250994406,0.003294486552476883,1.7400241631548852e-05,0.004171359686187329,3.3939483165740967,0.9958577710887045
p257_196.wav,wavelet_denoise,"{""mode"": ""soft"", ""threshold_scale"": 1.0, ""wavelet"": ""db4""}",16.50710522825572,16.47967721339664,-0.027428014859079752,0.005950340069830418,5.4997064580675215e-05,0.007416000578524466,3.905719518661499,0.9957866025687242
p257_196.wav,frequency_masking,"{""mask_floor"": 0.05, ""noise_frames"": 6, ""threshold"": 2.0}",16.50710522825572,19.020139438218713,2.513034209962992,0.00415499834343791,3.064031989197247e-05,0.005535369896580758,3.369819402694702,0.9975497288851388
p257_197.wav,noisy_input,{},10.424060562121015,10.424060562121015,0.0,0.015834586694836617,0.00037525035440921783,0.01937137977556627,2.1590683460235596,0.9702784388814781
p257_197.wav,spectral_subtraction,"{""alpha"": 2.0, ""beta"": 0.02, ""noise_frames"": 6}",10.424060562121015,17.157489767997717,6.733429205876702,0.007069925311952829,7.961193477967754e-05,0.008922552032892694,2.3148131370544434,0.9487958669139568
p257_197.wav,wavelet_denoise,"{""mode"": ""soft"", ""threshold_scale"": 1.0, ""wavelet"": ""db4""}",10.424060562121015,10.487160097951735,0.06309953583071959,0.01575504057109356,0.0003698376822285354,0.01923116434926745,2.782257556915283,0.9561426539917165
p257_197.wav,frequency_masking,"{""mask_floor"": 0.05, ""noise_frames"": 6, ""threshold"": 2.0}",10.424060562121015,13.582376760054975,3.15831619793396,0.010160721838474274,0.00018133828416466713,0.013466190410233591,2.3925492763519287,0.9593722077126724
p257_198.wav,noisy_input,{},6.456492942331665,6.456492942331665,0.0,0.02202814817428589,0.0007803471526131034,0.0279346944249101,2.565338611602783,0.9839805645596781
p257_198.wav,spectral_subtraction,"{""alpha"": 2.0, ""beta"": 0.02, ""noise_frames"": 6}",6.456492942331665,15.932174492228528,9.475681549896862,0.006593617610633373,8.80480365594849e-05,0.009383391527560006,3.192915201187134,0.9772101445269865
p257_198.wav,wavelet_denoise,"{""mode"": ""soft"", ""threshold_scale"": 1.0, ""wavelet"": ""db4""}",6.456492942331665,6.498957589326873,0.042464646995208355,0.02190311811864376,0.0007727541960775852,0.02779845672114884,2.635413885116577,0.9480443607174464
p257_198.wav,frequency_masking,"{""mask_floor"": 0.05, ""noise_frames"": 6, ""threshold"": 2.0}",6.456492942331665,11.36316306585634,4.906670123524674,0.009602313861250877,0.00025212785112671554,0.015878534287733094,3.06571626663208,0.981279829922481
p257_199.wav,noisy_input,{},-3.0930722824264234,-3.0930722824264234,0.0,0.06363311409950256,0.006063345354050398,0.07786748585931356,1.106955885887146,0.5600160221092124
p257_199.wav,spectral_subtraction,"{""alpha"": 2.0, ""beta"": 0.02, ""noise_frames"": 6}",-3.0930722824264234,11.176963280021246,14.270035562447669,0.008337587118148804,0.00022683430870529264,0.015061019510819732,2.2953619956970215,0.5429711608773284
p257_199.wav,wavelet_denoise,"{""mode"": ""soft"", ""threshold_scale"": 1.0, ""wavelet"": ""db4""}",-3.0930722824264234,-3.0158667603603844,0.07720552206603903,0.06306806951761246,0.005956508219242096,0.07717841809237927,1.3188703060150146,0.5434536302575399
p257_199.wav,frequency_masking,"{""mask_floor"": 0.05, ""noise_frames"": 6, ""threshold"": 2.0}",-3.0930722824264234,3.2677993109378303,6.360871593364253,0.02055523917078972,0.0014016034547239542,0.03743799480105678,1.418513536453247,0.5446279102860306
p257_200.wav,noisy_input,{},15.634579271656527,15.634579271656527,0.0,0.007808728143572807,0.00010279796697432175,0.010138933226642818,2.299863815307617,0.9647946750615465
p257_200.wav,spectral_subtraction,"{""alpha"": 2.0, ""beta"": 0.02, ""noise_frames"": 6}",15.634579271656527,19.689556377890117,4.05497710623359,0.004713685717433691,4.0409810026176274e-05,0.006356871087742481,2.881570339202881,0.9637211574454871
p257_200.wav,wavelet_denoise,"{""mode"": ""soft"", ""threshold_scale"": 1.0, ""wavelet"": ""db4""}",15.634579271656527,15.746764785748015,0.1121855140914878,0.007702252361923456,0.00010017653403338045,0.010008822809570586,2.4957244396209717,0.9653234048860744
p257_200.wav,frequency_masking,"{""mask_floor"": 0.05, ""noise_frames"": 6, ""threshold"": 2.0}",15.634579271656527,18.673636411566047,3.03905713990952,0.005139837972819805,5.1059767429251224e-05,0.0071456117603219405,2.859074831008911,0.9667901448976863
p257_201.wav,noisy_input,{},9.874783407313094,9.874783407313094,0.0,0.013708804734051228,0.0002972970250993967,0.017242303358292844,1.6757569313049316,0.874251086944307
p257_201.wav,spectral_subtraction,"{""alpha"": 2.0, ""beta"": 0.02, ""noise_frames"": 6}",9.874783407313094,18.080227598498336,8.205444191185242,0.004828646779060364,4.494135282584466e-05,0.006703831205053172,2.364563226699829,0.8778764599797315
p257_201.wav,wavelet_denoise,"{""mode"": ""soft"", ""threshold_scale"": 1.0, ""wavelet"": ""db4""}",9.874783407313094,10.000741729993152,0.12595832268005758,0.01352117583155632,0.000288798357360065,0.01699406829926445,1.796748161315918,0.8774528083998729
p257_201.wav,frequency_masking,"{""mask_floor"": 0.05, ""noise_frames"": 6, ""threshold"": 2.0}",9.874783407313094,17.31393030117927,7.439146893866175,0.005429570563137531,5.361371222534217e-05,0.007322138500830353,2.253048896789551,0.8792386962036286
p257_202.wav,noisy_input,{},5.670156706907368,5.670156706907368,0.0,0.01828935369849205,0.0006280343513935804,0.025060613547828004,1.4730340242385864,0.8906190927830306
p257_202.wav,spectral_subtraction,"{""alpha"": 2.0, ""beta"": 0.02, ""noise_frames"": 6}",5.670156706907368,13.765503611061323,8.095346904153956,0.006394023075699806,9.73752758000046e-05,0.009867891152622458,1.811759352684021,0.8849756934209447
p257_202.wav,wavelet_denoise,"{""mode"": ""soft"", ""threshold_scale"": 1.0, ""wavelet"": ""db4""}",5.670156706907368,5.721154987361472,0.05099828045410426,0.018170461058616638,0.000620702572632581,0.024913903199470393,1.5408141613006592,0.8877732332550021
p257_202.wav,frequency_masking,"{""mask_floor"": 0.05, ""noise_frames"": 6, ""threshold"": 2.0}",5.670156706907368,9.801839668199941,4.131682961292573,0.009244094602763653,0.00024255771131720394,0.015574264390885495,1.5341999530792236,0.8890972595850725
p257_203.wav,noisy_input,{},0.8323583524128607,0.8323583524128607,0.0,0.03466451168060303,0.002130721230059862,0.04615973602675672,1.0967152118682861,0.8595331869207149
p257_203.wav,spectral_subtraction,"{""alpha"": 2.0, ""beta"": 0.02, ""noise_frames"": 6}",0.8323583524128607,10.024071450894276,9.191713098481415,0.010875960811972618,0.00025665832799859345,0.01602055954074618,1.279710054397583,0.8447707960270259
p257_203.wav,wavelet_denoise,"{""mode"": ""soft"", ""threshold_scale"": 1.0, ""wavelet"": ""db4""}",0.8323583524128607,1.0387139861752446,0.20635563376238386,0.03371836990118027,0.00203184736892581,0.04507601766933066,1.1284898519515991,0.8697711124402856
p257_203.wav,frequency_masking,"{""mask_floor"": 0.05, ""noise_frames"": 6, ""threshold"": 2.0}",0.8323583524128607,6.7847806491698766,5.952422296757016,0.013533571735024452,0.0005411086021922529,0.023261741168542238,1.1661105155944824,0.8592743403369958
p257_204.wav,noisy_input,{},15.083576377355524,15.083576377355524,0.0,0.007702729199081659,8.952718781074509e-05,0.009461880775551185,3.458817720413208,0.9745236970192739
p257_204.wav,spectral_subtraction,"{""alpha"": 2.0, ""beta"": 0.02, ""noise_frames"": 6}",15.083576377355524,19.382534515347146,4.298958137991622,0.004598358646035194,3.32704876200296e-05,0.005768057525721254,3.6424596309661865,0.970716207625331
p257_204.wav,wavelet_denoise,"{""mode"": ""soft"", ""threshold_scale"": 1.0, ""wavelet"": ""db4""}",15.083576377355524,15.111586506776193,0.028010129420669827,0.0076802680268883705,8.895163773559034e-05,0.009431417588867027,3.6043031215667725,0.9745380949377188
p257_204.wav,frequency_masking,"{""mask_floor"": 0.05, ""noise_frames"": 6, ""threshold"": 2.0}",15.083576377355524,16.672642362163707,1.5890659848081832,0.006285073701292276,6.20938153588213e-05,0.007879962903391189,3.727667808532715,0.9778702637368843
p257_205.wav,noisy_input,{},10.358149685911307,10.358149685911307,0.0,0.012609874829649925,0.0002564682508818805,0.016014626154921024,3.0569262504577637,0.9159399830474596
p257_205.wav,spectral_subtraction,"{""alpha"": 2.0, ""beta"": 0.02, ""noise_frames"": 6}",10.358149685911307,17.11424719270638,6.756097506795072,0.0055951932445168495,5.412823520600796e-05,0.0073571893550463925,3.6449027061462402,0.908546742455384
p257_205.wav,wavelet_denoise,"{""mode"": ""soft"", ""threshold_scale"": 1.0, ""wavelet"": ""db4""}",10.358149685911307,10.374228719467391,0.016079033556083644,0.012574884109199047,0.000255520484643057,0.015985008121457336,3.3275580406188965,0.9180475005336342
p257_205.wav,frequency_masking,"{""mask_floor"": 0.05, ""noise_frames"": 6, ""threshold"": 2.0}",10.358149685911307,13.589725018456257,3.231575332544949,0.007672012783586979,0.00012186418462079018,0.011039211231822235,3.639951705932617,0.9140113347334521
p257_206.wav,noisy_input,{},6.48240490285656,6.48240490285656,0.0,0.021577877923846245,0.0007924705860204995,0.028150854090426804,2.5645508766174316,0.9351738120744614
p257_206.wav,spectral_subtraction,"{""alpha"": 2.0, ""beta"": 0.02, ""noise_frames"": 6}",6.48240490285656,17.13409826974163,10.651693366885072,0.006150651723146439,6.820462294854224e-05,0.008258609020200813,2.780064344406128,0.9295280948915129
p257_206.wav,wavelet_denoise,"{""mode"": ""soft"", ""threshold_scale"": 1.0, ""wavelet"": ""db4""}",6.48240490285656,6.505270653807402,0.022865750950842312,0.02149377390742302,0.0007883091457188129,0.028076843585396364,2.769096612930298,0.9406779237702244
p257_206.wav,frequency_masking,"{""mask_floor"": 0.05, ""noise_frames"": 6, ""threshold"": 2.0}",6.48240490285656,13.121669857841123,6.639264954984563,0.007555182557553053,0.00017181325529236346,0.013107755539845998,2.907553195953369,0.9340753315115312
p257_207.wav,noisy_input,{},1.5956346836168747,1.5956346836168747,0.0,0.037517886608839035,0.002232580678537488,0.04725019236508448,1.4112297296524048,0.9412742042998993
p257_207.wav,spectral_subtraction,"{""alpha"": 2.0, ""beta"": 0.02, ""noise_frames"": 6}",1.5956346836168747,12.760460419219179,11.164825735602303,0.0093256626278162,0.00017073580238502473,0.013066591077439621,1.8336405754089355,0.904999449991544
p257_207.wav,wavelet_denoise,"{""mode"": ""soft"", ""threshold_scale"": 1.0, ""wavelet"": ""db4""}",1.5956346836168747,1.6531738095317259,0.05753912591485122,0.03726257011294365,0.002203196519985795,0.046938220247318654,1.5510573387145996,0.9334255933378353
p257_207.wav,frequency_masking,"{""mask_floor"": 0.05, ""noise_frames"": 6, ""threshold"": 2.0}",1.5956346836168747,8.926497937218084,7.330863253601209,0.01256577204912901,0.0004127820720896125,0.02031703895969126,1.6439921855926514,0.9225440938803856
p257_208.wav,noisy_input,{},15.572305997837368,15.572305997837368,0.0,0.006942820735275745,7.617224036948755e-05,0.008727670959052452,1.1613657474517822,0.8513136223440259
p257_208.wav,spectral_subtraction,"{""alpha"": 2.0, ""beta"": 0.02, ""noise_frames"": 6}",15.572305997837368,16.502921269671447,0.9306152718340783,0.006119060795754194,6.148019019747153e-05,0.007840930442075834,1.8808436393737793,0.8383515114331098
p257_208.wav,wavelet_denoise,"{""mode"": ""soft"", ""threshold_scale"": 1.0, ""wavelet"": ""db4""}",15.572305997837368,16.02942850038688,0.45712250254951314,0.006599681451916695,6.856216350570321e-05,0.008280227261718317,1.205130696296692,0.8533863314547501
p257_208.wav,frequency_masking,"{""mask_floor"": 0.05, ""noise_frames"": 6, ""threshold"": 2.0}",15.572305997837368,17.26330311894054,1.6909971211031731,0.005624526645988226,5.160562432138249e-05,0.007183705472900632,1.9943790435791016,0.8452214768614883
p257_209.wav,noisy_input,{},10.467221449396549,10.467221449396549,0.0,0.018077662214636803,0.0005201880121603608,0.022807630568745206,1.6115987300872803,0.8596875068929257
p257_209.wav,spectral_subtraction,"{""alpha"": 2.0, ""beta"": 0.02, ""noise_frames"": 6}",10.467221449396549,15.233397713114025,4.766176263717476,0.010157730430364609,0.00017359718913212419,0.013175628604818981,1.9479628801345825,0.8308627367950238
p257_209.wav,wavelet_denoise,"{""mode"": ""soft"", ""threshold_scale"": 1.0, ""wavelet"": ""db4""}",10.467221449396549,10.717302255442885,0.250080806046336,0.017488829791545868,0.0004910799907520413,0.022160324698705148,1.6925930976867676,0.8498759115564208
p257_209.wav,frequency_masking,"{""mask_floor"": 0.05, ""noise_frames"": 6, ""threshold"": 2.0}",10.467221449396549,13.34559631802611,2.878374868629562,0.012506122700870037,0.00026811606949195266,0.016374250196328155,1.8179254531860352,0.8489224358424036
p257_210.wav,noisy_input,{},5.756478228388974,5.756478228388974,0.0,0.020023519173264503,0.0007141854730434716,0.026724248783520026,1.1183243989944458,0.819105250425944
p257_210.wav,spectral_subtraction,"{""alpha"": 2.0, ""beta"": 0.02, ""noise_frames"": 6}",5.756478228388974,10.476186188883128,4.719707960494154,0.010723684914410114,0.00024090189253911376,0.015521014546063468,1.2423399686813354,0.824564887027532
p257_210.wav,wavelet_denoise,"{""mode"": ""soft"", ""threshold_scale"": 1.0, ""wavelet"": ""db4""}",5.756478228388974,6.045740122794624,0.28926189440564976,0.019250599667429924,0.0006681667291559279,0.025848921237760152,1.1531486511230469,0.8253931412427551
p257_210.wav,frequency_masking,"{""mask_floor"": 0.05, ""noise_frames"": 6, ""threshold"": 2.0}",5.756478228388974,8.76965966203311,3.013181433644136,0.012689141556620598,0.0003568558895494789,0.018890629675833437,1.168007731437683,0.8281074501696435
p257_211.wav,noisy_input,{},0.7052795895486265,0.7052795895486265,0.0,0.03944430872797966,0.0026731269899755716,0.051702291921882644,1.103677749633789,0.7629420561018132
p257_211.wav,spectral_subtraction,"{""alpha"": 2.0, ""beta"": 0.02, ""noise_frames"": 6}",0.7052795895486265,5.150115996430112,4.444836406881485,0.02064705826342106,0.0009605853701941669,0.03099331170098102,1.1797466278076172,0.7572223066162437
p257_211.wav,wavelet_denoise,"{""mode"": ""soft"", ""threshold_scale"": 1.0, ""wavelet"": ""db4""}",0.7052795895486265,1.9039722710265865,1.1986926814779602,0.03408806025981903,0.0020283847115933895,0.04503759220466153,1.1177738904953003,0.7626521480483658
p257_211.wav,frequency_masking,"{""mask_floor"": 0.05, ""noise_frames"": 6, ""threshold"": 2.0}",0.7052795895486265,3.262548804865873,2.5572692153172465,0.027577795088291168,0.0014835175825282931,0.03851645859276646,1.1466320753097534,0.7647144360656932
p257_212.wav,noisy_input,{},16.28988004808724,16.28988004808724,0.0,0.006082930602133274,5.900418182136491e-05,0.007681417956429979,1.9138555526733398,0.968792834076929
p257_212.wav,spectral_subtraction,"{""alpha"": 2.0, ""beta"": 0.02, ""noise_frames"": 6}",16.28988004808724,18.53400644429445,2.2441263962072107,0.004437561612576246,3.519412348396145e-05,0.005932463525716905,2.194690465927124,0.973841534003844
p257_212.wav,wavelet_denoise,"{""mode"": ""soft"", ""threshold_scale"": 1.0, ""wavelet"": ""db4""}",16.28988004808724,17.011679878607996,0.7217998305207551,0.005601901561021805,4.996924690203741e-05,0.00706889290497723,2.0391929149627686,0.9673246534251159
p257_212.wav,frequency_masking,"{""mask_floor"": 0.05, ""noise_frames"": 6, ""threshold"": 2.0}",16.28988004808724,19.42411247301742,3.134232424930179,0.003972689155489206,2.8672104235738516e-05,0.005354633903054299,2.042625665664673,0.9729733157489883
p257_213.wav,noisy_input,{},9.489830163606106,9.489830163606106,0.0,0.010609040036797523,0.00017554493388161063,0.013249337111025994,1.5477797985076904,0.8880839174755141
p257_213.wav,spectral_subtraction,"{""alpha"": 2.0, ""beta"": 0.02, ""noise_frames"": 6}",9.489830163606106,13.115763057278283,3.625932893672177,0.005975214298814535,7.617194205522537e-05,0.008727653868894285,1.823072910308838,0.8810960821730615
p257_213.wav,wavelet_denoise,"{""mode"": ""soft"", ""threshold_scale"": 1.0, ""wavelet"": ""db4""}",9.489830163606106,10.323178284768666,0.83334812116256,0.009639980271458626,0.0001448950351914391,0.012037235363298298,1.5115387439727783,0.8859502422529846
p257_213.wav,frequency_masking,"{""mask_floor"": 0.05, ""noise_frames"": 6, ""threshold"": 2.0}",9.489830163606106,13.977966005021552,4.4881358414154455,0.006013408303260803,6.245607801247388e-05,0.00790291579181215,1.7859543561935425,0.8906708461762042
p257_214.wav,noisy_input,{},5.3407163796017745,5.3407163796017745,0.0,0.017334477975964546,0.0004886167589575052,0.02210467730950862,1.0479978322982788,0.8012193845095478
p257_214.wav,spectral_subtraction,"{""alpha"": 2.0, ""beta"": 0.02, ""noise_frames"": 6}",5.3407163796017745,11.583736714854782,6.243020335253007,0.007748701609671116,0.00011605566396610811,0.010772913439089173,1.4799399375915527,0.7522785955170116
p257_214.wav,wavelet_denoise,"{""mode"": ""soft"", ""threshold_scale"": 1.0, ""wavelet"": ""db4""}",5.3407163796017745,7.550612931166226,2.2098965515644515,0.013595063239336014,0.0002937505778390914,0.017139153358293153,1.0849639177322388,0.7961500249503147
p257_214.wav,frequency_masking,"{""mask_floor"": 0.05, ""noise_frames"": 6, ""threshold"": 2.0}",5.3407163796017745,9.972632911453989,4.631916531852214,0.009747255593538284,0.00016818092262838036,0.012968458760715567,1.0990315675735474,0.7745664831683132
p257_215.wav,noisy_input,{},1.3570299861692812,1.3570299861692812,0.0,0.043377384543418884,0.002966885920614004,0.05446912814259105,1.1741971969604492,0.8772453691816045
p257_215.wav,spectral_subtraction,"{""alpha"": 2.0, ""beta"": 0.02, ""noise_frames"": 6}",1.3570299861692812,10.484336682797483,9.127306696628203,0.013509503565728664,0.00036271888529881835,0.01904518010675715,1.632500171661377,0.8643921281212786
p257_215.wav,wavelet_denoise,"{""mode"": ""soft"", ""threshold_scale"": 1.0, ""wavelet"": ""db4""}",1.3570299861692812,1.941697721950939,0.5846677357816579,0.04053400456905365,0.002593188313767314,0.050923357251533546,1.2361067533493042,0.8569580556816098
p257_215.wav,frequency_masking,"{""mask_floor"": 0.05, ""noise_frames"": 6, ""threshold"": 2.0}",1.3570299861692812,6.478506117577989,5.121476131408708,0.021086692810058594,0.0009123326744884253,0.03020484521543564,1.454864501953125,0.8723862495382159
p257_216.wav,noisy_input,{},16.371646659640824,16.371646659640824,0.0,0.006293774116784334,6.220927025424317e-05,0.007887285353925213,2.9829766750335693,0.9917266304974423
p257_216.wav,spectral_subtraction,"{""alpha"": 2.0, ""beta"": 0.02, ""noise_frames"": 6}",16.371646659640824,18.790077382358593,2.418430722717769,0.00478181941434741,3.564609869499691e-05,0.005970435385714923,3.4236621856689453,0.9915947568460928
p257_216.wav,wavelet_denoise,"{""mode"": ""soft"", ""threshold_scale"": 1.0, ""wavelet"": ""db4""}",16.371646659640824,16.28902529937988,-0.08262136026094424,0.006357117090374231,6.340408435789868e-05,0.007962668168264873,3.730349063873291,0.9886729792970499
p257_216.wav,frequency_masking,"{""mask_floor"": 0.05, ""noise_frames"": 6, ""threshold"": 2.0}",16.371646659640824,18.872091357900825,2.500444698260001,0.004570977762341499,3.4979260817635804e-05,0.005914326742549468,3.067314386367798,0.9933105322719947
p257_217.wav,noisy_input,{},11.433280923908475,11.433280923908475,0.0,0.012886373326182365,0.0002566516341175884,0.016020350624052784,2.6917760372161865,0.9836747294076351
p257_217.wav,spectral_subtraction,"{""alpha"": 2.0, ""beta"": 0.02, ""noise_frames"": 6}",11.433280923908475,15.593412013968429,4.160131090059954,0.007414714898914099,9.847611363511533e-05,0.009923513169997575,2.917872905731201,0.9759537565441112
p257_217.wav,wavelet_denoise,"{""mode"": ""soft"", ""threshold_scale"": 1.0, ""wavelet"": ""db4""}",11.433280923908475,11.448743439448808,0.0154625155403334,0.012848707847297192,0.0002557394909672439,0.015991857020597824,2.9758803844451904,0.9800967479669488
p257_217.wav,frequency_masking,"{""mask_floor"": 0.05, ""noise_frames"": 6, ""threshold"": 2.0}",11.433280923908475,13.282739882608665,1.8494589587001897,0.009668010286986828,0.0001676479005254805,0.012947891740568443,2.816298007965088,0.9807903527050272
p257_218.wav,noisy_input,{},6.011295503233022,6.011295503233022,0.0,0.022160638123750687,0.0007677156827412546,0.027707682738570084,2.0432960987091064,0.9356301396160054
p257_218.wav,spectral_subtraction,"{""alpha"": 2.0, ""beta"": 0.02, ""noise_frames"": 6}",6.011295503233022,14.187300226858282,8.17600472362526,0.0076431711204349995,0.00011684225319186226,0.01080935951811495,2.29443359375,0.9248074284151903
p257_218.wav,wavelet_denoise,"{""mode"": ""soft"", ""threshold_scale"": 1.0, ""wavelet"": ""db4""}",6.011295503233022,6.091936648159198,0.08064114492617591,0.02191116474568844,0.0007535920012742281,0.027451630211596325,2.6366705894470215,0.9305151576195523
p257_218.wav,frequency_masking,"{""mask_floor"": 0.05, ""noise_frames"": 6, ""threshold"": 2.0}",6.011295503233022,9.280582750961155,3.2692872477281334,0.013168253004550934,0.00036163601907901466,0.019016729978600808,2.3110239505767822,0.9325633061969365
p257_219.wav,noisy_input,{},2.1550899218066037,2.1550899218066037,0.0,0.03440392389893532,0.0018445663154125214,0.04294841458555276,1.7169005870819092,0.9493317132666258
p257_219.wav,spectral_subtraction,"{""alpha"": 2.0, ""beta"": 0.02, ""noise_frames"": 6}",2.1550899218066037,14.711072653759947,12.555982731953343,0.00785595178604126,0.00010239906987408176,0.010119242554365507,1.8589513301849365,0.9401095144826219
p257_219.wav,wavelet_denoise,"{""mode"": ""soft"", ""threshold_scale"": 1.0, ""wavelet"": ""db4""}",2.1550899218066037,2.223355584232658,0.06826566242605425,0.03413868695497513,0.0018157986924052238,0.04261218948147612,1.863491177558899,0.9375069247460399
p257_219.wav,frequency_masking,"{""mask_floor"": 0.05, ""noise_frames"": 6, ""threshold"": 2.0}",2.1550899218066037,12.953010937245859,10.797921015439254,0.008534634485840797,0.00015349780733231455,0.012389423204181644,2.153175115585327,0.9457775487283165
p257_220.wav,noisy_input,{},14.943217707425436,14.943217707425436,0.0,0.005863530095666647,5.50243494217284e-05,0.007417839943118778,2.2248923778533936,0.9542452423271057
p257_220.wav,spectral_subtraction,"{""alpha"": 2.0, ""beta"": 0.02, ""noise_frames"": 6}",14.943217707425436,18.914854389777886,3.9716366823524503,0.0035686602350324392,2.2049118342692964e-05,0.004695648873445817,2.809041738510132,0.9470522073035598
p257_220.wav,wavelet_denoise,"{""mode"": ""soft"", ""threshold_scale"": 1.0, ""wavelet"": ""db4""}",14.943217707425436,15.096103744510758,0.152886037085322,0.005764158442616463,5.312100620358251e-05,0.007288415891233328,2.4390811920166016,0.9544801306416161
p257_220.wav,frequency_masking,"{""mask_floor"": 0.05, ""noise_frames"": 6, ""threshold"": 2.0}",14.943217707425436,19.604933577836352,4.661715870410916,0.0033810760360211134,1.8809761968441308e-05,0.0043370222467081386,2.571228504180908,0.9538129016441541
p257_221.wav,noisy_input,{},11.531696750299801,11.531696750299801,0.0,0.012738024815917015,0.00028011196991428733,0.01673654593738766,1.5359553098678589,0.942572440564201
p257_221.wav,spectral_subtraction,"{""alpha"": 2.0, ""beta"": 0.02, ""noise_frames"": 6}",11.531696750299801,15.519732749405046,3.9880359991052448,0.008353442884981632,0.00011182221351191401,0.010574602286228736,2.548319101333618,0.9373390437883345
p257_221.wav,wavelet_denoise,"{""mode"": ""soft"", ""threshold_scale"": 1.0, ""wavelet"": ""db4""}",11.531696750299801,11.623268804842876,0.09157205454307515,0.012586947530508041,0.0002742675715126097,0.016561025678158033,1.681938886642456,0.9421994738960425
p257_221.wav,frequency_masking,"{""mask_floor"": 0.05, ""noise_frames"": 6, ""threshold"": 2.0}",11.531696750299801,14.656465514131241,3.1247687638314403,0.008753680624067783,0.0001364126947009936,0.01167958452604345,2.0363755226135254,0.9435322277324771
p257_222.wav,noisy_input,{},5.819468222160876,5.819468222160876,0.0,0.02132565528154373,0.0008430319139733911,0.02903501186452988,1.3002099990844727,0.8435177254865545
p257_222.wav,spectral_subtraction,"{""alpha"": 2.0, ""beta"": 0.02, ""noise_frames"": 6}",5.819468222160876,13.066475282659697,7.247007060498821,0.009239747188985348,0.000158907103468664,0.01260583608764861,2.0330235958099365,0.8253747859064243
p257_222.wav,wavelet_denoise,"{""mode"": ""soft"", ""threshold_scale"": 1.0, ""wavelet"": ""db4""}",5.819468222160876,5.896128188681385,0.07665996652050922,0.021122269332408905,0.0008282816270366311,0.028779882331876047,1.4173941612243652,0.8443434712379803
p257_222.wav,frequency_masking,"{""mask_floor"": 0.05, ""noise_frames"": 6, ""threshold"": 2.0}",5.819468222160876,10.7267014521269,4.907233229966024,0.010167093947529793,0.00027234581648372114,0.016502903274385423,1.8254419565200806,0.8378134897714001
p257_223.wav,noisy_input,{},1.6763025079362412,1.6763025079362412,0.0,0.045090451836586,0.0037560854107141495,0.06128691059854583,1.216899037361145,0.9076645818031307
p257_223.wav,spectral_subtraction,"{""alpha"": 2.0, ""beta"": 0.02, ""noise_frames"": 6}",1.6763025079362412,10.905464435897338,9.229161927961098,0.013969829306006432,0.0004485586832743138,0.021179204028346152,1.678447961807251,0.9090447077322548
p257_223.wav,wavelet_denoise,"{""mode"": ""soft"", ""threshold_scale"": 1.0, ""wavelet"": ""db4""}",1.6763025079362412,1.7410278393894951,0.06472533145325388,0.04469536244869232,0.0037005215417593718,0.060831912198774186,1.2847408056259155,0.9085719915944804
p257_223.wav,frequency_masking,"{""mask_floor"": 0.05, ""noise_frames"": 6, ""threshold"": 2.0}",1.6763025079362412,6.3047558149918785,4.628453307055637,0.02128586731851101,0.0012938684085384011,0.035970382379652305,1.3621104955673218,0.910159687950028
p257_224.wav,noisy_input,{},16.787962598548514,16.787962598548514,0.0,0.006210447289049625,5.896529910387471e-05,0.0076788865796985645,3.9401822090148926,0.9993806933166061
p257_224.wav,spectral_subtraction,"{""alpha"": 2.0, ""beta"": 0.02, ""noise_frames"": 6}",16.787962598548514,18.873640103684185,2.0856775051356706,0.004837997257709503,3.647780977189541e-05,0.006039686231245412,3.9487099647521973,0.999154600250043
p257_224.wav,wavelet_denoise,"{""mode"": ""soft"", ""threshold_scale"": 1.0, ""wavelet"": ""db4""}",16.787962598548514,16.70505396618187,-0.08290863236664237,0.006240057293325663,6.010178549331613e-05,0.007752534133644052,3.9940783977508545,0.9986028559460322
p257_224.wav,frequency_masking,"{""mask_floor"": 0.05, ""noise_frames"": 6, ""threshold"": 2.0}",16.787962598548514,19.40883818496627,2.620875586417757,0.004465583711862564,3.22484593198169e-05,0.005678772694853783,3.944763660430908,0.9994195940066407
p257_225.wav,noisy_input,{},11.48522106544065,11.48522106544065,0.0,0.011145778931677341,0.00020956085063517094,0.014476216723825703,3.3501827716827393,0.988130006144075
p257_225.wav,spectral_subtraction,"{""alpha"": 2.0, ""beta"": 0.02, ""noise_frames"": 6}",11.48522106544065,17.483285334905748,5.9980642694650985,0.005794117692857981,5.266277366899885e-05,0.007256912130444935,3.066782236099243,0.976365995506804
p257_225.wav,wavelet_denoise,"{""mode"": ""soft"", ""threshold_scale"": 1.0, ""wavelet"": ""db4""}",11.48522106544065,11.493167179990806,0.00794611455015648,0.011134704574942589,0.0002091777860186994,0.01446297984575445,3.3865082263946533,0.9871437905410978
p257_225.wav,frequency_masking,"{""mask_floor"": 0.05, ""noise_frames"": 6, ""threshold"": 2.0}",11.48522106544065,18.10322455839444,6.618003492953791,0.005429091397672892,4.565725612337701e-05,0.00675701532656076,3.2254106998443604,0.9794455092446501
p257_226.wav,noisy_input,{},5.75701107154151,5.75701107154151,0.0,0.021522674709558487,0.0007107000565156341,0.02665895827889068,2.6252365112304688,0.9723389442488213
p257_226.wav,spectral_subtraction,"{""alpha"": 2.0, ""beta"": 0.02, ""noise_frames"": 6}",5.75701107154151,18.25552946970713,12.498518398165622,0.004993815440684557,3.9979237044462934e-05,0.006322913651510903,3.036435842514038,0.9697095091740306
p257_226.wav,wavelet_denoise,"{""mode"": ""soft"", ""threshold_scale"": 1.0, ""wavelet"": ""db4""}",5.75701107154151,5.784641218699268,0.027630147157758245,0.021458230912685394,0.0007061928627081215,0.026574289505236475,2.755103826522827,0.9712670550103302
p257_226.wav,frequency_masking,"{""mask_floor"": 0.05, ""noise_frames"": 6, ""threshold"": 2.0}",5.75701107154151,16.666285419764392,10.909274348222883,0.005869550630450249,5.764463639934547e-05,0.007592406495923771,2.977484941482544,0.9705246819956979
p257_227.wav,noisy_input,{},0.6866715679178691,0.6866715679178691,0.0,0.046933840960264206,0.0034926363732665777,0.059098531058449984,2.3120439052581787,0.8316037277844219
p257_227.wav,spectral_subtraction,"{""alpha"": 2.0, ""beta"": 0.02, ""noise_frames"": 6}",0.6866715679178691,14.689301619252063,14.002630051334194,0.008057868108153343,0.00013896018208470196,0.01178813734585333,3.0280468463897705,0.8334907892602403
p257_227.wav,wavelet_denoise,"{""mode"": ""soft"", ""threshold_scale"": 1.0, ""wavelet"": ""db4""}",0.6866715679178691,0.7005742775327175,0.013902709614848408,0.04685104638338089,0.0034814735408872366,0.059004012921895714,2.488969087600708,0.8321350264065696
p257_227.wav,frequency_masking,"{""mask_floor"": 0.05, ""noise_frames"": 6, ""threshold"": 2.0}",0.6866715679178691,6.856068077285028,6.169396509367159,0.016783207654953003,0.0008437498472630978,0.029047372467455604,2.6598246097564697,0.8322893839385671
p257_228.wav,noisy_input,{},15.859336092729626,15.859336092729626,0.0,0.004985313396900892,6.920132727827877e-05,0.00831873351408006,2.6762101650238037,0.8763672564033783
p257_228.wav,spectral_subtraction,"{""alpha"": 2.0, ""beta"": 0.02, ""noise_frames"": 6}",15.859336092729626,15.508743308134427,-0.3505927845951984,0.006783140357583761,7.50194230931811e-05,0.00866137535805839,2.8537087440490723,0.8765535408835433
p257_228.wav,wavelet_denoise,"{""mode"": ""soft"", ""threshold_scale"": 1.0, ""wavelet"": ""db4""}",15.859336092729626,15.755483108098536,-0.10385298463108938,0.005066994111984968,7.087608537403867e-05,0.008418793581864249,2.770801544189453,0.8951515473178265
p257_228.wav,frequency_masking,"{""mask_floor"": 0.05, ""noise_frames"": 6, ""threshold"": 2.0}",15.859336092729626,15.853447982491904,-0.005888110237721733,0.006067427806556225,6.929521623533219e-05,0.008324374825494836,2.8966684341430664,0.8792054780533654
p257_229.wav,noisy_input,{},10.68032984700264,10.68032984700264,0.0,0.01557979453355074,0.00041996350046247244,0.020493011015038087,1.124546766281128,0.831896345005379
p257_229.wav,spectral_subtraction,"{""alpha"": 2.0, ""beta"": 0.02, ""noise_frames"": 6}",10.68032984700264,13.918840724411734,3.2385108774090927,0.01016308180987835,0.00019923262880183756,0.014114978880672743,1.6834418773651123,0.8247617912768916
p257_229.wav,wavelet_denoise,"{""mode"": ""soft"", ""threshold_scale"": 1.0, ""wavelet"": ""db4""}",10.68032984700264,11.17338841386713,0.4930585668644891,0.014641162008047104,0.0003748915914911777,0.01936211743304894,1.1618032455444336,0.8335852863771507
p257_229.wav,frequency_masking,"{""mask_floor"": 0.05, ""noise_frames"": 6, ""threshold"": 2.0}",10.68032984700264,12.840193229719365,2.1598633827167237,0.011555287055671215,0.00025540252681821585,0.015981318056349916,1.1457772254943848,0.8331324439042329
p257_230.wav,noisy_input,{},6.260775384753967,6.260775384753967,0.0,0.01724863052368164,0.0005195444682613015,0.02279351811944136,1.2470486164093018,0.8400968445221667
p257_230.wav,spectral_subtraction,"{""alpha"": 2.0, ""beta"": 0.02, ""noise_frames"": 6}",6.260775384753967,7.876784471481873,1.6160090867279058,0.013093359768390656,0.00035811439738608897,0.0189239107318252,1.3903098106384277,0.8002524385791542
p257_230.wav,wavelet_denoise,"{""mode"": ""soft"", ""threshold_scale"": 1.0, ""wavelet"": ""db4""}",6.260775384753967,6.777101693971513,0.5163263092175461,0.016136975958943367,0.00046130703412927687,0.02147805936599666,1.3049664497375488,0.8396360179955592
p257_230.wav,frequency_masking,"{""mask_floor"": 0.05, ""noise_frames"": 6, ""threshold"": 2.0}",6.260775384753967,8.629926834874516,2.3691514501205484,0.012433454394340515,0.00030109778163023293,0.017352169363806732,1.433199405670166,0.8245599398767277
p257_231.wav,noisy_input,{},1.4889670694019927,1.4889670694019927,0.0,0.02948986366391182,0.0015109487576410174,0.038870924321927534,1.066116213798523,0.7638036112294156
p257_231.wav,spectral_subtraction,"{""alpha"": 2.0, ""beta"": 0.02, ""noise_frames"": 6}",1.4889670694019927,5.294655982259485,3.8056889128574922,0.016997382044792175,0.0006290437304414809,0.02508074421626043,1.0689153671264648,0.7262458304455174
p257_231.wav,wavelet_denoise,"{""mode"": ""soft"", ""threshold_scale"": 1.0, ""wavelet"": ""db4""}",1.4889670694019927,1.912332540312758,0.42336547091076526,0.027968626469373703,0.001370607758872211,0.03702172009607618,1.0773751735687256,0.7719146805867769
p257_231.wav,frequency_masking,"{""mask_floor"": 0.05, ""noise_frames"": 6, ""threshold"": 2.0}",1.4889670694019927,3.5884896416975813,2.0995225722955886,0.021098941564559937,0.0009317458607256413,0.030524512456804962,1.0677189826965332,0.754183648244815
p257_232.wav,noisy_input,{},16.65486051232677,16.65486051232677,0.0,0.006220777053385973,6.131306872703135e-05,0.007830266197712014,2.0028159618377686,0.9713068504986462
p257_232.wav,spectral_subtraction,"{""alpha"": 2.0, ""beta"": 0.02, ""noise_frames"": 6}",16.65486051232677,16.886515674750623,0.2316551624238521,0.005913125816732645,5.812828749185428e-05,0.007624190940149275,2.57746958732605,0.9659027600749068
p257_232.wav,wavelet_denoise,"{""mode"": ""soft"", ""threshold_scale"": 1.0, ""wavelet"": ""db4""}",16.65486051232677,16.79611541424806,0.14125490192128964,0.006106395274400711,5.935093213338405e-05,0.007703955616005589,2.089646339416504,0.9644836539620203
p257_232.wav,frequency_masking,"{""mask_floor"": 0.05, ""noise_frames"": 6, ""threshold"": 2.0}",16.65486051232677,18.87054185538643,2.2156813430596607,0.004798688925802708,3.681161979329772e-05,0.006067258012751537,2.3861961364746094,0.9712052089292182
p257_233.wav,noisy_input,{},10.695356998543648,10.695356998543648,0.0,0.011928504332900047,0.0002240660396637395,0.014968835614827878,1.656599760055542,0.9002544206418711
p257_233.wav,spectral_subtraction,"{""alpha"": 2.0, ""beta"": 0.02, ""noise_frames"": 6}",10.695356998543648,16.294817014199715,5.599460015656067,0.006112389732152224,6.172058783704415e-05,0.007856245148736396,2.6121978759765625,0.9113816183292587
p257_233.wav,wavelet_denoise,"{""mode"": ""soft"", ""threshold_scale"": 1.0, ""wavelet"": ""db4""}",10.695356998543648,10.92829342743971,0.23293642889606225,0.01161235012114048,0.0002123647282132879,0.014572739214481534,1.603903889656067,0.8656260847093292
p257_233.wav,frequency_masking,"{""mask_floor"": 0.05, ""noise_frames"": 6, ""threshold"": 2.0}",10.695356998543648,15.792180464609864,5.0968234660662155,0.006373918149620295,6.929368828423321e-05,0.008324283049262153,2.533656120300293,0.9240825920788341
p257_234.wav,noisy_input,{},6.905814008774623,6.905814008774623,0.0,0.02139601670205593,0.000716764887329191,0.0267724650962363,1.1174898147583008,0.9144798394580358
p257_234.wav,spectral_subtraction,"{""alpha"": 2.0, ""beta"": 0.02, ""noise_frames"": 6}",6.905814008774623,11.674110286935534,4.768296278160911,0.011531800962984562,0.00023908210278023034,0.015462279999412453,1.5522639751434326,0.9158699039644186
p257_234.wav,wavelet_denoise,"{""mode"": ""soft"", ""threshold_scale"": 1.0, ""wavelet"": ""db4""}",6.905814008774623,7.455629417947579,0.5498154091729557,0.02006503753364086,0.0006315317004919052,0.025130294476824286,1.1399168968200684,0.8923226096017579
p257_234.wav,frequency_masking,"{""mask_floor"": 0.05, ""noise_frames"": 6, ""threshold"": 2.0}",6.905814008774623,11.441875049576296,4.536061040801673,0.012227428145706654,0.00025221481337212026,0.015881272410361844,1.4517970085144043,0.9162862396050102
p257_235.wav,noisy_input,{},0.8607334327182616,0.8607334327182616,0.0,0.038277748972177505,0.0023082930129021406,0.04804469807275451,1.0925824642181396,0.8568077479714289
p257_235.wav,spectral_subtraction,"{""alpha"": 2.0, ""beta"": 0.02, ""noise_frames"": 6}",0.8607334327182616,6.965619612760441,6.104886180042179,0.017113788053393364,0.0005659816088154912,0.02379036798402856,1.1338473558425903,0.8399233613518867
p257_235.wav,wavelet_denoise,"{""mode"": ""soft"", ""threshold_scale"": 1.0, ""wavelet"": ""db4""}",0.8607334327182616,1.4857548204623194,0.6250213877440578,0.03558848798274994,0.0019988894928246737,0.044708941978363496,1.123521089553833,0.8212846653950905
p257_235.wav,frequency_masking,"{""mask_floor"": 0.05, ""noise_frames"": 6, ""threshold"": 2.0}",0.8607334327182616,3.3376815041278696,2.476948071409608,0.02694731391966343,0.001304956735111773,0.03612418490584629,1.140941858291626,0.8512156913318369
p257_236.wav,noisy_input,{},16.40789048188707,16.40789048188707,0.0,0.007492934353649616,8.840591181069613e-05,0.009402441800441847,3.649848222732544,0.9675059619004789
p257_236.wav,spectral_subtraction,"{""alpha"": 2.0, ""beta"": 0.02, ""noise_frames"": 6}",16.40789048188707,19.726983815924413,3.319093334037344,0.005093753337860107,4.1169154428644106e-05,0.00641631938331035,3.444749593734741,0.9682323512192635
p257_236.wav,wavelet_denoise,"{""mode"": ""soft"", ""threshold_scale"": 1.0, ""wavelet"": ""db4""}",16.40789048188707,16.36444402199215,-0.0434464598949198,0.007534455042332411,8.929475006880239e-05,0.009449589941833581,3.8625423908233643,0.960564917761076
p257_236.wav,frequency_masking,"{""mask_floor"": 0.05, ""noise_frames"": 6, ""threshold"": 2.0}",16.40789048188707,20.787195555060556,4.379305073173487,0.004480592906475067,3.225156615371816e-05,0.005679046236272263,3.719681739807129,0.9681015341472182
p257_237.wav,noisy_input,{},11.558345359554023,11.558345359554023,0.0,0.011505451053380966,0.00020780425984412432,0.014415417435652854,2.8682026863098145,0.9899017366046137
p257_237.wav,spectral_subtraction,"{""alpha"": 2.0, ""beta"": 0.02, ""noise_frames"": 6}",11.558345359554023,19.78776203150886,8.229416671954835,0.004430942237377167,3.12401243718341e-05,0.005589286570917088,3.315659523010254,0.9875082175460447
p257_237.wav,wavelet_denoise,"{""mode"": ""soft"", ""threshold_scale"": 1.0, ""wavelet"": ""db4""}",11.558345359554023,11.576349955089585,0.018004595535561663,0.01146451011300087,0.00020694454724434763,0.014385567324382714,3.0113463401794434,0.9759129715050788
p257_237.wav,frequency_masking,"{""mask_floor"": 0.05, ""noise_frames"": 6, ""threshold"": 2.0}",11.558345359554023,16.359904250232738,4.801558890678715,0.005977826192975044,6.878576095914468e-05,0.008293718162509785,3.057643413543701,0.9888653755159524
p257_238.wav,noisy_input,{},5.56826475882959,5.56826475882959,0.0,0.026683058589696884,0.0011727279052138329,0.03424511505622127,2.0719122886657715,0.9605116347058125
p257_238.wav,spectral_subtraction,"{""alpha"": 2.0, ""beta"": 0.02, ""noise_frames"": 6}",5.56826475882959,18.858067023988585,13.289802265158995,0.00578121654689312,5.498155587702058e-05,0.007414954880309157,2.752612590789795,0.9571901405698576
p257_238.wav,wavelet_denoise,"{""mode"": ""soft"", ""threshold_scale"": 1.0, ""wavelet"": ""db4""}",5.56826475882959,5.637518725646432,0.06925396681684148,0.026432935148477554,0.0011541754938662052,0.03397315843230071,2.3561670780181885,0.9480951215396758
p257_238.wav,frequency_masking,"{""mask_floor"": 0.05, ""noise_frames"": 6, ""threshold"": 2.0}",5.56826475882959,16.173143041881424,10.604878283051834,0.00676007941365242,0.00010202566045336425,0.010100775240216181,2.722546339035034,0.961786185667437
p257_239.wav,noisy_input,{},0.8498702974879541,0.8498702974879541,0.0,0.046110279858112335,0.003166615031659603,0.056272684596166224,1.175166368484497,0.9264359928257481
p257_239.wav,spectral_subtraction,"{""alpha"": 2.0, ""beta"": 0.02, ""noise_frames"": 6}",0.8498702974879541,8.99563147035612,8.145761172868166,0.014272197149693966,0.00048530989442951977,0.02202975021259932,1.3866171836853027,0.9115116929970998
p257_239.wav,wavelet_denoise,"{""mode"": ""soft"", ""threshold_scale"": 1.0, ""wavelet"": ""db4""}",0.8498702974879541,0.9471382355752018,0.09726793808724776,0.04561034217476845,0.003096481319516897,0.05564603597307626,1.4400932788848877,0.9157834603207501
p257_239.wav,frequency_masking,"{""mask_floor"": 0.05, ""noise_frames"": 6, ""threshold"": 2.0}",0.8498702974879541,3.620838215287261,2.770967917799307,0.028734715655446053,0.0016730097122490406,0.0409024413971714,1.3087159395217896,0.925450219139294
p257_240.wav,noisy_input,{},16.685554179916092,16.685554179916092,0.0,0.00721098855137825,8.395492477575317e-05,0.009162692004850603,1.9950873851776123,0.8982473861644532
p257_240.wav,spectral_subtraction,"{""alpha"": 2.0, ""beta"": 0.02, ""noise_frames"": 6}",16.685554179916092,16.90084833431577,0.21529415439967892,0.0069293794222176075,7.989447476575151e-05,0.00893837092348217,2.484628438949585,0.8848538413577428
p257_240.wav,wavelet_denoise,"{""mode"": ""soft"", ""threshold_scale"": 1.0, ""wavelet"": ""db4""}",16.685554179916092,16.927569035346725,0.24201485543063228,0.007049692329019308,7.940442446852103e-05,0.008910916028586569,2.0808475017547607,0.8897709039593236
p257_240.wav,frequency_masking,"{""mask_floor"": 0.05, ""noise_frames"": 6, ""threshold"": 2.0}",16.685554179916092,18.859982219723427,2.174428039807335,0.005576972384005785,5.0886592362076044e-05,0.00713348388671875,2.372096061706543,0.894292672350369
p257_241.wav,noisy_input,{},10.412965268982033,10.412965268982033,0.0,0.01773100532591343,0.0004946400877088308,0.022240505563247227,1.1449283361434937,0.9695163121893103
p257_241.wav,spectral_subtraction,"{""alpha"": 2.0, ""beta"": 0.02, ""noise_frames"": 6}",10.412965268982033,16.498579907801727,6.085614638819694,0.008759867399930954,0.00012182259524706751,0.011037327359785408,2.5508155822753906,0.966921620958436
p257_241.wav,wavelet_denoise,"{""mode"": ""soft"", ""threshold_scale"": 1.0, ""wavelet"": ""db4""}",10.412965268982033,10.500887565622147,0.08792229664011408,0.01756502501666546,0.00048472685739398,0.02201651328875624,1.2698177099227905,0.9699273003482597
p257_241.wav,frequency_masking,"{""mask_floor"": 0.05, ""noise_frames"": 6, ""threshold"": 2.0}",10.412965268982033,13.528980606621687,3.116015337639654,0.011899156495928764,0.00024137250147759914,0.015536167528628131,1.2723702192306519,0.9706240305581549
p257_242.wav,noisy_input,{},6.50466908695986,6.50466908695986,0.0,0.01887025311589241,0.0005624257028102875,0.023715516077249667,1.2014532089233398,0.9201427476919721
p257_242.wav,spectral_subtraction,"{""alpha"": 2.0, ""beta"": 0.02, ""noise_frames"": 6}",6.50466908695986,16.378664740561753,9.873995653601893,0.005646704696118832,5.78982726437971e-05,0.007609091446670693,2.163438320159912,0.9149778220400412
p257_242.wav,wavelet_denoise,"{""mode"": ""soft"", ""threshold_scale"": 1.0, ""wavelet"": ""db4""}",6.50466908695986,6.667553932869758,0.1628848459098986,0.018480734899640083,0.0005417222855612636,0.023274928261141078,1.2767159938812256,0.926014137079952
p257_242.wav,frequency_masking,"{""mask_floor"": 0.05, ""noise_frames"": 6, ""threshold"": 2.0}",6.50466908695986,14.388125532076444,7.883456445116584,0.007025172468274832,9.156289888778701e-05,0.00956885044756093,1.7746427059173584,0.9200385686202498
p257_243.wav,noisy_input,{},1.239369511048964,1.239369511048964,0.0,0.04268933832645416,0.0034992783330380917,0.05915469831753089,1.1468207836151123,0.9345372599622138
p257_243.wav,spectral_subtraction,"{""alpha"": 2.0, ""beta"": 0.02, ""noise_frames"": 6}",1.239369511048964,7.723048569284231,6.483679058235267,0.017093857750296593,0.0007863403880037367,0.028041761499658625,1.4281847476959229,0.9158744324574193
p257_243.wav,wavelet_denoise,"{""mode"": ""soft"", ""threshold_scale"": 1.0, ""wavelet"": ""db4""}",1.239369511048964,1.3038305584843448,0.06446104743538084,0.04233047366142273,0.0034477231092751026,0.05871731524239764,1.2188358306884766,0.9313838138709807
p257_243.wav,frequency_masking,"{""mask_floor"": 0.05, ""noise_frames"": 6, ""threshold"": 2.0}",1.239369511048964,3.7656741267368,2.526304615687836,0.02564704604446888,0.0019559061620384455,0.044225627887441527,1.3267751932144165,0.9304231053828783
p257_244.wav,noisy_input,{},16.29778883868822,16.29778883868822,0.0,0.0073988186195492744,9.178085747407749e-05,0.009580232641960083,3.6436359882354736,0.9961254311291937
p257_244.wav,spectral_subtraction,"{""alpha"": 2.0, ""beta"": 0.02, ""noise_frames"": 6}",16.29778883868822,20.38659591889757,4.0888070802093495,0.004756276961416006,3.579904296202585e-05,0.00598323014449769,3.458979368209839,0.9864711038824947
p257_244.wav,wavelet_denoise,"{""mode"": ""soft"", ""threshold_scale"": 1.0, ""wavelet"": ""db4""}",16.29778883868822,16.27875866374902,-0.019030174939199895,0.007425982505083084,9.218390914611518e-05,0.009601245187272076,3.908878803253174,0.9934819332888993
p257_244.wav,frequency_masking,"{""mask_floor"": 0.05, ""noise_frames"": 6, ""threshold"": 2.0}",16.29778883868822,20.52855772469275,4.23076888600453,0.00461208401247859,3.46477645507548e-05,0.005886235176303679,3.499480962753296,0.9912610813223133
p257_245.wav,noisy_input,{},11.427248368588785,11.427248368588785,0.0,0.013107659295201302,0.00029042785172350705,0.017041943895093278,1.571687936782837,0.973619883534898
p257_245.wav,spectral_subtraction,"{""alpha"": 2.0, ""beta"": 0.02, ""noise_frames"": 6}",11.427248368588785,18.754792381974006,7.327544013385221,0.005631045904010534,5.3738294809591025e-05,0.007330640818481767,1.919802188873291,0.9734543542914491
p257_245.wav,wavelet_denoise,"{""mode"": ""soft"", ""threshold_scale"": 1.0, ""wavelet"": ""db4""}",11.427248368588785,11.463749255966327,0.03650088737754231,0.013054514303803444,0.00028799715801142156,0.016970479015379077,1.662477731704712,0.9718017059413366
p257_245.wav,frequency_masking,"{""mask_floor"": 0.05, ""noise_frames"": 6, ""threshold"": 2.0}",11.427248368588785,15.469401219049567,4.042152850460782,0.007445754949003458,0.00011450461170170456,0.010700682768015533,1.5913292169570923,0.9730800164463822
p257_246.wav,noisy_input,{},6.315921219006402,6.315921219006402,0.0,0.023752322420477867,0.0009234689641743898,0.030388632153724685,1.377568006515503,0.946450032606625
p257_246.wav,spectral_subtraction,"{""alpha"": 2.0, ""beta"": 0.02, ""noise_frames"": 6}",6.315921219006402,14.494764382102625,8.178843163096223,0.007994335144758224,0.0001404552604071796,0.011851382215048993,2.4243555068969727,0.9578848565267406
p257_246.wav,wavelet_denoise,"{""mode"": ""soft"", ""threshold_scale"": 1.0, ""wavelet"": ""db4""}",6.315921219006402,6.36411101155221,0.04818979254580835,0.023593349382281303,0.0009132786653935909,0.030220500746903432,1.4840185642242432,0.9437444903116534
p257_246.wav,frequency_masking,"{""mask_floor"": 0.05, ""noise_frames"": 6, ""threshold"": 2.0}",6.315921219006402,10.664359599865794,4.348438380859392,0.011554288677871227,0.0003392957733012736,0.018419982988626064,2.4076876640319824,0.9562761899828846
p257_247.wav,noisy_input,{},1.4191422707813266,1.4191422707813266,0.0,0.034771792590618134,0.0018944944022223353,0.04352579008154057,1.6079583168029785,0.8890227616683481
p257_247.wav,spectral_subtraction,"{""alpha"": 2.0, ""beta"": 0.02, ""noise_frames"": 6}",1.4191422707813266,4.30338346745593,2.8842411966746035,0.020887063816189766,0.0009751450270414352,0.031227312196880398,1.4121911525726318,0.8465415496883727
p257_247.wav,wavelet_denoise,"{""mode"": ""soft"", ""threshold_scale"": 1.0, ""wavelet"": ""db4""}",1.4191422707813266,1.5219292576970616,0.10278698691573496,0.034353774040937424,0.0018501827726140618,0.04301375097121921,1.7440464496612549,0.8800236016787697
p257_247.wav,frequency_masking,"{""mask_floor"": 0.05, ""noise_frames"": 6, ""threshold"": 2.0}",1.4191422707813266,2.9172566136344393,1.4981143428531127,0.027709759771823883,0.0013417818117886782,0.03663034004467715,1.555452585220337,0.8644266074229421
p257_248.wav,noisy_input,{},16.424723387206,16.424723387206,0.0,0.006170677021145821,9.944920020643622e-05,0.009972421982970648,2.8222496509552,0.9811707530280677
p257_248.wav,spectral_subtraction,"{""alpha"": 2.0, ""beta"": 0.02, ""noise_frames"": 6}",16.424723387206,19.189320566269124,2.7645971790631236,0.004751008003950119,5.2618877816712484e-05,0.007253887083261807,3.195516586303711,0.9818232042418522
p257_248.wav,wavelet_denoise,"{""mode"": ""soft"", ""threshold_scale"": 1.0, ""wavelet"": ""db4""}",16.424723387206,16.458398416907944,0.033675029701942805,0.006143471691757441,9.868105553323403e-05,0.009933833878882515,2.9689812660217285,0.9788543500440718
p257_248.wav,frequency_masking,"{""mask_floor"": 0.05, ""noise_frames"": 6, ""threshold"": 2.0}",16.424723387206,17.764020189394035,1.3392968021880343,0.004977664910256863,7.305864710360765e-05,0.008547435118420476,3.0854029655456543,0.9826883297485429
p257_249.wav,noisy_input,{},10.361287675270978,10.361287675270978,0.0,0.01266467198729515,0.00027467685868032277,0.01657337801054217,1.5815930366516113,0.9406063224606639
p257_249.wav,spectral_subtraction,"{""alpha"": 2.0, ""beta"": 0.02, ""noise_frames"": 6}",10.361287675270978,14.705083258816796,4.343795583545818,0.007631348446011543,0.000101028177596163,0.01005127741116337,2.04423189163208,0.9392158923068631
p257_249.wav,wavelet_denoise,"{""mode"": ""soft"", ""threshold_scale"": 1.0, ""wavelet"": ""db4""}",10.361287675270978,10.520995409296948,0.15970773402596983,0.012411918491125107,0.0002647593501023948,0.016271427414409432,1.724304437637329,0.9426903948833811
p257_249.wav,frequency_masking,"{""mask_floor"": 0.05, ""noise_frames"": 6, ""threshold"": 2.0}",10.361287675270978,12.38388027764628,2.022592602375303,0.009637010283768177,0.00017241014575120062,0.013130504398201945,1.761871099472046,0.9404385837377691
p257_250.wav,noisy_input,{},6.06527248253766,6.06527248253766,0.0,0.024124979972839355,0.0010763226309791207,0.03280735635462145,1.2221277952194214,0.9237833776435147
p257_250.wav,spectral_subtraction,"{""alpha"": 2.0, ""beta"": 0.02, ""noise_frames"": 6}",6.06527248253766,13.264264607502689,7.198992124965029,0.010016746819019318,0.00020513666095212102,0.014322592675633872,1.8945380449295044,0.9243945469395778
p257_250.wav,wavelet_denoise,"{""mode"": ""soft"", ""threshold_scale"": 1.0, ""wavelet"": ""db4""}",6.06527248253766,6.1807571575644,0.11548467502673976,0.02374178357422352,0.0010480789933353662,0.03237404814562687,1.2873003482818604,0.925463346557302
p257_250.wav,frequency_masking,"{""mask_floor"": 0.05, ""noise_frames"": 6, ""threshold"": 2.0}",6.06527248253766,9.598701346648612,3.5334288641109524,0.01369127631187439,0.00047708922647871077,0.02184237227223066,1.5912988185882568,0.9281740296007085
p257_251.wav,noisy_input,{},1.7755923945197485,1.7755923945197485,0.0,0.038916539400815964,0.0028991024009883404,0.05384331342876607,1.1055729389190674,0.8771749701119863
p257_251.wav,spectral_subtraction,"{""alpha"": 2.0, ""beta"": 0.02, ""noise_frames"": 6}",1.7755923945197485,9.948963499323838,8.17337110480409,0.013006732799112797,0.00044149564928375185,0.02101179785938728,1.5089858770370483,0.8749254604423687
p257_251.wav,wavelet_denoise,"{""mode"": ""soft"", ""threshold_scale"": 1.0, ""wavelet"": ""db4""}",1.7755923945197485,1.9238988098456036,0.1483064153258551,0.037950076162815094,0.0028017726726830006,0.05293177375341772,1.1378248929977417,0.8838703957068503
p257_251.wav,frequency_masking,"{""mask_floor"": 0.05, ""noise_frames"": 6, ""threshold"": 2.0}",1.7755923945197485,7.534000486772223,5.758408092252475,0.015561829321086407,0.0007698794943280518,0.027746702404575066,1.292852759361267,0.8794491068319972
p257_252.wav,noisy_input,{},15.093982985650403,15.093982985650403,0.0,0.0082840071991086,0.00011585233005462214,0.010763472026006391,1.773655652999878,0.8699974855436072
p257_252.wav,spectral_subtraction,"{""alpha"": 2.0, ""beta"": 0.02, ""noise_frames"": 6}",15.093982985650403,16.706521850182227,1.6125388645318246,0.00651838444173336,7.991915481397882e-05,0.008939751384349501,2.1517117023468018,0.8717308295375649
p257_252.wav,wavelet_denoise,"{""mode"": ""soft"", ""threshold_scale"": 1.0, ""wavelet"": ""db4""}",15.093982985650403,16.106035248067386,1.012052262416983,0.007394962944090366,9.176975436275825e-05,0.009579653144177937,1.9078010320663452,0.8765865375997588
p257_252.wav,frequency_masking,"{""mask_floor"": 0.05, ""noise_frames"": 6, ""threshold"": 2.0}",15.093982985650403,17.64012516969268,2.546142184042278,0.005804944783449173,6.446003681048751e-05,0.008028700817099084,2.1042912006378174,0.8788044504836233
p257_253.wav,noisy_input,{},11.149711492323341,11.149711492323341,0.0,0.012061748653650284,0.00022967590484768152,0.01515506202058182,1.4737412929534912,0.9224095869413043
p257_253.wav,spectral_subtraction,"{""alpha"": 2.0, ""beta"": 0.02, ""noise_frames"": 6}",11.149711492323341,14.900453179588562,3.7507416872652204,0.0072986106388270855,9.683698590379208e-05,0.009840578535014702,1.7028517723083496,0.9039547766873077
p257_253.wav,wavelet_denoise,"{""mode"": ""soft"", ""threshold_scale"": 1.0, ""wavelet"": ""db4""}",11.149711492323341,11.70721947698998,0.5575079846666391,0.011204399168491364,0.00020200616563670337,0.014212887308239075,1.579734206199646,0.9199062791957455
p257_253.wav,frequency_masking,"{""mask_floor"": 0.05, ""noise_frames"": 6, ""threshold"": 2.0}",11.149711492323341,14.904739526058199,3.755028033734858,0.007660487201064825,9.674145985627547e-05,0.009835723656969804,1.7325252294540405,0.9185802986147553
p257_254.wav,noisy_input,{},6.709024813321976,6.709024813321976,0.0,0.01804393157362938,0.0005499774124473333,0.023451597225931826,1.2664272785186768,0.8906910738896512
p257_254.wav,spectral_subtraction,"{""alpha"": 2.0, ""beta"": 0.02, ""noise_frames"": 6}",6.709024813321976,11.265138972024173,4.556114158702197,0.010102516040205956,0.00019263422291260213,0.013879273140644006,1.9110665321350098,0.8797937117464464
p257_254.wav,wavelet_denoise,"{""mode"": ""soft"", ""threshold_scale"": 1.0, ""wavelet"": ""db4""}",6.709024813321976,7.009093682261681,0.30006886893970464,0.01729358173906803,0.0005132606602273881,0.022655256790144494,1.2783942222595215,0.8784885758337149
p257_254.wav,frequency_masking,"{""mask_floor"": 0.05, ""noise_frames"": 6, ""threshold"": 2.0}",6.709024813321976,11.135098196775532,4.426073383453556,0.010119063779711723,0.00019848950614687055,0.014088630385771022,1.7980306148529053,0.8928083434911248
p257_255.wav,noisy_input,{},1.033888619742827,1.033888619742827,0.0,0.04197933152318001,0.002784391399472952,0.05276733269242394,1.175175428390503,0.8218035879630564
p257_255.wav,spectral_subtraction,"{""alpha"": 2.0, ""beta"": 0.02, ""noise_frames"": 6}",1.033888619742827,6.993845801615941,5.959957181873114,0.01894385740160942,0.0007058859919197857,0.026568515049204117,1.5913515090942383,0.822676447247925
p257_255.wav,wavelet_denoise,"{""mode"": ""soft"", ""threshold_scale"": 1.0, ""wavelet"": ""db4""}",1.033888619742827,1.7835885444929072,0.7496999247500802,0.038303907960653305,0.0023429354187101126,0.048403878137088484,1.1755366325378418,0.7427951119533017
p257_255.wav,frequency_masking,"{""mask_floor"": 0.05, ""noise_frames"": 6, ""threshold"": 2.0}",1.033888619742827,3.443180433087631,2.409291813344804,0.030056385323405266,0.001598825678229332,0.03998531828345664,1.32138192653656,0.8275285654596254
p257_256.wav,noisy_input,{},16.403403847149182,16.403403847149182,0.0,0.006978396791964769,7.855619332985952e-05,0.00886319317908955,3.246940851211548,0.9905672249836265
p257_256.wav,spectral_subtraction,"{""alpha"": 2.0, ""beta"": 0.02, ""noise_frames"": 6}",16.403403847149182,21.613349181973728,5.209945334824546,0.003898781491443515,2.3669326765229926e-05,0.004865113232518841,3.5938305854797363,0.9852126610271777
p257_256.wav,wavelet_denoise,"{""mode"": ""soft"", ""threshold_scale"": 1.0, ""wavelet"": ""db4""}",16.403403847149182,16.357351496938318,-0.04605235021086429,0.007051489781588316,7.93936342233792e-05,0.008910310557066975,3.5698723793029785,0.9843673294329455
p257_256.wav,frequency_masking,"{""mask_floor"": 0.05, ""noise_frames"": 6, ""threshold"": 2.0}",16.403403847149182,19.340585780566272,2.93718193341709,0.0048338137567043304,3.994498183601536e-05,0.006320204255877761,3.597855567932129,0.9889116526535491
p257_257.wav,noisy_input,{},10.666248612420137,10.666248612420137,0.0,0.010324682109057903,0.00017865642439574003,0.013366241969818593,2.2974226474761963,0.9855565056420341
p257_257.wav,spectral_subtraction,"{""alpha"": 2.0, ""beta"": 0.02, ""noise_frames"": 6}",10.666248612420137,13.8701246369779,3.203876024557763,0.006837662309408188,8.543406147509813e-05,0.009243054769668854,2.4273014068603516,0.9816228825623563
p257_257.wav,wavelet_denoise,"{""mode"": ""soft"", ""threshold_scale"": 1.0, ""wavelet"": ""db4""}",10.666248612420137,10.763234903904053,0.09698629148391547,0.010214279405772686,0.00017471090541221201,0.013217825290576813,2.9006526470184326,0.9818754120571501
p257_257.wav,frequency_masking,"{""mask_floor"": 0.05, ""noise_frames"": 6, ""threshold"": 2.0}",10.666248612420137,11.585624132962764,0.9193755205426264,0.008945048786699772,0.00014457096403930336,0.01202376663276959,2.6778292655944824,0.9852724938743109
p257_258.wav,noisy_input,{},6.569854126296835,6.569854126296835,0.0,0.02304411306977272,0.0008551571518182755,0.029243070150349732,2.477905035018921,0.9568155969451122
p257_258.wav,spectral_subtraction,"{""alpha"": 2.0, ""beta"": 0.02, ""noise_frames"": 6}",6.569854126296835,13.138326141988914,6.5684720156920795,0.009724211879074574,0.00018845111480914056,0.013727749808659121,2.7831573486328125,0.9507850471145026
p257_258.wav,wavelet_denoise,"{""mode"": ""soft"", ""threshold_scale"": 1.0, ""wavelet"": ""db4""}",6.569854126296835,6.613412377232114,0.04355825093527965,0.0229388028383255,0.0008466230356134474,0.029096787376159717,2.7750580310821533,0.9496722421562489
p257_258.wav,frequency_masking,"{""mask_floor"": 0.05, ""noise_frames"": 6, ""threshold"": 2.0}",6.569854126296835,9.674054692349834,3.1042005660529997,0.013894819654524326,0.0004184329300187528,0.020455633209919288,2.836461305618286,0.9573244388451194
p257_259.wav,noisy_input,{},-0.013713796279375978,-0.013713796279375978,0.0,0.06443826854228973,0.006244065705686808,0.07901940081832314,1.1768580675125122,0.9356300397083182
p257_259.wav,spectral_subtraction,"{""alpha"": 2.0, ""beta"": 0.02, ""noise_frames"": 6}",-0.013713796279375978,16.57865310899966,16.592366905279036,0.00878638494759798,0.00013684558507520705,0.011698101772305071,1.8844914436340332,0.9145334176728512
p257_259.wav,wavelet_denoise,"{""mode"": ""soft"", ""threshold_scale"": 1.0, ""wavelet"": ""db4""}",-0.013713796279375978,0.07615431570007025,0.08986811197944623,0.06380490958690643,0.006116185337305069,0.07820604412259367,1.3685557842254639,0.9005432681810491
p257_259.wav,frequency_masking,"{""mask_floor"": 0.05, ""noise_frames"": 6, ""threshold"": 2.0}",-0.013713796279375978,15.0964349979809,15.110148794260276,0.008804856799542904,0.00019250968762207776,0.013874786038785527,1.3045355081558228,0.9181825039411805
p257_260.wav,noisy_input,{},15.54908470421803,15.54908470421803,0.0,0.0072616287507116795,8.810759027255699e-05,0.009386564348714443,1.7256932258605957,0.8355852826319384
p257_260.wav,spectral_subtraction,"{""alpha"": 2.0, ""beta"": 0.02, ""noise_frames"": 6}",15.54908470421803,17.147507973673434,1.5984232694554041,0.005831782706081867,6.0977694374741986e-05,0.007808821574011151,1.8289244174957275,0.8349508186207462
p257_260.wav,wavelet_denoise,"{""mode"": ""soft"", ""threshold_scale"": 1.0, ""wavelet"": ""db4""}",15.54908470421803,15.942902488237108,0.3938177840190775,0.0069462391547858715,8.046954462770373e-05,0.008970481850363653,1.800459861755371,0.8403446400727065
p257_260.wav,frequency_masking,"{""mask_floor"": 0.05, ""noise_frames"": 6, ""threshold"": 2.0}",15.54908470421803,16.117592284328882,0.5685075801108521,0.0066777789033949375,7.729698700131848e-05,0.0087918705064007,1.7641260623931885,0.838605281291812
p257_261.wav,noisy_input,{},11.383848617444198,11.383848617444198,0.0,0.014363326132297516,0.0003466876514721662,0.018619550248922936,1.618402361869812,0.9589605967523044
p257_261.wav,spectral_subtraction,"{""alpha"": 2.0, ""beta"": 0.02, ""noise_frames"": 6}",11.383848617444198,12.537428920526876,1.1535803030826788,0.011951046995818615,0.0002658155281096697,0.016303850100809616,2.2315759658813477,0.9479540830563017
p257_261.wav,wavelet_denoise,"{""mode"": ""soft"", ""threshold_scale"": 1.0, ""wavelet"": ""db4""}",11.383848617444198,11.486030013209795,0.10218139576559793,0.014201570302248001,0.0003386259195394814,0.01840179120464857,1.736618161201477,0.9604407644766774
p257_261.wav,frequency_masking,"{""mask_floor"": 0.05, ""noise_frames"": 6, ""threshold"": 2.0}",11.383848617444198,17.51827988425408,6.134431266809884,0.007186191622167826,8.442969556199387e-05,0.00918856330238813,2.4450881481170654,0.9593179127579992
p257_262.wav,noisy_input,{},6.905867384245324,6.905867384245324,0.0,0.022954491898417473,0.0008870558813214302,0.02978348336446612,1.34507417678833,0.9501631428053675
p257_262.wav,spectral_subtraction,"{""alpha"": 2.0, ""beta"": 0.02, ""noise_frames"": 6}",6.905867384245324,15.642432609569635,8.736565225324311,0.008204667828977108,0.00011865729902638122,0.010892993116053146,1.3686623573303223,0.9520783058848439
p257_262.wav,wavelet_denoise,"{""mode"": ""soft"", ""threshold_scale"": 1.0, ""wavelet"": ""db4""}",6.905867384245324,7.06357549836357,0.15770811411824592,0.022476067766547203,0.0008554215310141444,0.029247590174476673,1.4417613744735718,0.9534818317505894
p257_262.wav,frequency_masking,"{""mask_floor"": 0.05, ""noise_frames"": 6, ""threshold"": 2.0}",6.905867384245324,13.79650670549906,6.890639321253737,0.008899461477994919,0.00018150435062125325,0.013472355051038895,1.3526707887649536,0.9543431850477667
p257_263.wav,noisy_input,{},0.36497526892119886,0.36497526892119886,0.0,0.0376441515982151,0.002318228827789426,0.04814798882393143,1.0742028951644897,0.7998746801807841
p257_263.wav,spectral_subtraction,"{""alpha"": 2.0, ""beta"": 0.02, ""noise_frames"": 6}",0.36497526892119886,7.656187887329711,7.291212618408513,0.013936868868768215,0.0004325487243477255,0.02079780575800547,1.318993330001831,0.7610355619107512
p257_263.wav,wavelet_denoise,"{""mode"": ""soft"", ""threshold_scale"": 1.0, ""wavelet"": ""db4""}",0.36497526892119886,0.7629888933335052,0.3980136244123063,0.03590890392661095,0.002115217037498951,0.045991488750625927,1.0975052118301392,0.7989772239178711
p257_263.wav,frequency_masking,"{""mask_floor"": 0.05, ""noise_frames"": 6, ""threshold"": 2.0}",0.36497526892119886,4.979268510557392,4.614293241636194,0.01919976808130741,0.0008011742029339075,0.028305020807869185,1.0787384510040283,0.783797247583284
p257_264.wav,noisy_input,{},14.524491337585832,14.524491337585832,0.0,0.010688086040318012,0.00016280925774481148,0.012759673104935388,2.2235329151153564,0.8926365261003751
p257_264.wav,spectral_subtraction,"{""alpha"": 2.0, ""beta"": 0.02, ""noise_frames"": 6}",14.524491337585832,22.492919104736654,7.968427767150821,0.00408031465485692,2.5991796064772643e-05,0.005098214988088737,2.783186197280884,0.8944641982398497
p257_264.wav,wavelet_denoise,"{""mode"": ""soft"", ""threshold_scale"": 1.0, ""wavelet"": ""db4""}",14.524491337585832,14.668029081627317,0.14353774404148467,0.010511239990592003,0.0001575162314111367,0.012550547056249648,2.7759809494018555,0.9402059198845879
p257_264.wav,frequency_masking,"{""mask_floor"": 0.05, ""noise_frames"": 6, ""threshold"": 2.0}",14.524491337585832,18.730192811079213,4.205701473493381,0.0061645847745239735,6.181714707054198e-05,0.007862388127696443,2.7321767807006836,0.8944727381083261
p257_265.wav,noisy_input,{},11.331862583715722,11.331862583715722,0.0,0.011313853785395622,0.00020443566609174013,0.014298100086785661,2.709500312805176,0.9889966998832628
p257_265.wav,spectral_subtraction,"{""alpha"": 2.0, ""beta"": 0.02, ""noise_frames"": 6}",11.331862583715722,15.053238749333726,3.721376165618004,0.006704141851514578,8.677988080307841e-05,0.009315571952546897,3.0028457641601562,0.9894810445511926
p257_265.wav,wavelet_denoise,"{""mode"": ""soft"", ""threshold_scale"": 1.0, ""wavelet"": ""db4""}",11.331862583715722,11.35963321711812,0.027770633402397493,0.011283858679234982,0.00020313258573878556,0.014252458936576017,2.912095546722412,0.9869424709018542
p257_265.wav,frequency_masking,"{""mask_floor"": 0.05, ""noise_frames"": 6, ""threshold"": 2.0}",11.331862583715722,12.23017391950288,0.8983113357871577,0.009650524705648422,0.00016623617557343096,0.012893260858814226,2.8334171772003174,0.989862258027808
p257_266.wav,noisy_input,{},6.0188097140904855,6.0188097140904855,0.0,0.0191913191229105,0.0005480452673509717,0.023410366664171914,1.574100136756897,0.948996539283868
p257_266.wav,spectral_subtraction,"{""alpha"": 2.0, ""beta"": 0.02, ""noise_frames"": 6}",6.0188097140904855,9.90071193832608,3.881902224235594,0.011140829883515835,0.00022419514425564557,0.014973147439855308,2.2413575649261475,0.9504134697023566
p257_266.wav,wavelet_denoise,"{""mode"": ""soft"", ""threshold_scale"": 1.0, ""wavelet"": ""db4""}",6.0188097140904855,6.13029562657716,0.11148591248667472,0.01890849880874157,0.0005341556388884783,0.023111807347944,1.8075480461120605,0.9454145044423603
p257_266.wav,frequency_masking,"{""mask_floor"": 0.05, ""noise_frames"": 6, ""threshold"": 2.0}",6.0188097140904855,7.240480212957391,1.2216704988669056,0.015878668054938316,0.00041366557707078755,0.020338770293967814,1.877271294593811,0.9527897334477302
p257_267.wav,noisy_input,{},0.42038464869156567,0.42038464869156567,0.0,0.050681501626968384,0.0033847272861748934,0.05817840910659979,1.1265113353729248,0.8751003653975216
p257_267.wav,spectral_subtraction,"{""alpha"": 2.0, ""beta"": 0.02, ""noise_frames"": 6}",0.42038464869156567,14.939412034585473,14.519027385893907,0.007745952811092138,0.00011956964590353891,0.010934790620013669,1.547410011291504,0.8542565827217354
p257_267.wav,wavelet_denoise,"{""mode"": ""soft"", ""threshold_scale"": 1.0, ""wavelet"": ""db4""}",0.42038464869156567,0.5010651472504255,0.08068049855885984,0.05028137192130089,0.003322428558021784,0.057640511430952654,1.1658618450164795,0.8829904559700991
p257_267.wav,frequency_masking,"{""mask_floor"": 0.05, ""noise_frames"": 6, ""threshold"": 2.0}",0.42038464869156567,13.190631232645753,12.770246583954187,0.009975875727832317,0.00017885415581986308,0.01337363659667269,1.7454814910888672,0.8648037401361338
p257_268.wav,noisy_input,{},15.914393168706658,15.914393168706658,0.0,0.00692435959354043,8.16595638752915e-05,0.00903656814699538,1.2087900638580322,0.8729995193695165
p257_268.wav,spectral_subtraction,"{""alpha"": 2.0, ""beta"": 0.02, ""noise_frames"": 6}",15.914393168706658,18.083729051822747,2.169335883116089,0.005138824228197336,4.955340045853518e-05,0.00703941762211443,2.1768646240234375,0.8708692734728362
p257_268.wav,wavelet_denoise,"{""mode"": ""soft"", ""threshold_scale"": 1.0, ""wavelet"": ""db4""}",15.914393168706658,16.332892193051656,0.41849902434499775,0.006568415556102991,7.41578551242128e-05,0.008611495521929557,1.2716606855392456,0.8761955977391929
p257_268.wav,frequency_masking,"{""mask_floor"": 0.05, ""noise_frames"": 6, ""threshold"": 2.0}",15.914393168706658,17.839897474768765,1.9255043060621073,0.005285030696541071,5.24151255376637e-05,0.00723982910970029,1.4679895639419556,0.869936629448231
p257_269.wav,noisy_input,{},10.783701768495902,10.783701768495902,0.0,0.014357447624206543,0.0004104811523575336,0.020260334458185373,1.303586721420288,0.9174627133014621
p257_269.wav,spectral_subtraction,"{""alpha"": 2.0, ""beta"": 0.02, ""noise_frames"": 6}",10.783701768495902,15.81162162589126,5.027919857395357,0.008735076524317265,0.000128973726532422,0.011356660007784947,1.7735915184020996,0.9224855722543869
p257_269.wav,wavelet_denoise,"{""mode"": ""soft"", ""threshold_scale"": 1.0, ""wavelet"": ""db4""}",10.783701768495902,10.875837325367835,0.09213555687193242,0.014146409928798676,0.0004018645267933607,0.020046558976376985,1.386625051498413,0.9219433108942713
p257_269.wav,frequency_masking,"{""mask_floor"": 0.05, ""noise_frames"": 6, ""threshold"": 2.0}",10.783701768495902,13.584332396242226,2.800630627746324,0.01008764747530222,0.0002153922978322953,0.014676249447058854,1.4903080463409424,0.9206114042187066
p257_270.wav,noisy_input,{},5.796714616076875,5.796714616076875,0.0,0.026362881064414978,0.0011718547903001308,0.03423236466124026,1.111793041229248,0.757139923302281
p257_270.wav,spectral_subtraction,"{""alpha"": 2.0, ""beta"": 0.02, ""noise_frames"": 6}",5.796714616076875,8.900897414899788,3.1041827988229125,0.0171950850635767,0.0005733970901928842,0.023945711311065373,1.2591454982757568,0.7466685439280782
p257_270.wav,wavelet_denoise,"{""mode"": ""soft"", ""threshold_scale"": 1.0, ""wavelet"": ""db4""}",5.796714616076875,6.400409303975559,0.6036946878986837,0.024484727531671524,0.0010197749361395836,0.03193391513954378,1.140091896057129,0.7597403481677659
p257_270.wav,frequency_masking,"{""mask_floor"": 0.05, ""noise_frames"": 6, ""threshold"": 2.0}",5.796714616076875,7.60726730995513,1.8105526938782548,0.020369086414575577,0.0007723577436991036,0.02779132497199627,1.1885205507278442,0.7516282264694772
p257_271.wav,noisy_input,{},1.2246845535682271,1.2246845535682271,0.0,0.0338931530714035,0.0019926398526877165,0.0446389947544489,1.088675618171692,0.7850330760629425
p257_271.wav,spectral_subtraction,"{""alpha"": 2.0, ""beta"": 0.02, ""noise_frames"": 6}",1.2246845535682271,5.191275039008062,3.9665904854398346,0.018992938101291656,0.0007994103361852467,0.02827384544389473,1.2019755840301514,0.7364629187464241
p257_271.wav,wavelet_denoise,"{""mode"": ""soft"", ""threshold_scale"": 1.0, ""wavelet"": ""db4""}",1.2246845535682271,2.314071902875376,1.0893873493071489,0.029808837920427322,0.0015505653573200107,0.03937721876059825,1.098891019821167,0.7826719631130331
p257_271.wav,frequency_masking,"{""mask_floor"": 0.05, ""noise_frames"": 6, ""threshold"": 2.0}",1.2246845535682271,4.010709645666376,2.7860250920981486,0.02298043668270111,0.0010491227731108665,0.03239016475893364,1.2029531002044678,0.7726446050024385
p257_272.wav,noisy_input,{},14.563041921938094,14.563041921938094,0.0,0.009413715451955795,0.00014544509758707136,0.012060062088856398,1.116408348083496,0.8998604317207364
p257_272.wav,spectral_subtraction,"{""alpha"": 2.0, ""beta"": 0.02, ""noise_frames"": 6}",14.563041921938094,17.24328613486515,2.6802442129270574,0.0066485158167779446,7.846475637052208e-05,0.008858033436972458,2.6272189617156982,0.9098619704153139
p257_272.wav,wavelet_denoise,"{""mode"": ""soft"", ""threshold_scale"": 1.0, ""wavelet"": ""db4""}",14.563041921938094,14.826390477624765,0.2633485556866706,0.008946312591433525,0.0001368876255583018,0.011699898527692529,1.314969778060913,0.897625581133514
p257_272.wav,frequency_masking,"{""mask_floor"": 0.05, ""noise_frames"": 6, ""threshold"": 2.0}",14.563041921938094,17.85326357182059,3.290221649882497,0.006179231218993664,6.818312249379233e-05,0.008257307218082195,2.4772911071777344,0.9027152191935113
p257_273.wav,noisy_input,{},10.450806817962334,10.450806817962334,0.0,0.010345712304115295,0.00017309791292063892,0.013156668002219974,1.2181384563446045,0.9255105129351164
p257_273.wav,spectral_subtraction,"{""alpha"": 2.0, ""beta"": 0.02, ""noise_frames"": 6}",10.450806817962334,14.244945976359604,3.79413915839727,0.00607396150007844,7.22566619515419e-05,0.008500391870469378,1.8192098140716553,0.9076719535638886
p257_273.wav,wavelet_denoise,"{""mode"": ""soft"", ""threshold_scale"": 1.0, ""wavelet"": ""db4""}",10.450806817962334,11.383734125182759,0.9329273072204245,0.009301618672907352,0.00013963654055260122,0.01181679061981726,1.275822639465332,0.9205302054570615
p257_273.wav,frequency_masking,"{""mask_floor"": 0.05, ""noise_frames"": 6, ""threshold"": 2.0}",10.450806817962334,13.663027747466835,3.2122209295045003,0.006784599740058184,8.261705806944519e-05,0.009089392612790207,1.8095698356628418,0.920984759992922
p257_274.wav,noisy_input,{},5.022644244446584,5.022644244446584,0.0,0.024775288999080658,0.0009328348678536713,0.030542345487104806,1.087194561958313,0.8173662249904119
p257_274.wav,spectral_subtraction,"{""alpha"": 2.0, ""beta"": 0.02, ""noise_frames"": 6}",5.022644244446584,12.45024140205431,7.4275971576077255,0.008712632581591606,0.00016867280646692961,0.012987409536429103,1.6741845607757568,0.8017192433125075
p257_274.wav,wavelet_denoise,"{""mode"": ""soft"", ""threshold_scale"": 1.0, ""wavelet"": ""db4""}",5.022644244446584,5.734712395522514,0.7120681510759299,0.022975681349635124,0.0007917680195532739,0.02813837272397382,1.1234374046325684,0.8084601062208842
p257_274.wav,frequency_masking,"{""mask_floor"": 0.05, ""noise_frames"": 6, ""threshold"": 2.0}",5.022644244446584,11.453885286840036,6.431241042393451,0.011034922674298286,0.00021216839377302676,0.014566001296616267,1.7766563892364502,0.8269402406428663
p257_275.wav,noisy_input,{},1.484364653480168,1.484364653480168,0.0,0.03685873746871948,0.002130967564880848,0.04616240423635719,1.1322709321975708,0.8967457924226538
p257_275.wav,spectral_subtraction,"{""alpha"": 2.0, ""beta"": 0.02, ""noise_frames"": 6}",1.484364653480168,11.082380948507824,9.598016295027655,0.010579180903732777,0.00023376270837616175,0.015289300454113712,1.201523780822754,0.9059189371307331
p257_275.wav,wavelet_denoise,"{""mode"": ""soft"", ""threshold_scale"": 1.0, ""wavelet"": ""db4""}",1.484364653480168,2.0296809213935143,0.5453162679133463,0.03460526093840599,0.0018795125652104616,0.04335334549040549,1.1627171039581299,0.8103684798579252
p257_275.wav,frequency_masking,"{""mask_floor"": 0.05, ""noise_frames"": 6, ""threshold"": 2.0}",1.484364653480168,7.34381370905284,5.859449055572672,0.016114870086312294,0.0005528813344426453,0.023513428810844353,1.1770884990692139,0.9103867579847437
p257_276.wav,noisy_input,{},13.498863767066762,13.498863767066762,0.0,0.008811709471046925,0.00012388627510517836,0.01113042115578644,2.0606913566589355,0.8643641768981953
p257_276.wav,spectral_subtraction,"{""alpha"": 2.0, ""beta"": 0.02, ""noise_frames"": 6}",13.498863767066762,18.84194081229775,5.343077045230988,0.004750129301100969,3.6200577596900985e-05,0.0060166915823316874,2.3514583110809326,0.8570477517941548
p257_276.wav,wavelet_denoise,"{""mode"": ""soft"", ""threshold_scale"": 1.0, ""wavelet"": ""db4""}",13.498863767066762,13.588549880100455,0.089686113033693,0.008700687438249588,0.00012135413999203593,0.011016085511289204,2.976486921310425,0.8761039556210306
p257_276.wav,frequency_masking,"{""mask_floor"": 0.05, ""noise_frames"": 6, ""threshold"": 2.0}",13.498863767066762,15.536645210227064,2.037781443160302,0.0067692771553993225,7.748989446554333e-05,0.008802834456329582,2.295196533203125,0.8678409512610851
p257_277.wav,noisy_input,{},11.327624479159738,11.327624479159738,0.0,0.012451539747416973,0.0002449613530188799,0.01565124126128276,2.353548765182495,0.978351750514974
p257_277.wav,spectral_subtraction,"{""alpha"": 2.0, ""beta"": 0.02, ""noise_frames"": 6}",11.327624479159738,17.51877282562323,6.191148346463493,0.005383236333727837,5.8882025768980384e-05,0.007673462436799987,2.498703718185425,0.9821433859683866
p257_277.wav,wavelet_denoise,"{""mode"": ""soft"", ""threshold_scale"": 1.0, ""wavelet"": ""db4""}",11.327624479159738,11.381952486244204,0.05432800708446628,0.012360569089651108,0.00024191610282287002,0.015553652394947947,2.9174444675445557,0.9792341062161724
p257_277.wav,frequency_masking,"{""mask_floor"": 0.05, ""noise_frames"": 6, ""threshold"": 2.0}",11.327624479159738,13.967532219687657,2.639907740527919,0.008078892715275288,0.00013338495045900345,0.011549240254622962,2.446692943572998,0.9827240680963764
p257_278.wav,noisy_input,{},6.139961517409786,6.139961517409786,0.0,0.018057698383927345,0.0005248302477411926,0.022909173877318067,2.4238102436065674,0.9776772852922873
p257_278.wav,spectral_subtraction,"{""alpha"": 2.0, ""beta"": 0.02, ""noise_frames"": 6}",6.139961517409786,18.114449507123428,11.974487989713642,0.004468321800231934,3.330965046188794e-05,0.00577145133063495,2.4928390979766846,0.960948447281759
p257_278.wav,wavelet_denoise,"{""mode"": ""soft"", ""threshold_scale"": 1.0, ""wavelet"": ""db4""}",6.139961517409786,6.203059281471681,0.06309776406189549,0.017913341522216797,0.0005172602250240743,0.022743355623655766,2.5059456825256348,0.9640126746508432
p257_278.wav,frequency_masking,"{""mask_floor"": 0.05, ""noise_frames"": 6, ""threshold"": 2.0}",6.139961517409786,14.619769526975935,8.479808009566149,0.005703150760382414,7.447972166119143e-05,0.008630163478242543,2.7207772731781006,0.9713175357748127
p257_279.wav,noisy_input,{},1.4758078752333414,1.4758078752333414,0.0,0.030403535813093185,0.001390504534356296,0.037289469483438566,2.0394628047943115,0.9881163781205916
p257_279.wav,spectral_subtraction,"{""alpha"": 2.0, ""beta"": 0.02, ""noise_frames"": 6}",1.4758078752333414,12.284096600676024,10.808288725442683,0.006863872054964304,0.00011543659638846293,0.010744142422197452,2.473569631576538,0.9798496484230428
p257_279.wav,wavelet_denoise,"{""mode"": ""soft"", ""threshold_scale"": 1.0, ""wavelet"": ""db4""}",1.4758078752333414,1.5446703106889716,0.0688624354556302,0.030165795236825943,0.0013686303282156587,0.036995004098062466,2.142953872680664,0.9662964768736567
p257_279.wav,frequency_masking,"{""mask_floor"": 0.05, ""noise_frames"": 6, ""threshold"": 2.0}",1.4758078752333414,5.8565093514176345,4.380701476184293,0.014576537534594536,0.0005071100895293057,0.022519104989526244,2.502777338027954,0.9892175395190028
p257_280.wav,noisy_input,{},15.89911628834064,15.89911628834064,0.0,0.0063812644220888615,7.650415500393137e-05,0.008746665364807973,2.2587201595306396,0.9833038047615412
p257_280.wav,spectral_subtraction,"{""alpha"": 2.0, ""beta"": 0.02, ""noise_frames"": 6}",15.89911628834064,18.609937167460032,2.7108208791193924,0.004774427507072687,4.0982922655530274e-05,0.006401790581980191,2.784473419189453,0.984573113500219
p257_280.wav,wavelet_denoise,"{""mode"": ""soft"", ""threshold_scale"": 1.0, ""wavelet"": ""db4""}",15.89911628834064,15.936643458574677,0.0375271702340374,0.006351875606924295,7.584593549836427e-05,0.008708957199249762,2.484947681427002,0.983793273545898
p257_280.wav,frequency_masking,"{""mask_floor"": 0.05, ""noise_frames"": 6, ""threshold"": 2.0}",15.89911628834064,17.600434259915673,1.7013179715750333,0.004993925802409649,5.170746226212941e-05,0.007190790099991058,2.7536118030548096,0.9854211141397007
p257_281.wav,noisy_input,{},9.98187485498153,9.98187485498153,0.0,0.01733476109802723,0.0005234847776591778,0.022879789720606652,1.122673511505127,0.92082944557225
p257_281.wav,spectral_subtraction,"{""alpha"": 2.0, ""beta"": 0.02, ""noise_frames"": 6}",9.98187485498153,16.14393888033595,6.162064025354418,0.008344760164618492,0.0001266769686480984,0.011255086345652724,1.8015015125274658,0.8368128788416468
p257_281.wav,wavelet_denoise,"{""mode"": ""soft"", ""threshold_scale"": 1.0, ""wavelet"": ""db4""}",9.98187485498153,10.135128094203898,0.15325323922236755,0.017026130110025406,0.0005053342320024967,0.022479640388638266,1.1479419469833374,0.9214738272084166
p257_281.wav,frequency_masking,"{""mask_floor"": 0.05, ""noise_frames"": 6, ""threshold"": 2.0}",9.98187485498153,13.722653378028284,3.740778523046753,0.010331956669688225,0.00022122092195786536,0.014873497300832287,1.2014588117599487,0.871483800241518
p257_282.wav,noisy_input,{},5.325476960129815,5.325476960129815,0.0,0.031421441584825516,0.002047622809186578,0.045250666394944704,1.1649059057235718,0.931164290024132
p257_282.wav,spectral_subtraction,"{""alpha"": 2.0, ""beta"": 0.02, ""noise_frames"": 6}",5.325476960129815,14.40508507996213,9.079608119832315,0.011544869281351566,0.0002530982601456344,0.015909062201953778,1.8055332899093628,0.9210955802935087
p257_282.wav,wavelet_denoise,"{""mode"": ""soft"", ""threshold_scale"": 1.0, ""wavelet"": ""db4""}",5.325476960129815,5.445442399574123,0.11996543944430815,0.030870147049427032,0.0019918354228138924,0.04462998345074634,1.2111520767211914,0.9271101375103948
p257_282.wav,frequency_masking,"{""mask_floor"": 0.05, ""noise_frames"": 6, ""threshold"": 2.0}",5.325476960129815,13.717156035140125,8.391679075010309,0.011532883159816265,0.00029653916135430336,0.017220312463898654,1.7478578090667725,0.93049598349486
p257_283.wav,noisy_input,{},1.3974144850109806,1.3974144850109806,0.0,0.03213898465037346,0.001814346294850111,0.04259514402898658,1.3705298900604248,0.9222780090241782
p257_283.wav,spectral_subtraction,"{""alpha"": 2.0, ""beta"": 0.02, ""noise_frames"": 6}",1.3974144850109806,11.073022327412678,9.675607842401698,0.008815782144665718,0.00019550569413695484,0.0139823350745487,1.6070739030838013,0.9160616691630404
p257_283.wav,wavelet_denoise,"{""mode"": ""soft"", ""threshold_scale"": 1.0, ""wavelet"": ""db4""}",1.3974144850109806,1.4479450423356808,0.05053055732470013,0.031929101794958115,0.0017933585913851857,0.04234806478913984,1.4715423583984375,0.924450311949289
p257_283.wav,frequency_masking,"{""mask_floor"": 0.05, ""noise_frames"": 6, ""threshold"": 2.0}",1.3974144850109806,6.8387602785158155,5.441345793504835,0.012521917931735516,0.0005183052271604538,0.022766317821739504,1.349597692489624,0.925780353862855
p257_284.wav,noisy_input,{},16.353369523928837,16.353369523928837,0.0,0.00377442198805511,6.228097481653094e-05,0.007891829624144895,2.6039068698883057,0.9825986745837569
p257_284.wav,spectral_subtraction,"{""alpha"": 2.0, ""beta"": 0.02, ""noise_frames"": 6}",16.353369523928837,16.69408104579928,0.3407115218704426,0.004161415621638298,5.758167026215233e-05,0.0075882587108079234,2.796373128890991,0.9704765846065115
p257_284.wav,wavelet_denoise,"{""mode"": ""soft"", ""threshold_scale"": 1.0, ""wavelet"": ""db4""}",16.353369523928837,16.3770078553974,0.023638331468564644,0.003794762073084712,6.194290472194552e-05,0.007870381485159759,2.9635379314422607,0.9831642261367959
p257_284.wav,frequency_masking,"{""mask_floor"": 0.05, ""noise_frames"": 6, ""threshold"": 2.0}",16.353369523928837,16.721732306113953,0.3683627821851161,0.003283051773905754,5.721621710108593e-05,0.0075641402089785415,2.869016170501709,0.9758087250846512
p257_285.wav,noisy_input,{},10.019923278628191,10.019923278628191,0.0,0.01765860803425312,0.0004694565723184496,0.02166694653887459,2.428755283355713,0.9294915191096084
p257_285.wav,spectral_subtraction,"{""alpha"": 2.0, ""beta"": 0.02, ""noise_frames"": 6}",10.019923278628191,19.694973327480746,9.675050048852555,0.0054715946316719055,5.059299655840732e-05,0.0071128754072039896,2.8688368797302246,0.9292421897002678
p257_285.wav,wavelet_denoise,"{""mode"": ""soft"", ""threshold_scale"": 1.0, ""wavelet"": ""db4""}",10.019923278628191,10.065374032587684,0.04545075395949283,0.01756855845451355,0.0004645691078621894,0.021553865265009648,2.5734846591949463,0.926248925115928
p257_285.wav,frequency_masking,"{""mask_floor"": 0.05, ""noise_frames"": 6, ""threshold"": 2.0}",10.019923278628191,20.24039523857506,10.22047195994687,0.005230253096669912,4.4621916458709165e-05,0.006679963806691558,2.900871515274048,0.9377778582728369
p257_286.wav,noisy_input,{},6.043264667234707,6.043264667234707,0.0,0.0242002010345459,0.0009084696066565812,0.03014082956151972,2.0562219619750977,0.9670229589429276
p257_286.wav,spectral_subtraction,"{""alpha"": 2.0, ""beta"": 0.02, ""noise_frames"": 6}",6.043264667234707,18.531605931298994,12.488341264064287,0.004813940264284611,5.122432776261121e-05,0.0071571172802051535,2.7106478214263916,0.966698129412746
p257_286.wav,wavelet_denoise,"{""mode"": ""soft"", ""threshold_scale"": 1.0, ""wavelet"": ""db4""}",6.043264667234707,6.0686362139819074,0.025371546747200213,0.02412715181708336,0.0009031777735799551,0.03005291622421949,2.4176924228668213,0.9692972111740157
p257_286.wav,frequency_masking,"{""mask_floor"": 0.05, ""noise_frames"": 6, ""threshold"": 2.0}",6.043264667234707,12.487198563925908,6.443933896691201,0.008115922100841999,0.0002060236147372052,0.014353522729184122,2.6487956047058105,0.9703983091930533
p257_287.wav,noisy_input,{},0.09092387820508244,0.09092387820508244,0.0,0.04011275991797447,0.0025260630063712597,0.05025995430132482,1.9728652238845825,0.958960156989427
p257_287.wav,spectral_subtraction,"{""alpha"": 2.0, ""beta"": 0.02, ""noise_frames"": 6}",0.09092387820508244,11.756311759264834,11.665387881059752,0.006985325366258621,0.00017214936087839305,0.013120570143038489,2.3417255878448486,0.9755242073030984
p257_287.wav,wavelet_denoise,"{""mode"": ""soft"", ""threshold_scale"": 1.0, ""wavelet"": ""db4""}",0.09092387820508244,0.10869049246454314,0.017766614259460703,0.040024999529123306,0.002515750238671899,0.050157255095069735,2.064286947250366,0.9609223122171672
p257_287.wav,frequency_masking,"{""mask_floor"": 0.05, ""noise_frames"": 6, ""threshold"": 2.0}",0.09092387820508244,5.327581175263272,5.23665729705819,0.01584285870194435,0.0007564469124190509,0.027503579992776413,2.505277156829834,0.9707535353235998
p257_288.wav,noisy_input,{},14.786576960795179,14.786576960795179,0.0,0.00715621467679739,8.899828389985487e-05,0.009433890178492374,1.5457221269607544,0.7858531565164465
p257_288.wav,spectral_subtraction,"{""alpha"": 2.0, ""beta"": 0.02, ""noise_frames"": 6}",14.786576960795179,15.760000333644758,0.9734233728495791,0.006402887869626284,7.112778985174373e-05,0.008433729296802438,1.7898120880126953,0.7915095364599147
p257_288.wav,wavelet_denoise,"{""mode"": ""soft"", ""threshold_scale"": 1.0, ""wavelet"": ""db4""}",14.786576960795179,15.203354002583167,0.4167770417879879,0.00679045682772994,8.085445006145164e-05,0.0089919102565279,1.6094954013824463,0.7871238171937756
p257_288.wav,frequency_masking,"{""mask_floor"": 0.05, ""noise_frames"": 6, ""threshold"": 2.0}",14.786576960795179,16.94784720215839,2.1612702413632103,0.005575200077146292,5.410714584286325e-05,0.007355755966782969,1.7756359577178955,0.7938974987784486
p257_289.wav,noisy_input,{},10.747790447271848,10.747790447271848,0.0,0.011619136668741703,0.00021264833048917353,0.01458246654339291,1.1830164194107056,0.8521911019599289
p257_289.wav,spectral_subtraction,"{""alpha"": 2.0, ""beta"": 0.02, ""noise_frames"": 6}",10.747790447271848,13.970070781706168,3.22228033443432,0.006974400952458382,0.0001012590728350915,0.010062756721450216,1.9466702938079834,0.828987260953645
p257_289.wav,wavelet_denoise,"{""mode"": ""soft"", ""threshold_scale"": 1.0, ""wavelet"": ""db4""}",10.747790447271848,11.216212130993526,0.4684216837216777,0.01099731307476759,0.0001909060956677422,0.013816877203903283,1.2394098043441772,0.8561761069110901
p257_289.wav,frequency_masking,"{""mask_floor"": 0.05, ""noise_frames"": 6, ""threshold"": 2.0}",10.747790447271848,15.31005392059856,4.562263473326713,0.006675466895103455,7.437648309860379e-05,0.008624180140662867,1.7115591764450073,0.8436075786916767
p257_290.wav,noisy_input,{},6.0631193990337735,6.0631193990337735,0.0,0.02497991733253002,0.0010731052607297897,0.03275828537530299,1.198629379272461,0.8766251265662451
p257_290.wav,spectral_subtraction,"{""alpha"": 2.0, ""beta"": 0.02, ""noise_frames"": 6}",6.0631193990337735,9.675840340780567,3.612720941746794,0.014871278777718544,0.0004670573689509183,0.021611510103436045,1.50787353515625,0.8588900774779181
p257_290.wav,wavelet_denoise,"{""mode"": ""soft"", ""threshold_scale"": 1.0, ""wavelet"": ""db4""}",6.0631193990337735,6.649500669201585,0.586381270167811,0.023012274876236916,0.0009375710505992174,0.030619782014234154,1.2819530963897705,0.8811693756452088
p257_290.wav,frequency_masking,"{""mask_floor"": 0.05, ""noise_frames"": 6, ""threshold"": 2.0}",6.0631193990337735,8.539888535610789,2.4767691365770155,0.017515942454338074,0.0006066880305297673,0.024631037950719154,1.3897188901901245,0.8700205232540001
p257_291.wav,noisy_input,{},-1.3523478441971284,-1.3523478441971284,0.0,0.051677316427230835,0.004850877448916435,0.06964824081709771,1.036372423171997,0.6034460169527234
p257_291.wav,spectral_subtraction,"{""alpha"": 2.0, ""beta"": 0.02, ""noise_frames"": 6}",-1.3523478441971284,6.347104789053541,7.699452633250669,0.016492940485477448,0.0008239010348916054,0.028703676330595798,1.0452018976211548,0.5894976035622587
p257_291.wav,wavelet_denoise,"{""mode"": ""soft"", ""threshold_scale"": 1.0, ""wavelet"": ""db4""}",-1.3523478441971284,-1.155035001766139,0.19731284243098934,0.05017814040184021,0.0046354192309081554,0.06808391315801521,1.0442150831222534,0.6045216934031097
p257_291.wav,frequency_masking,"{""mask_floor"": 0.05, ""noise_frames"": 6, ""threshold"": 2.0}",-1.3523478441971284,2.2893031246104463,3.641650968807575,0.02743140049278736,0.002097274176776409,0.045796006122547514,1.0376567840576172,0.5994433850061589
p257_292.wav,noisy_input,{},16.482339443998534,16.482339443998534,0.0,0.0063194576650857925,6.306639988906682e-05,0.007941435631487975,2.5470755100250244,0.9518061397451097
p257_292.wav,spectral_subtraction,"{""alpha"": 2.0, ""beta"": 0.02, ""noise_frames"": 6}",16.482339443998534,19.390901856500122,2.9085624125015883,0.004393420182168484,3.228061177651398e-05,0.005681602923164728,3.0981860160827637,0.9591617532623292
p257_292.wav,wavelet_denoise,"{""mode"": ""soft"", ""threshold_scale"": 1.0, ""wavelet"": ""db4""}",16.482339443998534,16.340121336419053,-0.14221810757948106,0.00638614222407341,6.516581197502092e-05,0.008072534420801247,2.580310344696045,0.9387846467967559
p257_292.wav,frequency_masking,"{""mask_floor"": 0.05, ""noise_frames"": 6, ""threshold"": 2.0}",16.482339443998534,18.380389372761165,1.8980499287626316,0.004929902032017708,4.073737363796681e-05,0.006382583617781033,2.892615795135498,0.9562111938995425
p257_293.wav,noisy_input,{},9.964263729529268,9.964263729529268,0.0,0.0142314238473773,0.00032364760409109294,0.0179902085616341,1.258345603942871,0.7846043249287021
p257_293.wav,spectral_subtraction,"{""alpha"": 2.0, ""beta"": 0.02, ""noise_frames"": 6}",9.964263729529268,13.961150691625077,3.996886962095809,0.00807030126452446,0.00012893883103970438,0.011355123558980077,1.8677091598510742,0.8111671176651317
p257_293.wav,wavelet_denoise,"{""mode"": ""soft"", ""threshold_scale"": 1.0, ""wavelet"": ""db4""}",9.964263729529268,10.485922257636538,0.5216585281072703,0.013395444490015507,0.0002870163007173687,0.016941555439727744,1.3031123876571655,0.7895695895660838
p257_293.wav,frequency_masking,"{""mask_floor"": 0.05, ""noise_frames"": 6, ""threshold"": 2.0}",9.964263729529268,12.736418021833643,2.772154292304375,0.009946048259735107,0.00017094523354899138,0.013074602615337546,1.5224494934082031,0.807449663864628
p257_294.wav,noisy_input,{},5.690189470416724,5.690189470416724,0.0,0.020616699010133743,0.0006662477389909327,0.02581177520030214,1.1475427150726318,0.9340340158997433
p257_294.wav,spectral_subtraction,"{""alpha"": 2.0, ""beta"": 0.02, ""noise_frames"": 6}",5.690189470416724,15.538246625390013,9.848057154973288,0.006222239695489407,6.899697473272681e-05,0.008306441761231268,1.869309663772583,0.927089360306501
p257_294.wav,wavelet_denoise,"{""mode"": ""soft"", ""threshold_scale"": 1.0, ""wavelet"": ""db4""}",5.690189470416724,6.271680882329472,0.5814914119127472,0.019306963309645653,0.0005827557761222124,0.02414033504577375,1.2649680376052856,0.8799304948810932
p257_294.wav,frequency_masking,"{""mask_floor"": 0.05, ""noise_frames"": 6, ""threshold"": 2.0}",5.690189470416724,12.944527572024809,7.254338101608084,0.008532109670341015,0.00012537240399979055,0.011196981914774648,1.2031829357147217,0.9442028929879545
p257_295.wav,noisy_input,{},0.49134187652371564,0.49134187652371564,0.0,0.04026540741324425,0.0024798274971544743,0.049797866391588244,1.0577340126037598,0.8260010299360289
p257_295.wav,spectral_subtraction,"{""alpha"": 2.0, ""beta"": 0.02, ""noise_frames"": 6}",0.49134187652371564,7.44134085014247,6.949998973618754,0.01512433122843504,0.0005005201674066484,0.022372308048269146,1.2955344915390015,0.8011757719979474
p257_295.wav,wavelet_denoise,"{""mode"": ""soft"", ""threshold_scale"": 1.0, ""wavelet"": ""db4""}",0.49134187652371564,1.342691737775239,0.8513498612515233,0.03637353330850601,0.002038386417552829,0.045148492971004345,1.0877435207366943,0.7983313421080456
p257_295.wav,frequency_masking,"{""mask_floor"": 0.05, ""noise_frames"": 6, ""threshold"": 2.0}",0.49134187652371564,5.420453551005618,4.929111674481902,0.021106375381350517,0.0007970954175107181,0.028232878307227517,1.1454919576644897,0.8229336152678075
p257_296.wav,noisy_input,{},15.839434814132625,15.839434814132625,0.0,0.005162482149899006,4.335363701102324e-05,0.006584347880467984,3.080888509750366,0.9562373135736087
p257_296.wav,spectral_subtraction,"{""alpha"": 2.0, ""beta"": 0.02, ""noise_frames"": 6}",15.839434814132625,20.524444284171977,4.685009470039352,0.0030021369457244873,1.474092005082639e-05,0.0038393905832601076,3.437041759490967,0.9552732468690586
p257_296.wav,wavelet_denoise,"{""mode"": ""soft"", ""threshold_scale"": 1.0, ""wavelet"": ""db4""}",15.839434814132625,15.854762983778476,0.015328169645851375,0.0051561337895691395,4.3200892832828686e-05,0.006572738609805557,3.6587862968444824,0.9522310874761433
p257_296.wav,frequency_masking,"{""mask_floor"": 0.05, ""noise_frames"": 6, ""threshold"": 2.0}",15.839434814132625,18.57168646194568,2.7322516478130563,0.0035717885475605726,2.3110023903427646e-05,0.004807288622854638,3.356895923614502,0.9573908407293124
p257_297.wav,noisy_input,{},11.284144275114445,11.284144275114445,0.0,0.009830532595515251,0.0001593224296811968,0.012622298906348115,2.8525922298431396,0.9947556476161308
p257_297.wav,spectral_subtraction,"{""alpha"": 2.0, ""beta"": 0.02, ""noise_frames"": 6}",11.284144275114445,18.388477990710502,7.1043337155960575,0.0042369128204882145,3.10344148601871e-05,0.005570854051237305,3.1491177082061768,0.9863273485787408
p257_297.wav,wavelet_denoise,"{""mode"": ""soft"", ""threshold_scale"": 1.0, ""wavelet"": ""db4""}",11.284144275114445,11.310659214605568,0.026514939491123712,0.009808103553950787,0.00015835269005037844,0.01258382652655298,3.0341198444366455,0.9656109287641051
p257_297.wav,frequency_masking,"{""mask_floor"": 0.05, ""noise_frames"": 6, ""threshold"": 2.0}",11.284144275114445,18.43603471937818,7.151890444263737,0.004236115142703056,3.069643207709305e-05,0.005540436090877058,3.3297510147094727,0.9931790970111317
p257_298.wav,noisy_input,{},5.8930575339410085,5.8930575339410085,0.0,0.021107157692313194,0.0007354897679761052,0.027119914601194915,2.1333534717559814,0.9296596203922181
p257_298.wav,spectral_subtraction,"{""alpha"": 2.0, ""beta"": 0.02, ""noise_frames"": 6}",5.8930575339410085,11.740300780389921,5.847243246448913,0.009426235221326351,0.00019136049377266318,0.01383331101987746,3.074965238571167,0.9350732857399743
p257_298.wav,wavelet_denoise,"{""mode"": ""soft"", ""threshold_scale"": 1.0, ""wavelet"": ""db4""}",5.8930575339410085,5.935872796742095,0.04281526280108672,0.021013915538787842,0.0007282744627445936,0.02698656078022158,2.659006118774414,0.9270336621954286
p257_298.wav,frequency_masking,"{""mask_floor"": 0.05, ""noise_frames"": 6, ""threshold"": 2.0}",5.8930575339410085,7.943643792830722,2.0505862588897132,0.01470617949962616,0.0004586886498145759,0.021417017761924183,3.0425360202789307,0.933926408392898
p257_299.wav,noisy_input,{},1.4976978909201724,1.4976978909201724,0.0,0.037886131554841995,0.0022940535563975573,0.04789627914982079,1.295799970626831,0.9699422937081632
p257_299.wav,spectral_subtraction,"{""alpha"": 2.0, ""beta"": 0.02, ""noise_frames"": 6}",1.4976978909201724,6.381065092384581,4.883367201464409,0.01747807487845421,0.0007451896672137082,0.027298162341331846,2.735384225845337,0.9672584842497606
p257_299.wav,wavelet_denoise,"{""mode"": ""soft"", ""threshold_scale"": 1.0, ""wavelet"": ""db4""}",1.4976978909201724,1.5666224555019856,0.06892456458181329,0.03749775141477585,0.0022579331416636705,0.04751771397767016,1.527907133102417,0.9545054419480079
p257_299.wav,frequency_masking,"{""mask_floor"": 0.05, ""noise_frames"": 6, ""threshold"": 2.0}",1.4976978909201724,2.889890476855626,1.3921925859354536,0.028667638078331947,0.0016648850869387388,0.040803003405861425,1.5696616172790527,0.9705577455960874
p257_300.wav,noisy_input,{},15.600359759772736,15.600359759772736,0.0,0.007829222828149796,0.00010168005974264815,0.010083653095116281,2.277113437652588,0.8813138099900273
p257_300.wav,spectral_subtraction,"{""alpha"": 2.0, ""beta"": 0.02, ""noise_frames"": 6}",15.600359759772736,17.51309707980504,1.9127373200323028,0.006297852378338575,6.54578980174847e-05,0.008090605540840852,2.597789764404297,0.8754381100290706
p257_300.wav,wavelet_denoise,"{""mode"": ""soft"", ""threshold_scale"": 1.0, ""wavelet"": ""db4""}",15.600359759772736,15.700283603409996,0.09992384363726003,0.0077727376483380795,9.936728019965813e-05,0.00996831380924869,2.450075626373291,0.8834847897319895
p257_300.wav,frequency_masking,"{""mask_floor"": 0.05, ""noise_frames"": 6, ""threshold"": 2.0}",15.600359759772736,18.204136873329045,2.6037771135563084,0.005727274809032679,5.582877201959491e-05,0.007471865364123935,2.6885123252868652,0.8754281972588861
p257_301.wav,noisy_input,{},10.02765147272072,10.02765147272072,0.0,0.010012082755565643,0.00016432118718512356,0.012818782593722523,1.8531267642974854,0.8437948899751203
p257_301.wav,spectral_subtraction,"{""alpha"": 2.0, ""beta"": 0.02, ""noise_frames"": 6}",10.02765147272072,17.31871962436597,7.2910681516452485,0.004156886599957943,3.066103090532124e-05,0.005537240369111787,2.564444065093994,0.839622832896787
p257_301.wav,wavelet_denoise,"{""mode"": ""soft"", ""threshold_scale"": 1.0, ""wavelet"": ""db4""}",10.02765147272072,10.19640279488997,0.16875132216924982,0.009812775067985058,0.00015805871225893497,0.012572140321318998,2.048386335372925,0.8429204326838585
p257_301.wav,frequency_masking,"{""mask_floor"": 0.05, ""noise_frames"": 6, ""threshold"": 2.0}",10.02765147272072,17.528016079267413,7.500364606546693,0.004108486697077751,2.921844679804053e-05,0.005405409031520236,2.654076099395752,0.8446974283101617
p257_302.wav,noisy_input,{},5.61908129785905,5.61908129785905,0.0,0.01533711887896061,0.0003715500351972878,0.019275633198348838,1.1944074630737305,0.970321081550661
p257_302.wav,spectral_subtraction,"{""alpha"": 2.0, ""beta"": 0.02, ""noise_frames"": 6}",5.61908129785905,16.046118524443113,10.427037226584062,0.004131819121539593,3.367546378285624e-05,0.005803056417342178,2.176692247390747,0.966991340048794
p257_302.wav,wavelet_denoise,"{""mode"": ""soft"", ""threshold_scale"": 1.0, ""wavelet"": ""db4""}",5.61908129785905,5.805142308387586,0.18606101052853585,0.014983576722443104,0.00035596819361671805,0.01886711937781489,1.2629711627960205,0.9728833633123931
p257_302.wav,frequency_masking,"{""mask_floor"": 0.05, ""noise_frames"": 6, ""threshold"": 2.0}",5.61908129785905,14.699772176001112,9.080690878142061,0.005057461094111204,4.591432661982253e-05,0.0067760111142044725,1.632712960243225,0.9727672668788048
p257_303.wav,noisy_input,{},0.8553660972389859,0.8553660972389859,0.0,0.045059219002723694,0.003170487005263567,0.05630707775460885,1.076873540878296,0.8209443882984444
p257_303.wav,spectral_subtraction,"{""alpha"": 2.0, ""beta"": 0.02, ""noise_frames"": 6}",0.8553660972389859,9.728288380401537,8.87292228316255,0.013345105573534966,0.0004109923611395061,0.020272946533237492,1.4164788722991943,0.7962218052483763
p257_303.wav,wavelet_denoise,"{""mode"": ""soft"", ""threshold_scale"": 1.0, ""wavelet"": ""db4""}",0.8553660972389859,1.137854219411945,0.28248812217295904,0.04364046826958656,0.0029708256479352713,0.05450528091786402,1.10370934009552,0.8231628094902832
p257_303.wav,frequency_masking,"{""mask_floor"": 0.05, ""noise_frames"": 6, ""threshold"": 2.0}",0.8553660972389859,8.447550498332982,7.592184401093996,0.017215337604284286,0.0005519599071703851,0.023493827001371766,1.2372033596038818,0.812043209514614
p257_304.wav,noisy_input,{},15.878483400449248,15.878483400449248,0.0,0.005783007480204105,5.446917930385098e-05,0.007380323793970762,4.167159080505371,0.9732164585929598
p257_304.wav,spectral_subtraction,"{""alpha"": 2.0, ""beta"": 0.02, ""noise_frames"": 6}",15.878483400449248,16.89250959714887,1.0140261966996214,0.00514574209228158,4.312689634389244e-05,0.006567107151850992,3.248154878616333,0.9650749323963845
p257_304.wav,wavelet_denoise,"{""mode"": ""soft"", ""threshold_scale"": 1.0, ""wavelet"": ""db4""}",15.878483400449248,15.876106853325918,-0.0023765471233296864,0.005773873068392277,5.44989961781539e-05,0.0073823435424094095,4.122544288635254,0.9576057917138072
p257_304.wav,frequency_masking,"{""mask_floor"": 0.05, ""noise_frames"": 6, ""threshold"": 2.0}",15.878483400449248,17.920758689760056,2.0422752893108083,0.004547854419797659,3.403480877750553e-05,0.005833935959325019,3.5577948093414307,0.9668267404051473
p257_305.wav,noisy_input,{},10.422591422976453,10.422591422976453,0.0,0.01570490375161171,0.00032548769377171993,0.018041277498329213,1.1914929151535034,0.9275516227608601
p257_305.wav,spectral_subtraction,"{""alpha"": 2.0, ""beta"": 0.02, ""noise_frames"": 6}",10.422591422976453,20.494828875733578,10.072237452757125,0.00445616664364934,3.201185609214008e-05,0.005657902092837952,2.083801031112671,0.9222497763156473
p257_305.wav,wavelet_denoise,"{""mode"": ""soft"", ""threshold_scale"": 1.0, ""wavelet"": ""db4""}",10.422591422976453,10.520121681738772,0.09753025876231902,0.015545319765806198,0.0003182596410624683,0.017839832988637207,1.350751519203186,0.9231041646621729
p257_305.wav,frequency_masking,"{""mask_floor"": 0.05, ""noise_frames"": 6, ""threshold"": 2.0}",10.422591422976453,20.18902816793526,9.766436744958806,0.004579469561576843,3.4347165637882426e-05,0.005860645496690823,1.9963442087173462,0.9281830366115659
p257_306.wav,noisy_input,{},6.834387426392341,6.834387426392341,0.0,0.018014734610915184,0.0005575082032009959,0.023611611618036495,2.4814705848693848,0.9891200721358853
p257_306.wav,spectral_subtraction,"{""alpha"": 2.0, ""beta"": 0.02, ""noise_frames"": 6}",6.834387426392341,10.771185772156267,3.9367983457639255,0.010776720009744167,0.00022520156926475465,0.015006717471344447,2.809844493865967,0.9862023001592367
p257_306.wav,wavelet_denoise,"{""mode"": ""soft"", ""threshold_scale"": 1.0, ""wavelet"": ""db4""}",6.834387426392341,6.856486125263182,0.022098698870840927,0.0179588682949543,0.0005546785541810095,0.02355161468309571,2.869804859161377,0.9878932437191392
p257_306.wav,frequency_masking,"{""mask_floor"": 0.05, ""noise_frames"": 6, ""threshold"": 2.0}",6.834387426392341,8.27808204941636,1.4436946230240189,0.014450706541538239,0.000399835902499035,0.019995897141639705,2.782323122024536,0.9885667766344197
p257_307.wav,noisy_input,{},1.53925332681507,1.53925332681507,0.0,0.03468380123376846,0.0015833936631679535,0.03979187936210042,1.5024150609970093,0.9582666528819684
p257_307.wav,spectral_subtraction,"{""alpha"": 2.0, ""beta"": 0.02, ""noise_frames"": 6}",1.53925332681507,14.125146309308295,12.585892982493226,0.006504996679723263,8.729705587029457e-05,0.009343289349597099,2.1974751949310303,0.9403528433407725
p257_307.wav,wavelet_denoise,"{""mode"": ""soft"", ""threshold_scale"": 1.0, ""wavelet"": ""db4""}",1.53925332681507,1.5831208063573206,0.043867479542250454,0.034513991326093674,0.0015674805035814643,0.03959141957017283,1.6392543315887451,0.9567535058394263
p257_307.wav,frequency_masking,"{""mask_floor"": 0.05, ""noise_frames"": 6, ""threshold"": 2.0}",1.53925332681507,17.126123088281997,15.586869761466927,0.0047395131550729275,4.374232958070934e-05,0.006613798423047783,2.2250125408172607,0.9533196255905017
p257_308.wav,noisy_input,{},16.10643426818073,16.10643426818073,0.0,0.006387519650161266,6.616150494664907e-05,0.008133972273535794,1.48771333694458,0.9462776147314633
p257_308.wav,spectral_subtraction,"{""alpha"": 2.0, ""beta"": 0.02, ""noise_frames"": 6}",16.10643426818073,17.594300691856734,1.487866423676003,0.005220138467848301,4.696980249718763e-05,0.0068534518672846625,2.2596750259399414,0.9460905644608255
p257_308.wav,wavelet_denoise,"{""mode"": ""soft"", ""threshold_scale"": 1.0, ""wavelet"": ""db4""}",16.10643426818073,16.302886571289516,0.19645230310878503,0.006233658641576767,6.323538400465623e-05,0.007952067907447485,1.5729584693908691,0.9468156823406063
p257_308.wav,frequency_masking,"{""mask_floor"": 0.05, ""noise_frames"": 6, ""threshold"": 2.0}",16.10643426818073,19.24387246772837,3.1374381995476384,0.0044580125249922276,3.212636147509329e-05,0.005668012127288834,2.0854079723358154,0.9493434350427401
p257_309.wav,noisy_input,{},9.284287153529032,9.284287153529032,0.0,0.013401346281170845,0.0003121919580735266,0.017668954640089114,1.110074758529663,0.8155983954808516
p257_309.wav,spectral_subtraction,"{""alpha"": 2.0, ""beta"": 0.02, ""noise_frames"": 6}",9.284287153529032,14.163188494754968,4.878901341225935,0.006846808362752199,0.00010151531751034781,0.010075481006401025,1.7542074918746948,0.8044160212862783
p257_309.wav,wavelet_denoise,"{""mode"": ""soft"", ""threshold_scale"": 1.0, ""wavelet"": ""db4""}",9.284287153529032,9.524652599236802,0.24036544570776996,0.012971983291208744,0.00029538277885876596,0.017186703548347077,1.1417491436004639,0.8310131994856851
p257_309.wav,frequency_masking,"{""mask_floor"": 0.05, ""noise_frames"": 6, ""threshold"": 2.0}",9.284287153529032,15.15683547656099,5.872548323031959,0.006420481950044632,8.075452205957845e-05,0.00898635198840878,1.8394211530685425,0.8073144681602864
p257_310.wav,noisy_input,{},5.128740662551511,5.128740662551511,0.0,0.01972317509353161,0.0006252721068449318,0.025005441544690466,1.0587462186813354,0.8037909846703141
p257_310.wav,spectral_subtraction,"{""alpha"": 2.0, ""beta"": 0.02, ""noise_frames"": 6}",5.128740662551511,10.356813488318526,5.228072825767015,0.009427662938833237,0.000187612502486445,0.01369717133157226,1.0879244804382324,0.7769986326823014
p257_310.wav,wavelet_denoise,"{""mode"": ""soft"", ""threshold_scale"": 1.0, ""wavelet"": ""db4""}",5.128740662551511,5.710040649925041,0.5812999873735301,0.018391625955700874,0.000546939205378294,0.023386731395778546,1.0763275623321533,0.8008683434596872
p257_310.wav,frequency_masking,"{""mask_floor"": 0.05, ""noise_frames"": 6, ""threshold"": 2.0}",5.128740662551511,8.636370001628345,3.507629339076834,0.012481805868446827,0.00027880858397111297,0.01669756221641689,1.0789809226989746,0.7913380658567272
p257_311.wav,noisy_input,{},1.253456018612806,1.253456018612806,0.0,0.04195756837725639,0.0029316400177776814,0.054144621318997894,1.0532948970794678,0.7841348291747077
p257_311.wav,spectral_subtraction,"{""alpha"": 2.0, ""beta"": 0.02, ""noise_frames"": 6}",1.253456018612806,7.913651338239989,6.660195319627182,0.017463941127061844,0.0006325445719994605,0.025150438803318333,1.2005513906478882,0.7436525191208051
p257_311.wav,wavelet_denoise,"{""mode"": ""soft"", ""threshold_scale"": 1.0, ""wavelet"": ""db4""}",1.253456018612806,1.7936059650105585,0.5401499463977524,0.03921504691243172,0.0025887831579893827,0.050880086065074444,1.0660582780838013,0.7816013071933673
p257_311.wav,frequency_masking,"{""mask_floor"": 0.05, ""noise_frames"": 6, ""threshold"": 2.0}",1.253456018612806,6.1538835300559045,4.900427511443098,0.02200189419090748,0.000948566768784076,0.030798811158615783,1.0982460975646973,0.7702192192887588
p257_312.wav,noisy_input,{},15.447709801138195,15.447709801138195,0.0,0.012072102166712284,0.00023910595336928964,0.015463051230895202,1.893150806427002,0.9326125227089278
p257_312.wav,spectral_subtraction,"{""alpha"": 2.0, ""beta"": 0.02, ""noise_frames"": 6}",15.447709801138195,18.36294613208493,2.9152363309467333,0.008094163611531258,0.00012219874770380557,0.011054354241827316,2.020596504211426,0.9359871992941312
p257_312.wav,wavelet_denoise,"{""mode"": ""soft"", ""threshold_scale"": 1.0, ""wavelet"": ""db4""}",15.447709801138195,16.466346841289536,1.01863704015134,0.010683643631637096,0.0001891153078759089,0.013751920152324508,2.0725491046905518,0.9261390500968865
p257_312.wav,frequency_masking,"{""mask_floor"": 0.05, ""noise_frames"": 6, ""threshold"": 2.0}",15.447709801138195,18.0287036072302,2.5809938060920032,0.008553900755941868,0.00013197479711379856,0.011488028425878765,1.9739948511123657,0.9322094621074819
p257_313.wav,noisy_input,{},10.484351062429713,10.484351062429713,0.0,0.01167231798171997,0.00021516552078537643,0.014668521424648648,1.1431090831756592,0.8969061291269774
p257_313.wav,spectral_subtraction,"{""alpha"": 2.0, ""beta"": 0.02, ""noise_frames"": 6}",10.484351062429713,16.509849851590147,6.025498789160434,0.005545686464756727,5.3730738727608696e-05,0.007330125423729713,1.9893720149993896,0.8972405639324437
p257_313.wav,wavelet_denoise,"{""mode"": ""soft"", ""threshold_scale"": 1.0, ""wavelet"": ""db4""}",10.484351062429713,11.009179285874769,0.5248282234450556,0.010950122959911823,0.00019067329412791878,0.01380845009868663,1.2168195247650146,0.8801843641141307
p257_313.wav,frequency_masking,"{""mask_floor"": 0.05, ""noise_frames"": 6, ""threshold"": 2.0}",10.484351062429713,14.493250734457865,4.008899672028152,0.006824793294072151,8.548358164262027e-05,0.009245733158739779,1.2051763534545898,0.8977502687918039
p257_314.wav,noisy_input,{},6.573557695996395,6.573557695996395,0.0,0.018114501610398293,0.0005168183706700802,0.022733639626555186,1.2734183073043823,0.9263471739092346
p257_314.wav,spectral_subtraction,"{""alpha"": 2.0, ""beta"": 0.02, ""noise_frames"": 6}",6.573557695996395,11.191950750201151,4.618393054204756,0.009405896067619324,0.00017844262765720487,0.013358241937366042,1.7792932987213135,0.9106288646292593
p257_314.wav,wavelet_denoise,"{""mode"": ""soft"", ""threshold_scale"": 1.0, ""wavelet"": ""db4""}",6.573557695996395,7.013786551502773,0.440228855506378,0.017125079408288002,0.00046699802624061704,0.02161013711758019,1.2709654569625854,0.8575677836705471
p257_314.wav,frequency_masking,"{""mask_floor"": 0.05, ""noise_frames"": 6, ""threshold"": 2.0}",6.573557695996395,10.489775213199641,3.916217517203246,0.010681994259357452,0.00020975686493329704,0.014482985359838524,1.6234965324401855,0.9264954413665755
p257_315.wav,noisy_input,{},0.15384042531988382,0.15384042531988382,0.0,0.05298814922571182,0.004470610059797764,0.06686262079665861,1.0545631647109985,0.7319963901164539
p257_315.wav,spectral_subtraction,"{""alpha"": 2.0, ""beta"": 0.02, ""noise_frames"": 6}",0.15384042531988382,5.221568402371927,5.067727977052043,0.02439180575311184,0.0013918549520894885,0.03730757231567726,1.095930814743042,0.7279724904558367
p257_315.wav,wavelet_denoise,"{""mode"": ""soft"", ""threshold_scale"": 1.0, ""wavelet"": ""db4""}",0.15384042531988382,1.6834580514856787,1.529617626165795,0.044497743248939514,0.0031434388365596533,0.05606637884293628,1.0841840505599976,0.7485823908163952
p257_315.wav,frequency_masking,"{""mask_floor"": 0.05, ""noise_frames"": 6, ""threshold"": 2.0}",0.15384042531988382,3.9648980126951736,3.8110575873752897,0.031028345227241516,0.0018589213723316789,0.04311521045213254,1.086250901222229,0.7342934490414714
p257_316.wav,noisy_input,{},15.767200603139699,15.767200603139699,0.0,0.005542420782148838,5.168469942873344e-05,0.007189207148826179,3.0375523567199707,0.9799177945496202
p257_316.wav,spectral_subtraction,"{""alpha"": 2.0, ""beta"": 0.02, ""noise_frames"": 6}",15.767200603139699,18.88004537935632,3.1128447762166225,0.00397471571341157,2.5239312890334986e-05,0.005023874290857106,3.073087692260742,0.9795507707838644
p257_316.wav,wavelet_denoise,"{""mode"": ""soft"", ""threshold_scale"": 1.0, ""wavelet"": ""db4""}",15.767200603139699,15.773466252509337,0.006265649369638027,0.005542912520468235,5.1610186346806586e-05,0.007184022991806651,3.69510817527771,0.9830938684870736
p257_316.wav,frequency_masking,"{""mask_floor"": 0.05, ""noise_frames"": 6, ""threshold"": 2.0}",15.767200603139699,19.041047803415132,3.2738472002754335,0.003869089297950268,2.4320768716279417e-05,0.004931609140663869,2.966240167617798,0.9803703640349057
p257_317.wav,noisy_input,{},10.822130451308038,10.822130451308038,0.0,0.014103630557656288,0.00029951691976748407,0.017306557132124346,2.939253091812134,0.9862339714289681
p257_317.wav,spectral_subtraction,"{""alpha"": 2.0, ""beta"": 0.02, ""noise_frames"": 6}",10.822130451308038,19.398258454803074,8.576128003495036,0.005134433973580599,4.1572733607608825e-05,0.006447692114827508,3.45483660697937,0.9898644234361965
p257_317.wav,wavelet_denoise,"{""mode"": ""soft"", ""threshold_scale"": 1.0, ""wavelet"": ""db4""}",10.822130451308038,10.838971194797178,0.016840743489140664,0.01403924822807312,0.0002983577433042228,0.017273035150320942,3.2727391719818115,0.9821316165613904
p257_317.wav,frequency_masking,"{""mask_floor"": 0.05, ""noise_frames"": 6, ""threshold"": 2.0}",10.822130451308038,15.49365083819743,4.671520386889393,0.0073837339878082275,0.00010215728252660483,0.010107288584314035,3.2726380825042725,0.9921625950062354
p257_318.wav,noisy_input,{},5.455062281614836,5.455062281614836,0.0,0.02297356352210045,0.0008203167817555368,0.02864117284182924,2.096660614013672,0.9048329054797671
p257_318.wav,spectral_subtraction,"{""alpha"": 2.0, ""beta"": 0.02, ""noise_frames"": 6}",5.455062281614836,18.37493864263034,12.919876361015504,0.004851189441978931,4.187877493677661e-05,0.006471381223261121,3.2999107837677,0.9092965639887269
p257_318.wav,wavelet_denoise,"{""mode"": ""soft"", ""threshold_scale"": 1.0, ""wavelet"": ""db4""}",5.455062281614836,5.543328310004567,0.08826602838973052,0.02275131456553936,0.0008038129308260977,0.028351594855071164,2.216217517852783,0.8939285902949093
p257_318.wav,frequency_masking,"{""mask_floor"": 0.05, ""noise_frames"": 6, ""threshold"": 2.0}",5.455062281614836,13.033091901696904,7.578029620082068,0.00775741133838892,0.00014327770622912794,0.011969866591951973,3.005979061126709,0.9159822634390254
p257_319.wav,noisy_input,{},1.4358807450004307,1.4358807450004307,0.0,0.04460632801055908,0.0031988874543458223,0.05655870803285576,1.2408030033111572,0.9503423763064733
p257_319.wav,spectral_subtraction,"{""alpha"": 2.0, ""beta"": 0.02, ""noise_frames"": 6}",1.4358807450004307,6.291442791190184,4.855562046189753,0.020904239267110825,0.0010457858443260193,0.0323386122820077,1.3719244003295898,0.9438960664143371
p257_319.wav,wavelet_denoise,"{""mode"": ""soft"", ""threshold_scale"": 1.0, ""wavelet"": ""db4""}",1.4358807450004307,1.5052234358185144,0.06934269081808364,0.04426062852144241,0.0031482172198593616,0.05610897628596838,1.382156491279602,0.9253552497661938
p257_319.wav,frequency_masking,"{""mask_floor"": 0.05, ""noise_frames"": 6, ""threshold"": 2.0}",1.4358807450004307,2.847215692803797,1.411334947803366,0.03391024097800255,0.002311348682269454,0.04807648783209371,1.3002126216888428,0.9503796830760556
p257_320.wav,noisy_input,{},16.417388447451053,16.417388447451053,0.0,0.009653647430241108,0.00015091904788278043,0.012284911390920996,2.7904913425445557,0.9789375113003277
p257_320.wav,spectral_subtraction,"{""alpha"": 2.0, ""beta"": 0.02, ""noise_frames"": 6}",16.417388447451053,19.382399315239294,2.9650108677882407,0.006739557720720768,7.62505442253314e-05,0.008732155760482712,3.3674402236938477,0.976842693270764
p257_320.wav,wavelet_denoise,"{""mode"": ""soft"", ""threshold_scale"": 1.0, ""wavelet"": ""db4""}",16.417388447451053,16.353057453103467,-0.0643309943475856,0.00973998848348856,0.00015317121869884431,0.012376236047314398,2.8538637161254883,0.9786698013264618
p257_320.wav,frequency_masking,"{""mask_floor"": 0.05, ""noise_frames"": 6, ""threshold"": 2.0}",16.417388447451053,18.758351826803544,2.340963379352491,0.007099139038473368,8.803344826446846e-05,0.009382614148757715,3.3714921474456787,0.9814243524009509
p257_321.wav,noisy_input,{},10.6696855011998,10.6696855011998,0.0,0.013525891117751598,0.0003999490581918508,0.019998726414245754,1.2362970113754272,0.9052702626129079
p257_321.wav,spectral_subtraction,"{""alpha"": 2.0, ""beta"": 0.02, ""noise_frames"": 6}",10.6696855011998,15.886613339105315,5.216927837905516,0.007089443504810333,0.00012031281949020922,0.01096872004794585,1.332716941833496,0.8968299266964198
p257_321.wav,wavelet_denoise,"{""mode"": ""soft"", ""threshold_scale"": 1.0, ""wavelet"": ""db4""}",10.6696855011998,10.736057038129335,0.06637153692953568,0.013446872122585773,0.0003938832669518888,0.01984649256044727,1.3421258926391602,0.9069483316381168
p257_321.wav,frequency_masking,"{""mask_floor"": 0.05, ""noise_frames"": 6, ""threshold"": 2.0}",10.6696855011998,13.297863125479124,2.628177624279324,0.008267419412732124,0.00021836695668753237,0.01477724455666659,1.2907993793487549,0.9048064997038653
p257_322.wav,noisy_input,{},5.11684431187008,5.11684431187008,0.0,0.022389858961105347,0.0008985004969872534,0.02997499786467471,1.1344441175460815,0.8735942955775627
p257_322.wav,spectral_subtraction,"{""alpha"": 2.0, ""beta"": 0.02, ""noise_frames"": 6}",5.11684431187008,10.967970713494479,5.8511264016243985,0.009782492183148861,0.00023356388555839658,0.015282797046300018,1.2132608890533447,0.8664386313670751
p257_322.wav,wavelet_denoise,"{""mode"": ""soft"", ""threshold_scale"": 1.0, ""wavelet"": ""db4""}",5.11684431187008,5.302437907901815,0.18559359603173498,0.021859517320990562,0.0008609124342910945,0.029341309348614533,1.1863511800765991,0.8737475372467391
p257_322.wav,frequency_masking,"{""mask_floor"": 0.05, ""noise_frames"": 6, ""threshold"": 2.0}",5.11684431187008,7.555620992498565,2.438776680628485,0.014724522829055786,0.0005124371964484453,0.022637075704437737,1.1906534433364868,0.8674809035384472
p257_323.wav,noisy_input,{},1.3502424945608584,1.3502424945608584,0.0,0.04199003800749779,0.0028808899223804474,0.05367392218182353,1.1231743097305298,0.8694469954592784
p257_323.wav,spectral_subtraction,"{""alpha"": 2.0, ""beta"": 0.02, ""noise_frames"": 6}",1.3502424945608584,9.049478643121844,7.699236148560986,0.014936552383005619,0.000489331316202879,0.022120834437309975,1.2472480535507202,0.8553801878772198
p257_323.wav,wavelet_denoise,"{""mode"": ""soft"", ""threshold_scale"": 1.0, ""wavelet"": ""db4""}",1.3502424945608584,1.48036634475209,0.13012385019123163,0.041335444897413254,0.0027958524879068136,0.05287582139226599,1.176358938217163,0.8709024864588091
p257_323.wav,frequency_masking,"{""mask_floor"": 0.05, ""noise_frames"": 6, ""threshold"": 2.0}",1.3502424945608584,4.720977346476981,3.370734851916122,0.024716585874557495,0.0013257241807878017,0.036410495475725155,1.2117716073989868,0.871888914410899
p257_324.wav,noisy_input,{},16.64355444455103,16.64355444455103,0.0,0.005897788796573877,5.564933599089272e-05,0.007459848255218917,3.8813517093658447,0.9957994742269937
p257_324.wav,spectral_subtraction,"{""alpha"": 2.0, ""beta"": 0.02, ""noise_frames"": 6}",16.64355444455103,20.97125332184222,4.327698877291191,0.0036078840494155884,2.0544241124298424e-05,0.004532575550864919,3.6758334636688232,0.9896135188050424
p257_324.wav,wavelet_denoise,"{""mode"": ""soft"", ""threshold_scale"": 1.0, ""wavelet"": ""db4""}",16.64355444455103,16.631547039799216,-0.012007404751813056,0.005908959079533815,5.580341166933067e-05,0.007470168115198658,4.131504058837891,0.9945102853739501
p257_324.wav,frequency_masking,"{""mask_floor"": 0.05, ""noise_frames"": 6, ""threshold"": 2.0}",16.64355444455103,19.874159067361195,3.2306046228101657,0.003922371193766594,2.6448407879797742e-05,0.005142801559441871,4.049945831298828,0.9923425247274394
p257_325.wav,noisy_input,{},10.410809272507448,10.410809272507448,0.0,0.015156295150518417,0.0003614204179029912,0.01901106040974546,2.8204314708709717,0.9918691873963468
p257_325.wav,spectral_subtraction,"{""alpha"": 2.0, ""beta"": 0.02, ""noise_frames"": 6}",10.410809272507448,18.340753213951547,7.929943941444099,0.00579242967069149,5.821277591167018e-05,0.007629729740408252,3.183533191680908,0.9811402635889968
p257_325.wav,wavelet_denoise,"{""mode"": ""soft"", ""threshold_scale"": 1.0, ""wavelet"": ""db4""}",10.410809272507448,10.435348912730035,0.02453964022258681,0.015108861960470676,0.00035938399378210306,0.018957425821616792,3.104684591293335,0.9915722699804448
p257_325.wav,frequency_masking,"{""mask_floor"": 0.05, ""noise_frames"": 6, ""threshold"": 2.0}",10.410809272507448,14.552654132511531,4.141844860004083,0.007961278781294823,0.00013926057727076113,0.01180087188604135,3.2886500358581543,0.9881102582851664
p257_326.wav,noisy_input,{},5.938429970543425,5.938429970543425,0.0,0.023526925593614578,0.0008766979444772005,0.02960908550558765,2.182091474533081,0.9863941714648576
p257_326.wav,spectral_subtraction,"{""alpha"": 2.0, ""beta"": 0.02, ""noise_frames"": 6}",5.938429970543425,16.52458685323415,10.586156882690727,0.006793100852519274,7.660097617190331e-05,0.008752198362234674,2.8413467407226562,0.988181992980359
p257_326.wav,wavelet_denoise,"{""mode"": ""soft"", ""threshold_scale"": 1.0, ""wavelet"": ""db4""}",5.938429970543425,5.965945353307052,0.027515382763626306,0.023442527279257774,0.0008711610571481287,0.0295154376072612,2.4333577156066895,0.9861893030602398
p257_326.wav,frequency_masking,"{""mask_floor"": 0.05, ""noise_frames"": 6, ""threshold"": 2.0}",5.938429970543425,11.702793843305967,5.764363872762542,0.010274596512317657,0.00023249500372912735,0.015247786846920682,2.758561372756958,0.9885883485876367
p257_327.wav,noisy_input,{},0.3114134686739385,0.3114134686739385,0.0,0.033193912357091904,0.0016739214770495892,0.040913585482692534,1.436923861503601,0.9021839710850202
p257_327.wav,spectral_subtraction,"{""alpha"": 2.0, ""beta"": 0.02, ""noise_frames"": 6}",0.3114134686739385,10.734733162936823,10.423319694262885,0.00801493413746357,0.00015184591757133603,0.012322577553877924,1.699389934539795,0.8833423242801283
p257_327.wav,wavelet_denoise,"{""mode"": ""soft"", ""threshold_scale"": 1.0, ""wavelet"": ""db4""}",0.3114134686739385,0.37361133048289447,0.06219786180895598,0.0329563245177269,0.0016501190839335322,0.040621657818625916,1.6180063486099243,0.9049948131754318
p257_327.wav,frequency_masking,"{""mask_floor"": 0.05, ""noise_frames"": 6, ""threshold"": 2.0}",0.3114134686739385,4.4603874762779405,4.148974007604002,0.016364503651857376,0.0006439285352826118,0.025375746989647653,1.6251695156097412,0.8977805196685814
p257_328.wav,noisy_input,{},15.182067803673503,15.182067803673503,0.0,0.009831273928284645,0.0001600397954462096,0.012650683596004195,2.231322765350342,0.883476758654516
p257_328.wav,spectral_subtraction,"{""alpha"": 2.0, ""beta"": 0.02, ""noise_frames"": 6}",15.182067803673503,19.163775985905804,3.9817081822323015,0.005879929289221764,6.398190453182906e-05,0.00799886895328515,2.3797338008880615,0.8769956808570804
p257_328.wav,wavelet_denoise,"{""mode"": ""soft"", ""threshold_scale"": 1.0, ""wavelet"": ""db4""}",15.182067803673503,15.38083963948959,0.19877183581608726,0.009558187797665596,0.00015288004942703992,0.012364467211612473,2.307432174682617,0.8874557264170013
p257_328.wav,frequency_masking,"{""mask_floor"": 0.05, ""noise_frames"": 6, ""threshold"": 2.0}",15.182067803673503,17.2451040430466,2.063036239373096,0.007312476169317961,9.952321124728769e-05,0.009976132078480502,2.3670215606689453,0.8798763079084377
p257_329.wav,noisy_input,{},10.290307543420443,10.290307543420443,0.0,0.013356928713619709,0.00029391481075435877,0.017143943850653466,1.2694687843322754,0.8372116343482281
p257_329.wav,spectral_subtraction,"{""alpha"": 2.0, ""beta"": 0.02, ""noise_frames"": 6}",10.290307543420443,12.903325755604843,2.6130182121844,0.0087809506803751,0.00016103476809803396,0.012689947521484632,1.595167875289917,0.8167827941648723
p257_329.wav,wavelet_denoise,"{""mode"": ""soft"", ""threshold_scale"": 1.0, ""wavelet"": ""db4""}",10.290307543420443,10.65909546681838,0.368787923397937,0.01282300241291523,0.00026998689281754196,0.016431277881453467,1.3796017169952393,0.8497490633055745
p257_329.wav,frequency_masking,"{""mask_floor"": 0.05, ""noise_frames"": 6, ""threshold"": 2.0}",10.290307543420443,13.828678876106167,3.538371332685724,0.008442306891083717,0.00013013207353651524,0.011407544588407937,1.6391551494598389,0.8330678781518922
p257_330.wav,noisy_input,{},6.490902270994285,6.490902270994285,0.0,0.023425323888659477,0.001112380065023899,0.03335236221055263,1.2588557004928589,0.9436640116216624
p257_330.wav,spectral_subtraction,"{""alpha"": 2.0, ""beta"": 0.02, ""noise_frames"": 6}",6.490902270994285,11.724756567880096,5.233854296885811,0.011498159728944302,0.00033332491875626147,0.018257188139367504,1.4320452213287354,0.9278882920156384
p257_330.wav,wavelet_denoise,"{""mode"": ""soft"", ""threshold_scale"": 1.0, ""wavelet"": ""db4""}",6.490902270994285,6.5397149616667285,0.04881269067244354,0.023242875933647156,0.0010999474907293916,0.033165456287067595,1.3171802759170532,0.9426475463986717
p257_330.wav,frequency_masking,"{""mask_floor"": 0.05, ""noise_frames"": 6, ""threshold"": 2.0}",6.490902270994285,8.957377160367617,2.466474889373332,0.014693697914481163,0.0006303847767412663,0.02510746456218282,1.3518043756484985,0.9371574571167464
p257_331.wav,noisy_input,{},0.9375945545468917,0.9375945545468917,0.0,0.027635393664240837,0.001320469193160534,0.036338260733839944,1.0511224269866943,0.7507355637257033
p257_331.wav,spectral_subtraction,"{""alpha"": 2.0, ""beta"": 0.02, ""noise_frames"": 6}",0.9375945545468917,4.463766627022989,3.526172072476097,0.017082447186112404,0.0005862881080247462,0.02421338695896851,1.0764144659042358,0.7258109564014714
p257_331.wav,wavelet_denoise,"{""mode"": ""soft"", ""threshold_scale"": 1.0, ""wavelet"": ""db4""}",0.9375945545468917,1.5679870491628825,0.6303924946159908,0.025469763204455376,0.001142060267738998,0.03379438219200046,1.0615994930267334,0.7571569857079721
p257_331.wav,frequency_masking,"{""mask_floor"": 0.05, ""noise_frames"": 6, ""threshold"": 2.0}",0.9375945545468917,2.7779238002231468,1.840329245676255,0.02115309238433838,0.0008643614128232002,0.029400024027595627,1.0630959272384644,0.7505379262751006
p257_332.wav,noisy_input,{},16.264520360666292,16.264520360666292,0.0,0.007020785938948393,7.861026097089052e-05,0.008866242776446544,1.801808476448059,0.9611955254082912
p257_332.wav,spectral_subtraction,"{""alpha"": 2.0, ""beta"": 0.02, ""noise_frames"": 6}",16.264520360666292,17.408308133383265,1.1437877727169727,0.00591553607955575,6.0408838180592284e-05,0.007772312280177134,2.3133249282836914,0.968160569691181
p257_332.wav,wavelet_denoise,"{""mode"": ""soft"", ""threshold_scale"": 1.0, ""wavelet"": ""db4""}",16.264520360666292,16.67570520661435,0.41118484594805693,0.006727939005941153,7.150900637498125e-05,0.00845629980399118,2.2090795040130615,0.9555321851516239
p257_332.wav,frequency_masking,"{""mask_floor"": 0.05, ""noise_frames"": 6, ""threshold"": 2.0}",16.264520360666292,19.612318693191774,3.347798332525482,0.0047399727627635,3.636632391135208e-05,0.00603044972712252,2.1872141361236572,0.9702517758839754
p257_333.wav,noisy_input,{},11.035423323856474,11.035423323856474,0.0,0.008380657061934471,0.00011079179967055097,0.010525768364853512,1.7274816036224365,0.9635498201828423
p257_333.wav,spectral_subtraction,"{""alpha"": 2.0, ""beta"": 0.02, ""noise_frames"": 6}",11.035423323856474,16.153585614863466,5.118162291006993,0.004340918734669685,3.409505370655097e-05,0.005839096994103709,2.6590561866760254,0.9738679543841667
p257_333.wav,wavelet_denoise,"{""mode"": ""soft"", ""threshold_scale"": 1.0, ""wavelet"": ""db4""}",11.035423323856474,11.327043713847152,0.29162038999067796,0.00804021768271923,0.00010359661973780021,0.010178242468019722,1.6357324123382568,0.9364218605429278
p257_333.wav,frequency_masking,"{""mask_floor"": 0.05, ""noise_frames"": 6, ""threshold"": 2.0}",11.035423323856474,15.039076359028689,4.003653035172215,0.0050359442830085754,4.406992593430914e-05,0.006638518353842907,2.372657537460327,0.9722953893105145
p257_334.wav,noisy_input,{},5.336656352013506,5.336656352013506,0.0,0.02237578295171261,0.0007866992382332683,0.02804815926639872,1.4177131652832031,0.8196330959601449
p257_334.wav,spectral_subtraction,"{""alpha"": 2.0, ""beta"": 0.02, ""noise_frames"": 6}",5.336656352013506,12.853364536770787,7.516708184757281,0.007934332825243473,0.00013935993774794042,0.011805081014035457,2.021918535232544,0.8146160846966839
p257_334.wav,wavelet_denoise,"{""mode"": ""soft"", ""threshold_scale"": 1.0, ""wavelet"": ""db4""}",5.336656352013506,5.86903303840323,0.5323766863897239,0.021007321774959564,0.0006959388265386224,0.026380652504034513,1.4042021036148071,0.7961184383571632
p257_334.wav,frequency_masking,"{""mask_floor"": 0.05, ""noise_frames"": 6, ""threshold"": 2.0}",5.336656352013506,14.094572633415288,8.757916281401782,0.007301523350179195,0.00010471697896718979,0.01023313143505886,1.9814887046813965,0.8291544941501275
p257_335.wav,noisy_input,{},0.4591944676031602,0.4591944676031602,0.0,0.062462449073791504,0.006061467807739973,0.0778554288906045,1.0989294052124023,0.7970382540272852
p257_335.wav,spectral_subtraction,"{""alpha"": 2.0, ""beta"": 0.02, ""noise_frames"": 6}",0.4591944676031602,11.277508985616846,10.818314518013686,0.016682028770446777,0.0005020492826588452,0.02240645627177232,1.3874648809432983,0.8059851192497905
p257_335.wav,wavelet_denoise,"{""mode"": ""soft"", ""threshold_scale"": 1.0, ""wavelet"": ""db4""}",0.4591944676031602,1.01774734672582,0.5585528791226598,0.05845906585454941,0.0053299423307180405,0.07300645403468135,1.1272774934768677,0.7408958140963742
p257_335.wav,frequency_masking,"{""mask_floor"": 0.05, ""noise_frames"": 6, ""threshold"": 2.0}",0.4591944676031602,7.873410809709636,7.414216342106476,0.024745704606175423,0.0010994011536240578,0.033157218725702216,1.2485536336898804,0.8011899268273424
p257_336.wav,noisy_input,{},16.313947352157598,16.313947352157598,0.0,0.005603241268545389,4.7577170334989205e-05,0.0068976206285203305,2.1380929946899414,0.9971608070408812
p257_336.wav,spectral_subtraction,"{""alpha"": 2.0, ""beta"": 0.02, ""noise_frames"": 6}",16.313947352157598,22.1673740653494,5.853426713191801,0.00278280396014452,1.2361066183075309e-05,0.0035158307955695635,3.3145673274993896,0.9968001641201548
p257_336.wav,wavelet_denoise,"{""mode"": ""soft"", ""threshold_scale"": 1.0, ""wavelet"": ""db4""}",16.313947352157598,16.288222522266807,-0.025724829890791057,0.005614263005554676,4.7859823098406196e-05,0.006918079437127489,2.5753698348999023,0.9940141276181677
p257_336.wav,frequency_masking,"{""mask_floor"": 0.05, ""noise_frames"": 6, ""threshold"": 2.0}",16.313947352157598,21.961576658696657,5.647629306539059,0.0028427732177078724,1.2960915228177328e-05,0.0036001271127805096,3.284640073776245,0.9975971702433741
p257_337.wav,noisy_input,{},9.789432264243107,9.789432264243107,0.0,0.01323551032692194,0.0002527962496969849,0.01589956759465442,2.159745931625366,0.9131306987136137
p257_337.wav,spectral_subtraction,"{""alpha"": 2.0, ""beta"": 0.02, ""noise_frames"": 6}",9.789432264243107,13.549674367295996,3.7602421030528888,0.00832116138190031,0.00010635218495735899,0.010312719571352602,2.206678628921509,0.9207824463408171
p257_337.wav,wavelet_denoise,"{""mode"": ""soft"", ""threshold_scale"": 1.0, ""wavelet"": ""db4""}",9.789432264243107,9.837961229826371,0.04852896558326414,0.013141989707946777,0.0002499871770851314,0.01581098279946985,3.0387015342712402,0.9256050689931844
p257_337.wav,frequency_masking,"{""mask_floor"": 0.05, ""noise_frames"": 6, ""threshold"": 2.0}",9.789432264243107,10.98238430757119,1.1929520433280825,0.011214567348361015,0.00019207703007850796,0.013859185765351006,2.19739031791687,0.9241206964080148
p257_338.wav,noisy_input,{},5.9822015321548925,5.9822015321548925,0.0,0.019585147500038147,0.0006368594476953149,0.02523607433210076,1.3829965591430664,0.9135023487965822
p257_338.wav,spectral_subtraction,"{""alpha"": 2.0, ""beta"": 0.02, ""noise_frames"": 6}",5.9822015321548925,16.58510790371008,10.60290637155519,0.005741398315876722,5.543103179661557e-05,0.007445201931218224,3.199692487716675,0.9009044102631746
p257_338.wav,wavelet_denoise,"{""mode"": ""soft"", ""threshold_scale"": 1.0, ""wavelet"": ""db4""}",5.9822015321548925,6.053605780273131,0.0714042481182382,0.019449356943368912,0.0006264741532504559,0.025029465700459046,1.739861249923706,0.9007153337651336
p257_338.wav,frequency_masking,"{""mask_floor"": 0.05, ""noise_frames"": 6, ""threshold"": 2.0}",5.9822015321548925,16.83050282458953,10.848301292434638,0.00512818293645978,5.2385785238584504e-05,0.00723780251447803,3.0783157348632812,0.9092442593619962
p257_339.wav,noisy_input,{},1.574565409166737,1.574565409166737,0.0,0.02796526812016964,0.0011561871506273746,0.034002752103725,1.6610839366912842,0.9812858240054023
p257_339.wav,spectral_subtraction,"{""alpha"": 2.0, ""beta"": 0.02, ""noise_frames"": 6}",1.574565409166737,16.530969952860428,14.95640454369369,0.0046709501184523106,3.693070902954787e-05,0.0060770641784950626,2.9830570220947266,0.9696417534045998
p257_339.wav,wavelet_denoise,"{""mode"": ""soft"", ""threshold_scale"": 1.0, ""wavelet"": ""db4""}",1.574565409166737,1.6362182256279678,0.061652816461230886,0.027773912996053696,0.0011398897040635347,0.0337622526509049,1.8813869953155518,0.9598835561650917
p257_339.wav,frequency_masking,"{""mask_floor"": 0.05, ""noise_frames"": 6, ""threshold"": 2.0}",1.574565409166737,9.946979279857114,8.372413870690377,0.007942626252770424,0.0001681847934378311,0.012968607999235349,2.750680446624756,0.9753715536633123
p257_340.wav,noisy_input,{},15.586394139456177,15.586394139456177,0.0,0.007675591390579939,0.00012097624130547047,0.010998920006322006,2.7510182857513428,0.9772992408247279
p257_340.wav,spectral_subtraction,"{""alpha"": 2.0, ""beta"": 0.02, ""noise_frames"": 6}",15.586394139456177,17.542934345728824,1.9565402062726474,0.0061129978857934475,7.709852798143402e-05,0.008780576745375785,3.1817374229431152,0.9773480607148288
p257_340.wav,wavelet_denoise,"{""mode"": ""soft"", ""threshold_scale"": 1.0, ""wavelet"": ""db4""}",15.586394139456177,15.60789388248084,0.02149974302466262,0.007630562875419855,0.00012037883425364271,0.010971728863476471,3.061933994293213,0.9796564964491785
p257_340.wav,frequency_masking,"{""mask_floor"": 0.05, ""noise_frames"": 6, ""threshold"": 2.0}",15.586394139456177,16.540231076424885,0.9538369369687079,0.006514399312436581,9.712173050502315e-05,0.00985503579420304,2.9394710063934326,0.9783149409874036
p257_341.wav,noisy_input,{},11.163018270672964,11.163018270672964,0.0,0.01227804459631443,0.00023959141981322318,0.015478740898833573,1.4107507467269897,0.9833591291973236
p257_341.wav,spectral_subtraction,"{""alpha"": 2.0, ""beta"": 0.02, ""noise_frames"": 6}",11.163018270672964,18.596480720069845,7.433462449396881,0.004892613738775253,4.3263837142148986e-05,0.006577525153288962,2.2692933082580566,0.9839904501223016
p257_341.wav,wavelet_denoise,"{""mode"": ""soft"", ""threshold_scale"": 1.0, ""wavelet"": ""db4""}",11.163018270672964,11.260023445034452,0.09700517436148814,0.012129312381148338,0.00023429917928297073,0.01530683439784238,1.6177678108215332,0.9825524316293145
p257_341.wav,frequency_masking,"{""mask_floor"": 0.05, ""noise_frames"": 6, ""threshold"": 2.0}",11.163018270672964,15.191634695630537,4.028616424957573,0.006985864136368036,9.475663682678714e-05,0.00973430207188924,1.7231268882751465,0.9842933083491738
p257_342.wav,noisy_input,{},5.389016323177099,5.389016323177099,0.0,0.015568548813462257,0.0004181885742582381,0.02044965951448185,1.2271709442138672,0.9169475038987992
p257_342.wav,spectral_subtraction,"{""alpha"": 2.0, ""beta"": 0.02, ""noise_frames"": 6}",5.389016323177099,14.509615195191454,9.120598872014355,0.004869644995778799,5.120498826727271e-05,0.0071557660852820445,1.9930393695831299,0.8925758882804706
p257_342.wav,wavelet_denoise,"{""mode"": ""soft"", ""threshold_scale"": 1.0, ""wavelet"": ""db4""}",5.389016323177099,5.488841745271512,0.09982542209441281,0.015358591452240944,0.0004086858534719795,0.02021598015115714,1.3691823482513428,0.9216539356164334
p257_342.wav,frequency_masking,"{""mask_floor"": 0.05, ""noise_frames"": 6, ""threshold"": 2.0}",5.389016323177099,12.28062885133241,6.89161252815531,0.005156948696821928,8.554820669814944e-05,0.009249227356820105,1.438204288482666,0.9143613305954988
p257_343.wav,noisy_input,{},1.3202044861812485,1.3202044861812485,0.0,0.030947476625442505,0.0016150609590113163,0.04018782102840755,1.145193338394165,0.9240292236627917
p257_343.wav,spectral_subtraction,"{""alpha"": 2.0, ""beta"": 0.02, ""noise_frames"": 6}",1.3202044861812485,12.154814740444246,10.834610254262998,0.00831521861255169,0.00013326860789675266,0.011544202349956997,1.9265371561050415,0.9092465704634742
p257_343.wav,wavelet_denoise,"{""mode"": ""soft"", ""threshold_scale"": 1.0, ""wavelet"": ""db4""}",1.3202044861812485,1.443993784061148,0.12378929787989956,0.030488325282931328,0.0015696758637204766,0.039619135070322734,1.2093431949615479,0.9199324067071125
p257_343.wav,frequency_masking,"{""mask_floor"": 0.05, ""noise_frames"": 6, ""threshold"": 2.0}",1.3202044861812485,9.941935350478229,8.62173086429698,0.009931818582117558,0.00022182772227097303,0.014893882041663047,1.4283037185668945,0.925889769382635
p257_344.wav,noisy_input,{},15.7503207849768,15.7503207849768,0.0,0.00885265227407217,0.00013904696970712394,0.011791817913584145,1.9557822942733765,0.9754239204670586
p257_344.wav,spectral_subtraction,"{""alpha"": 2.0, ""beta"": 0.02, ""noise_frames"": 6}",15.7503207849768,20.236825504795615,4.486504719818814,0.005591004155576229,4.948927016812377e-05,0.0070348610624605635,3.283820390701294,0.9738565134290931
p257_344.wav,wavelet_denoise,"{""mode"": ""soft"", ""threshold_scale"": 1.0, ""wavelet"": ""db4""}",15.7503207849768,15.762392712764548,0.012071927787747683,0.008866586722433567,0.00013866099470760673,0.011775440319054177,2.1142568588256836,0.97324378239484
p257_344.wav,frequency_masking,"{""mask_floor"": 0.05, ""noise_frames"": 6, ""threshold"": 2.0}",15.7503207849768,21.189089728083296,5.438768943106496,0.005021572578698397,3.97451949538663e-05,0.006304379029997031,3.5271787643432617,0.976961966498809
p257_345.wav,noisy_input,{},11.453190044959193,11.453190044959193,0.0,0.011941132135689259,0.0002415264316368848,0.015541120668628913,3.5042450428009033,0.9791025691536143
p257_345.wav,spectral_subtraction,"{""alpha"": 2.0, ""beta"": 0.02, ""noise_frames"": 6}",11.453190044959193,18.879708031955204,7.426517986996011,0.005288563668727875,4.3683041440090165e-05,0.006609314748148265,3.6528375148773193,0.97606939476806
p257_345.wav,wavelet_denoise,"{""mode"": ""soft"", ""threshold_scale"": 1.0, ""wavelet"": ""db4""}",11.453190044959193,11.455069618215148,0.0018795732559553358,0.011947378516197205,0.00024142191978171468,0.015537757874986811,3.789693593978882,0.9769414866642658
p257_345.wav,frequency_masking,"{""mask_floor"": 0.05, ""noise_frames"": 6, ""threshold"": 2.0}",11.453190044959193,15.917636264395163,4.46444621943597,0.0067958468571305275,8.640125452075154e-05,0.009295227513124761,3.8063080310821533,0.9795290519527836
p257_346.wav,noisy_input,{},6.084053034648567,6.084053034648567,0.0,0.020036349073052406,0.0006597614265047014,0.025685821507296615,1.6622333526611328,0.9615845532678472
p257_346.wav,spectral_subtraction,"{""alpha"": 2.0, ""beta"": 0.02, ""noise_frames"": 6}",6.084053034648567,13.435177559803153,7.351124525154586,0.006876000668853521,0.00012141559273004532,0.011018874385800272,2.7904560565948486,0.9543739021663499
p257_346.wav,wavelet_denoise,"{""mode"": ""soft"", ""threshold_scale"": 1.0, ""wavelet"": ""db4""}",6.084053034648567,6.122812348688921,0.038759314040354376,0.019930902868509293,0.0006538994493894279,0.025571457709513315,1.779087781906128,0.9627385499188276
p257_346.wav,frequency_masking,"{""mask_floor"": 0.05, ""noise_frames"": 6, ""threshold"": 2.0}",6.084053034648567,9.54867140965891,3.4646183750103434,0.010909004136919975,0.0002971153298858553,0.01723703367421017,2.4121253490448,0.9582255923166868
p257_347.wav,noisy_input,{},1.5135514608744047,1.5135514608744047,0.0,0.04291607812047005,0.002420518547296524,0.04919876570907571,1.583491325378418,0.8947346050666464
p257_347.wav,spectral_subtraction,"{""alpha"": 2.0, ""beta"": 0.02, ""noise_frames"": 6}",1.5135514608744047,14.115578173997328,12.602026713122923,0.008423563092947006,0.00013295533426571637,0.01153062592688343,1.9953842163085938,0.8732887313896452
p257_347.wav,wavelet_denoise,"{""mode"": ""soft"", ""threshold_scale"": 1.0, ""wavelet"": ""db4""}",1.5135514608744047,1.6113362671915834,0.09778480631717867,0.04248003289103508,0.002366627799347043,0.04864799892438581,1.7366504669189453,0.9069026136636853
p257_347.wav,frequency_masking,"{""mask_floor"": 0.05, ""noise_frames"": 6, ""threshold"": 2.0}",1.5135514608744047,11.918643407572223,10.405091946697818,0.011427540332078934,0.00022049524704925716,0.014849082363878826,1.8955767154693604,0.8884403606842658
p257_348.wav,noisy_input,{},15.904754339062457,15.904754339062457,0.0,0.005525982938706875,4.9854872486321256e-05,0.007060798289593129,1.1638784408569336,0.9439001699234654
p257_348.wav,spectral_subtraction,"{""alpha"": 2.0, ""beta"": 0.02, ""noise_frames"": 6}",15.904754339062457,16.87766735536179,0.9729130162993336,0.004799971356987953,3.984889553976245e-05,0.006312598160802131,2.291043996810913,0.9360974534390576
p257_348.wav,wavelet_denoise,"{""mode"": ""soft"", ""threshold_scale"": 1.0, ""wavelet"": ""db4""}",15.904754339062457,16.132731768201868,0.22797742913941121,0.005380278918892145,4.730530781671405e-05,0.00687788541753307,1.2284750938415527,0.9448137392522217
p257_348.wav,frequency_masking,"{""mask_floor"": 0.05, ""noise_frames"": 6, ""threshold"": 2.0}",15.904754339062457,18.76347771438374,2.858723375321283,0.003955964930355549,2.5812809326453134e-05,0.005080630800053585,2.35931396484375,0.9435909839753497
p257_349.wav,noisy_input,{},10.985215240725969,10.985215240725969,0.0,0.015511415898799896,0.00041044934187084436,0.02025954939950157,1.216902494430542,0.9283081238844563
p257_349.wav,spectral_subtraction,"{""alpha"": 2.0, ""beta"": 0.02, ""noise_frames"": 6}",10.985215240725969,14.827190238637705,3.841974997911736,0.009485033340752125,0.00016945799870882183,0.013017603416482691,1.445845603942871,0.9170342369677591
p257_349.wav,wavelet_denoise,"{""mode"": ""soft"", ""threshold_scale"": 1.0, ""wavelet"": ""db4""}",10.985215240725969,11.241993685947131,0.2567784452211619,0.01505209505558014,0.0003868848434649408,0.01966938848731553,1.2737469673156738,0.9265958523584985
p257_349.wav,frequency_masking,"{""mask_floor"": 0.05, ""noise_frames"": 6, ""threshold"": 2.0}",10.985215240725969,14.362115898116167,3.3769006573901983,0.009845031425356865,0.00018861208809539676,0.01373361161877664,1.2922122478485107,0.9245385141881888
p257_350.wav,noisy_input,{},6.684785458642571,6.684785458642571,0.0,0.022861938923597336,0.0009035408147610724,0.030058955649873674,1.2625280618667603,0.9106803607633225
p257_350.wav,spectral_subtraction,"{""alpha"": 2.0, ""beta"": 0.02, ""noise_frames"": 6}",6.684785458642571,11.787168184207495,5.102382725564924,0.011773000471293926,0.0002790676662698388,0.016705318502496107,1.3719444274902344,0.9013275189075419
p257_350.wav,wavelet_denoise,"{""mode"": ""soft"", ""threshold_scale"": 1.0, ""wavelet"": ""db4""}",6.684785458642571,7.2602094304186195,0.5754239717760488,0.021407872438430786,0.0007914170273579657,0.028132135136849562,1.3262732028961182,0.9100101379625343
p257_350.wav,frequency_masking,"{""mask_floor"": 0.05, ""noise_frames"": 6, ""threshold"": 2.0}",6.684785458642571,11.657640008434187,4.972854549791617,0.01191141176968813,0.0002875161881092936,0.016956302312393867,1.3854424953460693,0.9106638929121302
p257_351.wav,noisy_input,{},1.368210576885161,1.368210576885161,0.0,0.03643319383263588,0.0023469971492886543,0.048445816633520114,1.0717415809631348,0.7883876374763114
p257_351.wav,spectral_subtraction,"{""alpha"": 2.0, ""beta"": 0.02, ""noise_frames"": 6}",1.368210576885161,5.339522794890431,3.9713122180052705,0.021390439942479134,0.0009405488381162286,0.030668368690170474,1.0810693502426147,0.7409997804444497
p257_351.wav,wavelet_denoise,"{""mode"": ""soft"", ""threshold_scale"": 1.0, ""wavelet"": ""db4""}",1.368210576885161,1.906669432559137,0.538458855673976,0.033966053277254105,0.0020733217243105173,0.04553374270044708,1.0879043340682983,0.7966478004267413
p257_351.wav,frequency_masking,"{""mask_floor"": 0.05, ""noise_frames"": 6, ""threshold"": 2.0}",1.368210576885161,4.169850651928914,2.801640075043753,0.024991057813167572,0.001231256639584899,0.03508926672908539,1.092655897140503,0.7681313705178046
p257_352.wav,noisy_input,{},15.983935651630814,15.983935651630814,0.0,0.006260395050048828,6.219216447789222e-05,0.007886200890028875,2.393080234527588,0.9342473646131811
p257_352.wav,spectral_subtraction,"{""alpha"": 2.0, ""beta"": 0.02, ""noise_frames"": 6}",15.983935651630814,17.542099229747134,1.5581635781163197,0.004934645723551512,4.344295302871615e-05,0.006591126840587742,2.9821524620056152,0.9348778037026134
p257_352.wav,wavelet_denoise,"{""mode"": ""soft"", ""threshold_scale"": 1.0, ""wavelet"": ""db4""}",15.983935651630814,16.114126689275974,0.13019103764515982,0.0061491262167692184,6.0355461755534634e-05,0.007768877766803558,1.9684298038482666,0.9014814665910603
p257_352.wav,frequency_masking,"{""mask_floor"": 0.05, ""noise_frames"": 6, ""threshold"": 2.0}",15.983935651630814,18.497379766324485,2.5134441146936712,0.004544073715806007,3.486513014649972e-05,0.005904670197944989,2.7103912830352783,0.9361308507688866
p257_353.wav,noisy_input,{},10.421084943697963,10.421084943697963,0.0,0.018147243186831474,0.0005148726631887257,0.022690805697214142,1.127360224723816,0.8984017554303002
p257_353.wav,spectral_subtraction,"{""alpha"": 2.0, ""beta"": 0.02, ""noise_frames"": 6}",10.421084943697963,14.110031788023413,3.68894684432545,0.010876908898353577,0.000220193833229132,0.014838929652408626,2.0310120582580566,0.9038348116496476
p257_353.wav,wavelet_denoise,"{""mode"": ""soft"", ""threshold_scale"": 1.0, ""wavelet"": ""db4""}",10.421084943697963,10.896227470311768,0.47514252661380496,0.017261233180761337,0.0004615147481672466,0.021482894315413986,1.158497929573059,0.8857381115770495
p257_353.wav,frequency_masking,"{""mask_floor"": 0.05, ""noise_frames"": 6, ""threshold"": 2.0}",10.421084943697963,16.060962557865533,5.63987761416757,0.009172417223453522,0.00014051156176719815,0.011853757284810506,2.0889387130737305,0.9072906034674221
p257_354.wav,noisy_input,{},4.845706217656176,4.845706217656176,0.0,0.02697238326072693,0.001117587904445827,0.033430344067117035,1.0850017070770264,0.8070642515827051
p257_354.wav,spectral_subtraction,"{""alpha"": 2.0, ""beta"": 0.02, ""noise_frames"": 6}",4.845706217656176,12.106349627193662,7.2606434095374865,0.01023675873875618,0.00020999906701035798,0.014491344554952724,1.6453781127929688,0.7919712715252849
p257_354.wav,wavelet_denoise,"{""mode"": ""soft"", ""threshold_scale"": 1.0, ""wavelet"": ""db4""}",4.845706217656176,5.537235004344106,0.6915287866879307,0.024845926091074944,0.0009530788520351052,0.030871975188431097,1.1159156560897827,0.7900525867096073
p257_354.wav,frequency_masking,"{""mask_floor"": 0.05, ""noise_frames"": 6, ""threshold"": 2.0}",4.845706217656176,10.021092852506326,5.175386634850151,0.01401218306273222,0.0003394243831280619,0.018423473698737213,1.4388068914413452,0.8042313093068678
p257_355.wav,noisy_input,{},1.2126608154540839,1.2126608154540839,0.0,0.05321027338504791,0.004473298322409391,0.066882720656455,1.1116199493408203,0.8846154766474389
p257_355.wav,spectral_subtraction,"{""alpha"": 2.0, ""beta"": 0.02, ""noise_frames"": 6}",1.2126608154540839,6.881432444348418,5.6687716288943335,0.024931954219937325,0.0012126925867050886,0.03482373596708269,1.118598222732544,0.8668402706216193
p257_355.wav,wavelet_denoise,"{""mode"": ""soft"", ""threshold_scale"": 1.0, ""wavelet"": ""db4""}",1.2126608154540839,1.8297198615932297,0.6170590461391459,0.049479562789201736,0.003880806267261505,0.062296117593807605,1.1474957466125488,0.8385906745445794
p257_355.wav,frequency_masking,"{""mask_floor"": 0.05, ""noise_frames"": 6, ""threshold"": 2.0}",1.2126608154540839,4.193890102668473,2.9812292872143895,0.035346999764442444,0.0022516711615025997,0.04745177722175008,1.1235698461532593,0.8819965732348675
p257_356.wav,noisy_input,{},15.655632983481242,15.655632983481242,0.0,0.01000363752245903,0.00016277625400107354,0.012758379756108279,1.803215742111206,0.9958449236804447
p257_356.wav,spectral_subtraction,"{""alpha"": 2.0, ""beta"": 0.02, ""noise_frames"": 6}",15.655632983481242,20.690317490894607,5.034684507413365,0.005593307316303253,5.106491153128445e-05,0.00714597169958603,3.4522955417633057,0.9935159538490822
p257_356.wav,wavelet_denoise,"{""mode"": ""soft"", ""threshold_scale"": 1.0, ""wavelet"": ""db4""}",15.655632983481242,15.629247985635942,-0.026384997845299907,0.0100629897788167,0.00016376818530261517,0.012797194430913955,2.073961019515991,0.9893614287423843
p257_356.wav,frequency_masking,"{""mask_floor"": 0.05, ""noise_frames"": 6, ""threshold"": 2.0}",15.655632983481242,18.63723064775925,2.9815976642780075,0.006673923693597317,8.192779205273837e-05,0.009051397243118786,3.521695852279663,0.9962081388041123
p257_357.wav,noisy_input,{},10.91088241997406,10.91088241997406,0.0,0.01165110245347023,0.00020470832532737404,0.014307631716233614,3.210458517074585,0.9978208571561905
p257_357.wav,spectral_subtraction,"{""alpha"": 2.0, ""beta"": 0.02, ""noise_frames"": 6}",10.91088241997406,15.357796975091073,4.446914555117013,0.006505490280687809,7.352652755798772e-05,0.008574761078769933,3.63938570022583,0.9964738262947572
p257_357.wav,wavelet_denoise,"{""mode"": ""soft"", ""threshold_scale"": 1.0, ""wavelet"": ""db4""}",10.91088241997406,10.940788859389734,0.029906439415674058,0.011598249897360802,0.00020330349798314273,0.014258453562120358,3.4994757175445557,0.9933157294629419
p257_357.wav,frequency_masking,"{""mask_floor"": 0.05, ""noise_frames"": 6, ""threshold"": 2.0}",10.91088241997406,12.506022873525627,1.5951404535515668,0.009091976098716259,0.0001417821185896173,0.01190722967736901,3.7655324935913086,0.9984886954592673
p257_358.wav,noisy_input,{},6.63906211037126,6.63906211037126,0.0,0.025502841919660568,0.0009597889729775488,0.030980461148561827,2.9783830642700195,0.9762967450088773
p257_358.wav,spectral_subtraction,"{""alpha"": 2.0, ""beta"": 0.02, ""noise_frames"": 6}",6.63906211037126,18.890599067716995,12.251536957345735,0.005913063883781433,5.7150766224367544e-05,0.0075598125786534905,3.353522539138794,0.9699862779793779
p257_358.wav,wavelet_denoise,"{""mode"": ""soft"", ""threshold_scale"": 1.0, ""wavelet"": ""db4""}",6.63906211037126,6.6765389941819775,0.03747688381071779,0.025346936658024788,0.0009515422279946506,0.030847078111138022,2.88673734664917,0.9572319949611227
p257_358.wav,frequency_masking,"{""mask_floor"": 0.05, ""noise_frames"": 6, ""threshold"": 2.0}",6.63906211037126,13.315938416316742,6.676876305945482,0.00973464548587799,0.00020629471691790968,0.01436296337521995,3.334164619445801,0.9769382070894282
p257_359.wav,noisy_input,{},1.0137383293815352,1.0137383293815352,0.0,0.03827793151140213,0.002191215520724654,0.046810421069721796,1.7050758600234985,0.962659802542733
p257_359.wav,spectral_subtraction,"{""alpha"": 2.0, ""beta"": 0.02, ""noise_frames"": 6}",1.0137383293815352,13.921558907422183,12.907820578040647,0.007743097376078367,0.00011217679275432602,0.010591354623197451,2.3407275676727295,0.954721859880916
p257_359.wav,wavelet_denoise,"{""mode"": ""soft"", ""threshold_scale"": 1.0, ""wavelet"": ""db4""}",1.0137383293815352,1.0877352196276149,0.0739968902460797,0.037915442138910294,0.002154196845367551,0.04641332616143289,1.9517099857330322,0.9336834524111616
p257_359.wav,frequency_masking,"{""mask_floor"": 0.05, ""noise_frames"": 6, ""threshold"": 2.0}",1.0137383293815352,6.753250008798426,5.739511679416891,0.015520527958869934,0.0005844319239258766,0.02417502686504974,2.311251401901245,0.9629444156392711
p257_360.wav,noisy_input,{},16.40597536144869,16.40597536144869,0.0,0.004975597839802504,4.033059303765185e-05,0.006350637215087306,2.164156675338745,0.986798849372955
p257_360.wav,spectral_subtraction,"{""alpha"": 2.0, ""beta"": 0.02, ""noise_frames"": 6}",16.40597536144869,18.81029884649149,2.404323485042802,0.0038269460201263428,2.31847425311571e-05,0.0048150537412532685,3.163726329803467,0.9850009362382784
p257_360.wav,wavelet_denoise,"{""mode"": ""soft"", ""threshold_scale"": 1.0, ""wavelet"": ""db4""}",16.40597536144869,16.45253860467441,0.046563243225719475,0.004946115426719189,3.990049663116224e-05,0.006316683990129809,2.378514051437378,0.9851634445341005
p257_360.wav,frequency_masking,"{""mask_floor"": 0.05, ""noise_frames"": 6, ""threshold"": 2.0}",16.40597536144869,19.857742074431957,3.451766712983268,0.0034054331481456757,1.8216205717180856e-05,0.004268044718273328,2.888803005218506,0.9877781835260864
p257_361.wav,noisy_input,{},9.897138617940433,9.897138617940433,0.0,0.011579802259802818,0.00025446078507229686,0.01595182701361499,1.2860089540481567,0.9471666901188022
p257_361.wav,spectral_subtraction,"{""alpha"": 2.0, ""beta"": 0.02, ""noise_frames"": 6}",9.897138617940433,13.449565818307025,3.5524272003665924,0.006769025698304176,0.00011229958181502298,0.010597149702397479,1.698596477508545,0.9605747321739766
p257_361.wav,wavelet_denoise,"{""mode"": ""soft"", ""threshold_scale"": 1.0, ""wavelet"": ""db4""}",9.897138617940433,9.956912506420016,0.05977388847958309,0.011491818353533745,0.0002509825280867517,0.015842428099466056,1.4422203302383423,0.9506721176645908
p257_361.wav,frequency_masking,"{""mask_floor"": 0.05, ""noise_frames"": 6, ""threshold"": 2.0}",9.897138617940433,11.119425420778082,1.2222868028376492,0.009214771911501884,0.0001920402137329802,0.013857857472675211,1.5083115100860596,0.9516265354062584
p257_362.wav,noisy_input,{},5.081302421965008,5.081302421965008,0.0,0.026029415428638458,0.0010726643959060311,0.03275155562574137,1.1047111749649048,0.9107620998221096
p257_362.wav,spectral_subtraction,"{""alpha"": 2.0, ""beta"": 0.02, ""noise_frames"": 6}",5.081302421965008,14.305666336745912,9.224363914780904,0.007738415151834488,0.0001282411685679108,0.011324361728941319,1.6995165348052979,0.8951159420628928
p257_362.wav,wavelet_denoise,"{""mode"": ""soft"", ""threshold_scale"": 1.0, ""wavelet"": ""db4""}",5.081302421965008,5.300191737489469,0.21888931552446156,0.02536124549806118,0.0010199407115578651,0.031936510635288025,1.1635006666183472,0.9180991530807032
p257_362.wav,frequency_masking,"{""mask_floor"": 0.05, ""noise_frames"": 6, ""threshold"": 2.0}",5.081302421965008,15.776209129205363,10.694906707240355,0.007212835829705,9.140567999565974e-05,0.009560631778060472,1.1189842224121094,0.909655907565007
p257_363.wav,noisy_input,{},-0.020317329222146827,-0.020317329222146827,0.0,0.04538862407207489,0.003401125082746148,0.05831916565543568,1.1060718297958374,0.7783361712720578
p257_363.wav,spectral_subtraction,"{""alpha"": 2.0, ""beta"": 0.02, ""noise_frames"": 6}",-0.020317329222146827,11.174032572960735,11.194349902182882,0.009815216064453125,0.00025833758991211653,0.016072883683773628,1.114122986793518,0.7439163974868458
p257_363.wav,wavelet_denoise,"{""mode"": ""soft"", ""threshold_scale"": 1.0, ""wavelet"": ""db4""}",-0.020317329222146827,0.10911144576362447,0.1294287749857713,0.04466349631547928,0.0033012600615620613,0.057456592846792276,1.1445348262786865,0.7870310876492032
p257_363.wav,frequency_masking,"{""mask_floor"": 0.05, ""noise_frames"": 6, ""threshold"": 2.0}",-0.020317329222146827,6.1904780549485805,6.210795384170727,0.01712793856859207,0.000813847582321614,0.028528013991892497,1.0940732955932617,0.7609935884879195
p257_364.wav,noisy_input,{},17.08970667657387,17.08970667657387,0.0,0.005501594394445419,6.914318510098383e-05,0.008315238126535153,3.8670241832733154,0.9987634611169243
p257_364.wav,spectral_subtraction,"{""alpha"": 2.0, ""beta"": 0.02, ""noise_frames"": 6}",17.08970667657387,18.568577924795797,1.4788712482219282,0.005357369314879179,4.918834747513756e-05,0.0070134404877447674,3.807126760482788,0.996195284407226
p257_364.wav,wavelet_denoise,"{""mode"": ""soft"", ""threshold_scale"": 1.0, ""wavelet"": ""db4""}",17.08970667657387,17.002178560725344,-0.08752811584852438,0.005628888960927725,7.055083551676944e-05,0.008399454477331814,3.9180099964141846,0.9962109226605544
p257_364.wav,frequency_masking,"{""mask_floor"": 0.05, ""noise_frames"": 6, ""threshold"": 2.0}",17.08970667657387,18.07647572134584,0.9867690447719717,0.0048234728164970875,5.50899603695143e-05,0.007422261135901532,4.083772659301758,0.9978931777573552
p257_365.wav,noisy_input,{},10.559645870595881,10.559645870595881,0.0,0.016547219827771187,0.000442518328782171,0.021036119622738672,3.0390541553497314,0.9845439067493557
p257_365.wav,spectral_subtraction,"{""alpha"": 2.0, ""beta"": 0.02, ""noise_frames"": 6}",10.559645870595881,16.877340503525605,6.317694632929724,0.007431235630065203,0.0001033146254485473,0.010164380229435895,3.258890151977539,0.9765675355876083
p257_365.wav,wavelet_denoise,"{""mode"": ""soft"", ""threshold_scale"": 1.0, ""wavelet"": ""db4""}",10.559645870595881,10.58123182823157,0.021585957635688047,0.01649664342403412,0.0004403243074193597,0.020983905914280107,3.162541389465332,0.9825654273704815
p257_365.wav,frequency_masking,"{""mask_floor"": 0.05, ""noise_frames"": 6, ""threshold"": 2.0}",10.559645870595881,13.532498400727812,2.972852530131931,0.010230086743831635,0.00022317524417303503,0.014939050979665174,3.297790050506592,0.9838196418293035
p257_366.wav,noisy_input,{},6.624637404552031,6.624637404552031,0.0,0.025604013353586197,0.0011208683717995882,0.033479372332819925,1.7959134578704834,0.9872724346209065
p257_366.wav,spectral_subtraction,"{""alpha"": 2.0, ""beta"": 0.02, ""noise_frames"": 6}",6.624637404552031,16.2274218344557,9.60278442990367,0.008021167479455471,0.00012282200623303652,0.01108250902246583,2.804222583770752,0.9705755894996011
p257_366.wav,wavelet_denoise,"{""mode"": ""soft"", ""threshold_scale"": 1.0, ""wavelet"": ""db4""}",6.624637404552031,6.644762955901665,0.020125551349634563,0.0255245603621006,0.001115686260163784,0.0334018900687339,1.9169323444366455,0.9821407458777106
p257_366.wav,frequency_masking,"{""mask_floor"": 0.05, ""noise_frames"": 6, ""threshold"": 2.0}",6.624637404552031,12.30587210611992,5.68123470156789,0.01037160586565733,0.00030299200443550944,0.01740666551742491,3.1051132678985596,0.9767487934836563
p257_367.wav,noisy_input,{},1.65983316769261,1.65983316769261,0.0,0.022601697593927383,0.0011246171779930592,0.03353531240339143,1.1699498891830444,0.9748770505094232
p257_367.wav,spectral_subtraction,"{""alpha"": 2.0, ""beta"": 0.02, ""noise_frames"": 6}",1.65983316769261,5.66796781321419,4.00813464552158,0.010730747133493423,0.00044688035268336535,0.021139544760551618,1.3676097393035889,0.9657203483685636
p257_367.wav,wavelet_denoise,"{""mode"": ""soft"", ""threshold_scale"": 1.0, ""wavelet"": ""db4""}",1.65983316769261,1.7157823257174745,0.055949158024864554,0.02241511456668377,0.0011102219577878714,0.033319993364163074,1.3188601732254028,0.9750372779188015
p257_367.wav,frequency_masking,"{""mask_floor"": 0.05, ""noise_frames"": 6, ""threshold"": 2.0}",1.65983316769261,3.072447237085765,1.4126140693931553,0.01586807519197464,0.000812350248452276,0.02850175869051375,1.3305141925811768,0.9743129911335034
p257_368.wav,noisy_input,{},15.639878101595778,15.639878101595778,0.0,0.008964437991380692,0.00012925478222314268,0.011369027320889975,1.7104368209838867,0.9250027867772043
p257_368.wav,spectral_subtraction,"{""alpha"": 2.0, ""beta"": 0.02, ""noise_frames"": 6}",15.639878101595778,17.350475202324386,1.7105971007286076,0.0070233820006251335,8.717398304725066e-05,0.00933670086525485,2.422173500061035,0.9240068900812828
p257_368.wav,wavelet_denoise,"{""mode"": ""soft"", ""threshold_scale"": 1.0, ""wavelet"": ""db4""}",15.639878101595778,16.162543611852303,0.522665510256525,0.008414185605943203,0.00011459879897302017,0.01070508285689654,1.9072582721710205,0.9264958296013098
p257_368.wav,frequency_masking,"{""mask_floor"": 0.05, ""noise_frames"": 6, ""threshold"": 2.0}",15.639878101595778,17.666569046794365,2.0266909451985864,0.006983594503253698,8.105456799967214e-05,0.009003031045135418,2.302272319793701,0.9253750323703305
p257_369.wav,noisy_input,{},10.386885819558922,10.386885819558922,0.0,0.010338435880839825,0.00020839583885390311,0.014435921822104162,1.3084653615951538,0.9270460273373267
p257_369.wav,spectral_subtraction,"{""alpha"": 2.0, ""beta"": 0.02, ""noise_frames"": 6}",10.386885819558922,15.597933753060092,5.21104793350117,0.005055364686995745,6.277464126469567e-05,0.007923044949051827,1.5698171854019165,0.9143399565292231
p257_369.wav,wavelet_denoise,"{""mode"": ""soft"", ""threshold_scale"": 1.0, ""wavelet"": ""db4""}",10.386885819558922,10.46828206723128,0.08139624767235887,0.010256885550916195,0.00020452641183510423,0.014301273084418193,1.3846120834350586,0.9298614218860548
p257_369.wav,frequency_masking,"{""mask_floor"": 0.05, ""noise_frames"": 6, ""threshold"": 2.0}",10.386885819558922,12.721761070813498,2.3348752512545765,0.006655867211520672,0.00012173109280411154,0.011033181445263716,1.4425305128097534,0.921152367420727
p257_370.wav,noisy_input,{},6.066778971478554,6.066778971478554,0.0,0.02326187491416931,0.0008583583985455334,0.02929775415531937,1.2100995779037476,0.8115925440416457
p257_370.wav,spectral_subtraction,"{""alpha"": 2.0, ""beta"": 0.02, ""noise_frames"": 6}",6.066778971478554,9.72774285678487,3.660963885306316,0.013529814779758453,0.00036946413456462324,0.019221449855945396,1.4901899099349976,0.8034330172557798
p257_370.wav,wavelet_denoise,"{""mode"": ""soft"", ""threshold_scale"": 1.0, ""wavelet"": ""db4""}",6.066778971478554,6.65654256952612,0.5897635980475657,0.02168125845491886,0.0007493630982935429,0.027374497224488762,1.2659332752227783,0.8204933198305094
p257_370.wav,frequency_masking,"{""mask_floor"": 0.05, ""noise_frames"": 6, ""threshold"": 2.0}",6.066778971478554,8.73705649338526,2.6702775219067068,0.016567492857575417,0.0004641313571482897,0.021543708064033214,1.3877873420715332,0.8122451121953491
p257_371.wav,noisy_input,{},0.43317323993214385,0.43317323993214385,0.0,0.04887136071920395,0.005161356646567583,0.07184258240464066,1.1996071338653564,0.9115386622390469
p257_371.wav,spectral_subtraction,"{""alpha"": 2.0, ""beta"": 0.02, ""noise_frames"": 6}",0.43317323993214385,1.258092105528065,0.8249188655959211,0.04199352487921715,0.004268467426300049,0.06533350921464458,1.262318730354309,0.8978955369952505
p257_371.wav,wavelet_denoise,"{""mode"": ""soft"", ""threshold_scale"": 1.0, ""wavelet"": ""db4""}",0.43317323993214385,0.48859408341198896,0.055420843479845106,0.04837422072887421,0.005095910280942917,0.07138564478200723,1.2310271263122559,0.9114416133663819
p257_371.wav,frequency_masking,"{""mask_floor"": 0.05, ""noise_frames"": 6, ""threshold"": 2.0}",0.43317323993214385,0.5577241940602748,0.124550954128131,0.04723309725522995,0.00501543702557683,0.07081975025073747,1.2813665866851807,0.9092986257257454
p257_372.wav,noisy_input,{},15.883336734505152,15.883336734505152,0.0,0.008212964050471783,0.00010337114508729428,0.010167160128929527,2.573235511779785,0.9930226061694939
p257_372.wav,spectral_subtraction,"{""alpha"": 2.0, ""beta"": 0.02, ""noise_frames"": 6}",15.883336734505152,18.679727437443255,2.796390702938103,0.005857651587575674,5.429505108622834e-05,0.007368517563677808,3.4625184535980225,0.9925040255014156
p257_372.wav,wavelet_denoise,"{""mode"": ""soft"", ""threshold_scale"": 1.0, ""wavelet"": ""db4""}",15.883336734505152,15.951334850025898,0.06799811552074608,0.008133008144795895,0.00010176525393035263,0.010087876581835874,2.797964096069336,0.9857324277432755
p257_372.wav,frequency_masking,"{""mask_floor"": 0.05, ""noise_frames"": 6, ""threshold"": 2.0}",15.883336734505152,20.35021675655947,4.466880022054317,0.004814036190509796,3.695824125315994e-05,0.006079329013399418,2.897481679916382,0.9920365273203858
p257_373.wav,noisy_input,{},10.472267604287435,10.472267604287435,0.0,0.018682919442653656,0.0005305385566316545,0.02303342259916347,1.1044065952301025,0.9358100623252713
p257_373.wav,spectral_subtraction,"{""alpha"": 2.0, ""beta"": 0.02, ""noise_frames"": 6}",10.472267604287435,14.632600093980997,4.1603324896935625,0.010390733368694782,0.00020355590095277876,0.014267301810530916,2.0425751209259033,0.9370973185621464
p257_373.wav,wavelet_denoise,"{""mode"": ""soft"", ""threshold_scale"": 1.0, ""wavelet"": ""db4""}",10.472267604287435,10.83932236534229,0.367054761054856,0.017946692183613777,0.0004875413724221289,0.022080339046811056,1.143949031829834,0.9282055059341119
p257_373.wav,frequency_masking,"{""mask_floor"": 0.05, ""noise_frames"": 6, ""threshold"": 2.0}",10.472267604287435,15.031864504698216,4.5595969004107815,0.010424814186990261,0.00018567664665170014,0.013626321831356404,2.025059461593628,0.9385821475551911
p257_374.wav,noisy_input,{},5.743389416225526,5.743389416225526,0.0,0.024836096912622452,0.0011686960933730006,0.034186197410256094,1.2281192541122437,0.9317018699058531
p257_374.wav,spectral_subtraction,"{""alpha"": 2.0, ""beta"": 0.02, ""noise_frames"": 6}",5.743389416225526,15.448271705899732,9.704882289674206,0.00813777931034565,0.00012508734653238207,0.011184245461021591,2.132063865661621,0.9203667201328084
p257_374.wav,wavelet_denoise,"{""mode"": ""soft"", ""threshold_scale"": 1.0, ""wavelet"": ""db4""}",5.743389416225526,5.9731366924352045,0.22974727620967883,0.02412155643105507,0.0011084774741902947,0.033293805342590306,1.4244725704193115,0.9074493400025596
p257_374.wav,frequency_masking,"{""mask_floor"": 0.05, ""noise_frames"": 6, ""threshold"": 2.0}",5.743389416225526,17.56219758832424,11.818808172098713,0.006634424906224012,7.688131154282019e-05,0.008768198876783087,2.1990785598754883,0.9292430538633348
p257_375.wav,noisy_input,{},1.4065892390602492,1.4065892390602492,0.0,0.03373952582478523,0.0018816625233739614,0.04337813416197107,1.0465847253799438,0.7490434945118027
p257_375.wav,spectral_subtraction,"{""alpha"": 2.0, ""beta"": 0.02, ""noise_frames"": 6}",1.4065892390602492,6.597564445431176,5.1909752063709265,0.016787055879831314,0.0005694350693374872,0.023862838668890322,1.0551422834396362,0.7476421929060467
p257_375.wav,wavelet_denoise,"{""mode"": ""soft"", ""threshold_scale"": 1.0, ""wavelet"": ""db4""}",1.4065892390602492,3.2176873620488315,1.8110981229885823,0.02729075215756893,0.0012400292325764894,0.035214048795565805,1.085729956626892,0.7329904261002651
p257_375.wav,frequency_masking,"{""mask_floor"": 0.05, ""noise_frames"": 6, ""threshold"": 2.0}",1.4065892390602492,3.901837855268095,2.4952486162078458,0.023631814867258072,0.0010592949111014605,0.03254681107422754,1.0452499389648438,0.7514087785157205
p257_376.wav,noisy_input,{},16.722022544901403,16.722022544901403,0.0,0.007581798825412989,8.441892714472488e-05,0.009187977315205174,3.0245115756988525,0.8922118743249964
p257_376.wav,spectral_subtraction,"{""alpha"": 2.0, ""beta"": 0.02, ""noise_frames"": 6}",16.722022544901403,13.602802348014208,-3.119220196887195,0.009919678792357445,0.00017312582349404693,0.01315772866014674,2.950300693511963,0.8720444270111362
p257_376.wav,wavelet_denoise,"{""mode"": ""soft"", ""threshold_scale"": 1.0, ""wavelet"": ""db4""}",16.722022544901403,16.727416179655254,0.005393634753851018,0.0075619337148964405,8.431415335508063e-05,0.009182273866264317,3.7641959190368652,0.8828381585806208
p257_376.wav,frequency_masking,"{""mask_floor"": 0.05, ""noise_frames"": 6, ""threshold"": 2.0}",16.722022544901403,15.388758581591402,-1.3332639633100012,0.00810066144913435,0.00011475358041934669,0.010712309761174137,2.767720937728882,0.8789884101096254
p257_377.wav,noisy_input,{},11.008892901791015,11.008892901791015,0.0,0.01186910830438137,0.0002315141900908202,0.015215590362875184,2.9322621822357178,0.9402198497605777
p257_377.wav,spectral_subtraction,"{""alpha"": 2.0, ""beta"": 0.02, ""noise_frames"": 6}",11.008892901791015,17.573465123698846,6.564572221907831,0.005127310287207365,5.106465323478915e-05,0.007145953626688963,2.919013500213623,0.9429716285925892
p257_377.wav,wavelet_denoise,"{""mode"": ""soft"", ""threshold_scale"": 1.0, ""wavelet"": ""db4""}",11.008892901791015,11.038663104748231,0.02977020295721644,0.011835764162242413,0.00022993262973614037,0.01516352959360519,3.477818012237549,0.9386200031874985
p257_377.wav,frequency_masking,"{""mask_floor"": 0.05, ""noise_frames"": 6, ""threshold"": 2.0}",11.008892901791015,13.564934131739113,2.5560412299480983,0.007834314368665218,0.00012852082727476954,0.011336702663242498,2.892289638519287,0.9426213469165532
p257_378.wav,noisy_input,{},4.6957197678509885,4.6957197678509885,0.0,0.025051098316907883,0.0008971468196250498,0.029952409245752667,1.786346435546875,0.7779560489205863
p257_378.wav,spectral_subtraction,"{""alpha"": 2.0, ""beta"": 0.02, ""noise_frames"": 6}",4.6957197678509885,16.477008043152118,11.78128827530113,0.00597177492454648,5.95298370171804e-05,0.007715558114432189,2.6624770164489746,0.78589134548683
p257_378.wav,wavelet_denoise,"{""mode"": ""soft"", ""threshold_scale"": 1.0, ""wavelet"": ""db4""}",4.6957197678509885,4.787984568093732,0.0922648002427433,0.02476300112903118,0.0008782882359810174,0.029635928127545074,2.4702343940734863,0.793442520076554
p257_378.wav,frequency_masking,"{""mask_floor"": 0.05, ""noise_frames"": 6, ""threshold"": 2.0}",4.6957197678509885,16.49337019531015,11.79765042745916,0.006006983108818531,5.9305981267243624e-05,0.007701037674706157,2.438429594039917,0.7831599628865374
p257_379.wav,noisy_input,{},1.2961066586561034,1.2961066586561034,0.0,0.04708906263113022,0.0035532298497855663,0.05960897457418276,1.7774529457092285,0.9616750367173139
p257_379.wav,spectral_subtraction,"{""alpha"": 2.0, ""beta"": 0.02, ""noise_frames"": 6}",1.2961066586561034,11.177075674512418,9.880969015856314,0.011187953874468803,0.00036519631976261735,0.019110110406866238,2.3995113372802734,0.9501687125897975
p257_379.wav,wavelet_denoise,"{""mode"": ""soft"", ""threshold_scale"": 1.0, ""wavelet"": ""db4""}",1.2961066586561034,1.368782057788101,0.0726753991319975,0.046615101397037506,0.0034942643251270056,0.05911230265458287,2.0171117782592773,0.9340320695031489
p257_379.wav,frequency_masking,"{""mask_floor"": 0.05, ""noise_frames"": 6, ""threshold"": 2.0}",1.2961066586561034,5.946851414291504,4.650744755635401,0.020031653344631195,0.001217723940499127,0.034895901485692084,2.4102914333343506,0.962278609854065
p257_380.wav,noisy_input,{},16.25284291049087,16.25284291049087,0.0,0.009160472080111504,0.00013629961176775396,0.011674742471153441,2.1342661380767822,0.9882645741832012
p257_380.wav,spectral_subtraction,"{""alpha"": 2.0, ""beta"": 0.02, ""noise_frames"": 6}",16.25284291049087,18.9083125790355,2.6554696685446295,0.0067267040722072124,7.395161082968116e-05,0.008599512243707846,2.2860021591186523,0.9869059666693348
p257_380.wav,wavelet_denoise,"{""mode"": ""soft"", ""threshold_scale"": 1.0, ""wavelet"": ""db4""}",16.25284291049087,16.308403707916117,0.055560797425247443,0.009095967747271061,0.00013456698798108846,0.011600301202170937,2.5152623653411865,0.987427358798755
p257_380.wav,frequency_masking,"{""mask_floor"": 0.05, ""noise_frames"": 6, ""threshold"": 2.0}",16.25284291049087,18.502292452780413,2.2494495422895433,0.006802499759942293,8.119880658341572e-05,0.009011038041392107,2.4467124938964844,0.9911259531618298
p257_381.wav,noisy_input,{},10.992153392496395,10.992153392496395,0.0,0.00996575690805912,0.0001593034976394847,0.012621548939788837,1.4775344133377075,0.9240111394921579
p257_381.wav,spectral_subtraction,"{""alpha"": 2.0, ""beta"": 0.02, ""noise_frames"": 6}",10.992153392496395,18.052506368128395,7.060352975632,0.004353259224444628,3.1346567993750796e-05,0.005598800585281708,2.372784376144409,0.9195407343614784
p257_381.wav,wavelet_denoise,"{""mode"": ""soft"", ""threshold_scale"": 1.0, ""wavelet"": ""db4""}",10.992153392496395,11.143451088528622,0.15129769603222698,0.009776726365089417,0.00015384930884465575,0.012403600640324395,1.5961744785308838,0.9250113489630126
p257_381.wav,frequency_masking,"{""mask_floor"": 0.05, ""noise_frames"": 6, ""threshold"": 2.0}",10.992153392496395,16.562229187534136,5.5700757950377415,0.0050286720506846905,4.417918898980133e-05,0.006646742735340471,2.080695390701294,0.9246640453894729
p257_382.wav,noisy_input,{},5.060932463386797,5.060932463386797,0.0,0.023464679718017578,0.0008653960539959371,0.029417614689092948,1.0802607536315918,0.894164468484195
p257_382.wav,spectral_subtraction,"{""alpha"": 2.0, ""beta"": 0.02, ""noise_frames"": 6}",5.060932463386797,12.962271728265883,7.901339264879086,0.008483373560011387,0.00014030752936378121,0.011845147924942989,1.9578285217285156,0.8837365438398094
p257_382.wav,wavelet_denoise,"{""mode"": ""soft"", ""threshold_scale"": 1.0, ""wavelet"": ""db4""}",5.060932463386797,5.338725191457413,0.27779272807061606,0.02268430031836033,0.0008117749239318073,0.0284916641130666,1.1104501485824585,0.8965322308588518
p257_382.wav,frequency_masking,"{""mask_floor"": 0.05, ""noise_frames"": 6, ""threshold"": 2.0}",5.060932463386797,11.66670534476095,6.605772881374154,0.010262833908200264,0.00018907652702182531,0.013750510064060362,1.5986524820327759,0.8937382274977401
p257_383.wav,noisy_input,{},1.6106524120157277,1.6106524120157277,0.0,0.03537922725081444,0.0019500309135764837,0.044159154357578945,1.2370694875717163,0.9144503846466048
p257_383.wav,spectral_subtraction,"{""alpha"": 2.0, ""beta"": 0.02, ""noise_frames"": 6}",1.6106524120157277,12.747954082795918,11.13730167078019,0.008778112009167671,0.00015007602632977068,0.012250552082652058,1.3027251958847046,0.9130657987844221
p257_383.wav,wavelet_denoise,"{""mode"": ""soft"", ""threshold_scale"": 1.0, ""wavelet"": ""db4""}",1.6106524120157277,1.7450541371899664,0.13440172517423865,0.034832023084163666,0.001890607294626534,0.04348111422935864,1.3102548122406006,0.9203017068356432
p257_383.wav,frequency_masking,"{""mask_floor"": 0.05, ""noise_frames"": 6, ""threshold"": 2.0}",1.6106524120157277,7.65063308129595,6.039980669280222,0.014885520562529564,0.00048533701919950545,0.02203036584352392,1.290618896484375,0.9226866260913452
p257_384.wav,noisy_input,{},15.780169789444464,15.780169789444464,0.0,0.004723934456706047,3.643039963208139e-05,0.006035760070784904,3.2500784397125244,0.9658508906387006
p257_384.wav,spectral_subtraction,"{""alpha"": 2.0, ""beta"": 0.02, ""noise_frames"": 6}",15.780169789444464,20.386553225227303,4.606383435782838,0.0027551008388400078,1.2613208127731923e-05,0.003551507866770384,3.570084571838379,0.9617173991185706
p257_384.wav,wavelet_denoise,"{""mode"": ""soft"", ""threshold_scale"": 1.0, ""wavelet"": ""db4""}",15.780169789444464,15.797546761876912,0.017376972432447957,0.004712551832199097,3.6284924135543406e-05,0.006023696882774183,3.5590426921844482,0.9678286718611115
p257_384.wav,frequency_masking,"{""mask_floor"": 0.05, ""noise_frames"": 6, ""threshold"": 2.0}",15.780169789444464,21.323590308011706,5.543420518567242,0.0024677456822246313,1.0165338608203456e-05,0.003188312815299568,3.4959912300109863,0.9632428408855684
p257_385.wav,noisy_input,{},11.536694866527267,11.536694866527267,0.0,0.00934414379298687,0.00013614530325867236,0.011668131952402336,2.793513298034668,0.937912111136664
p257_385.wav,spectral_subtraction,"{""alpha"": 2.0, ""beta"": 0.02, ""noise_frames"": 6}",11.536694866527267,15.078578004096865,3.5418831375695987,0.006171499378979206,6.0230206145206466e-05,0.007760812209118738,2.6488938331604004,0.9250861238252891
p257_385.wav,wavelet_denoise,"{""mode"": ""soft"", ""threshold_scale"": 1.0, ""wavelet"": ""db4""}",11.536694866527267,11.559120928637006,0.022426062109738965,0.009327036328613758,0.00013544409011956304,0.011638044944042924,3.168022871017456,0.9372849300534786
p257_385.wav,frequency_masking,"{""mask_floor"": 0.05, ""noise_frames"": 6, ""threshold"": 2.0}",11.536694866527267,15.596754125926573,4.060059259399306,0.005630516447126865,5.34560349478852e-05,0.007311363412379745,2.8895390033721924,0.9208861632317835
p257_386.wav,noisy_input,{},5.459606170536949,5.459606170536949,0.0,0.026548372581601143,0.0011043916456401348,0.0332323885033883,2.720795154571533,0.9786882394236749
p257_386.wav,spectral_subtraction,"{""alpha"": 2.0, ""beta"": 0.02, ""noise_frames"": 6}",5.459606170536949,9.99984113607843,4.540234965541481,0.013630969449877739,0.00038823942304588854,0.019703792098118792,3.133236885070801,0.9625952064869641
p257_386.wav,wavelet_denoise,"{""mode"": ""soft"", ""threshold_scale"": 1.0, ""wavelet"": ""db4""}",5.459606170536949,5.47502981752732,0.015423646990370798,0.026496490463614464,0.0011004764819517732,0.03317343036153743,3.0362696647644043,0.9785920278465563
p257_386.wav,frequency_masking,"{""mask_floor"": 0.05, ""noise_frames"": 6, ""threshold"": 2.0}",5.459606170536949,6.838586831662528,1.3789806611255786,0.020626652985811234,0.0008039426174946129,0.028353881876995484,3.194371223449707,0.9776347007050551
p257_387.wav,noisy_input,{},-0.6813801464075442,-0.6813801464075442,0.0,0.05669694393873215,0.0048792180605232716,0.06985139984655477,1.1106029748916626,0.8442601695566194
p257_387.wav,spectral_subtraction,"{""alpha"": 2.0, ""beta"": 0.02, ""noise_frames"": 6}",-0.6813801464075442,9.186817570399374,9.868197716806918,0.012306946329772472,0.0005029565072618425,0.022426691848372163,1.2352243661880493,0.8010596471502632
p257_387.wav,wavelet_denoise,"{""mode"": ""soft"", ""threshold_scale"": 1.0, ""wavelet"": ""db4""}",-0.6813801464075442,-0.6269612957539628,0.05441885065358143,0.05635860934853554,0.004818460904061794,0.06941513454616215,1.2025330066680908,0.8409161470123436
p257_387.wav,frequency_masking,"{""mask_floor"": 0.05, ""noise_frames"": 6, ""threshold"": 2.0}",-0.6813801464075442,3.6853852946803993,4.366765441087944,0.026086334139108658,0.0017851457232609391,0.042250984879182864,1.1863620281219482,0.8195463851721697
p257_388.wav,noisy_input,{},16.031362610423173,16.031362610423173,0.0,0.006240214221179485,7.211912452476099e-05,0.008492297953131472,1.244929313659668,0.9583339838573606
p257_388.wav,spectral_subtraction,"{""alpha"": 2.0, ""beta"": 0.02, ""noise_frames"": 6}",16.031362610423173,19.537346296550485,3.505983686127312,0.004406661726534367,3.2170075428439304e-05,0.005671867014347154,2.227663278579712,0.9620215727154899
p257_388.wav,wavelet_denoise,"{""mode"": ""soft"", ""threshold_scale"": 1.0, ""wavelet"": ""db4""}",16.031362610423173,16.114579510955082,0.08321690053190878,0.006150827743113041,7.07503713783808e-05,0.008411323996754662,1.4034160375595093,0.9588217361049217
p257_388.wav,frequency_masking,"{""mask_floor"": 0.05, ""noise_frames"": 6, ""threshold"": 2.0}",16.031362610423173,18.451311168782123,2.41994855835895,0.00469484506174922,4.131003515794873e-05,0.006427288320742172,1.3333123922348022,0.9622237066009637
p257_389.wav,noisy_input,{},11.81335931216385,11.81335931216385,0.0,0.012612882070243359,0.0002588405041024089,0.016088520879882304,1.5471720695495605,0.9431758370725946
p257_389.wav,spectral_subtraction,"{""alpha"": 2.0, ""beta"": 0.02, ""noise_frames"": 6}",11.81335931216385,14.202561980157007,2.389202667993157,0.009073732420802116,0.00014931792975403368,0.01221957158635415,2.073857069015503,0.9409425152595344
p257_389.wav,wavelet_denoise,"{""mode"": ""soft"", ""threshold_scale"": 1.0, ""wavelet"": ""db4""}",11.81335931216385,12.128592468455999,0.3152331562921482,0.01216834969818592,0.00024071820371318609,0.015515095994327141,1.6649630069732666,0.9436385643588071
p257_389.wav,frequency_masking,"{""mask_floor"": 0.05, ""noise_frames"": 6, ""threshold"": 2.0}",11.81335931216385,15.964159668602756,4.150800356438905,0.007780245505273342,9.952958498615772e-05,0.00997645152276889,2.0251870155334473,0.9455233272918324
p257_390.wav,noisy_input,{},5.952491894165744,5.952491894165744,0.0,0.023693447932600975,0.0009190746932290494,0.030316244708555998,1.242248296737671,0.8882879034790618
p257_390.wav,spectral_subtraction,"{""alpha"": 2.0, ""beta"": 0.02, ""noise_frames"": 6}",5.952491894165744,10.189425078658033,4.236933184492289,0.013021408580243587,0.0003464634937699884,0.018613529857874577,1.6106183528900146,0.907042325527791
p257_390.wav,wavelet_denoise,"{""mode"": ""soft"", ""threshold_scale"": 1.0, ""wavelet"": ""db4""}",5.952491894165744,6.323542815071175,0.37105092090543046,0.022638849914073944,0.0008438120712526143,0.029048443525473346,1.3164232969284058,0.8969108844064027
p257_390.wav,frequency_masking,"{""mask_floor"": 0.05, ""noise_frames"": 6, ""threshold"": 2.0}",5.952491894165744,9.02268425695001,3.0701923627842653,0.015447455458343029,0.0004532434977591038,0.02128951614666486,1.5651377439498901,0.9041854948481486
p257_391.wav,noisy_input,{},1.4799681173171921,1.4799681173171921,0.0,0.030415495857596397,0.001767031499184668,0.04203607378412817,1.1845288276672363,0.8412583772881417
p257_391.wav,spectral_subtraction,"{""alpha"": 2.0, ""beta"": 0.02, ""noise_frames"": 6}",1.4799681173171921,6.652537517680446,5.172569400363254,0.013929921202361584,0.0005370161379687488,0.023173608652274007,1.41037917137146,0.8343285707767261
p257_391.wav,wavelet_denoise,"{""mode"": ""soft"", ""threshold_scale"": 1.0, ""wavelet"": ""db4""}",1.4799681173171921,1.5897380345203613,0.1097699172031692,0.02990730106830597,0.0017229286022484303,0.04150817512549101,1.2267566919326782,0.8544945759684561
p257_391.wav,frequency_masking,"{""mask_floor"": 0.05, ""noise_frames"": 6, ""threshold"": 2.0}",1.4799681173171921,3.5635401677212712,2.0835720504040793,0.020293572917580605,0.0010936720063909888,0.03307071221475263,1.327783226966858,0.8437900134944556
p257_392.wav,noisy_input,{},16.68442705387748,16.68442705387748,0.0,0.0063553242944180965,6.378167017828673e-05,0.0079863427285765,2.455070972442627,0.9848045881549263
p257_392.wav,spectral_subtraction,"{""alpha"": 2.0, ""beta"": 0.02, ""noise_frames"": 6}",16.68442705387748,18.5228974346713,1.8384703807938187,0.005098163150250912,4.176849688519724e-05,0.006462855165110637,2.9418365955352783,0.9804849639947846
p257_392.wav,wavelet_denoise,"{""mode"": ""soft"", ""threshold_scale"": 1.0, ""wavelet"": ""db4""}",16.68442705387748,16.54418433508273,-0.14024271879475236,0.0064299083314836025,6.587492680409923e-05,0.008116337031204362,2.9651408195495605,0.9767918988801535
p257_392.wav,frequency_masking,"{""mask_floor"": 0.05, ""noise_frames"": 6, ""threshold"": 2.0}",16.68442705387748,19.39284689232274,2.708419838445259,0.004688916727900505,3.4186439734185115e-05,0.005846917113674959,2.613814353942871,0.9841678673335745
p257_393.wav,noisy_input,{},10.982832332988263,10.982832332988263,0.0,0.01300972979515791,0.00026253709802404046,0.016202996575449876,1.584536075592041,0.9450768400111391
p257_393.wav,spectral_subtraction,"{""alpha"": 2.0, ""beta"": 0.02, ""noise_frames"": 6}",10.982832332988263,15.547212524281058,4.564380191292795,0.00742454594001174,9.178097388939932e-05,0.009580238717766866,2.46903395652771,0.9546298028787601
p257_393.wav,wavelet_denoise,"{""mode"": ""soft"", ""threshold_scale"": 1.0, ""wavelet"": ""db4""}",10.982832332988263,11.244400644093005,0.26156831110474243,0.012534978799521923,0.0002471916959621012,0.015722331123662968,1.6555297374725342,0.9149721813659422
p257_393.wav,frequency_masking,"{""mask_floor"": 0.05, ""noise_frames"": 6, ""threshold"": 2.0}",10.982832332988263,14.53369118328274,3.5508588502944765,0.008380024693906307,0.00011590570647967979,0.010765951257537803,2.2279059886932373,0.9527091365252546
p257_394.wav,noisy_input,{},6.335065529925107,6.335065529925107,0.0,0.014048020355403423,0.00032046891283243895,0.017901645534208272,1.4553660154342651,0.9617273220195823
p257_394.wav,spectral_subtraction,"{""alpha"": 2.0, ""beta"": 0.02, ""noise_frames"": 6}",6.335065529925107,13.877339854624186,7.542274324699079,0.005405161064118147,5.643629265250638e-05,0.007512409244210966,2.252337694168091,0.9548297058982644
p257_394.wav,wavelet_denoise,"{""mode"": ""soft"", ""threshold_scale"": 1.0, ""wavelet"": ""db4""}",6.335065529925107,6.674135835721561,0.33907030579645436,0.01352121401578188,0.000296400481602177,0.017216285360151795,1.5518252849578857,0.9339870046667209
p257_394.wav,frequency_masking,"{""mask_floor"": 0.05, ""noise_frames"": 6, ""threshold"": 2.0}",6.335065529925107,10.417229578790794,4.082164048865687,0.0076433452777564526,0.00012518996663857251,0.011188832228547023,2.0537467002868652,0.9621232966119596
p257_395.wav,noisy_input,{},1.045436964123502,1.045436964123502,0.0,0.041715677827596664,0.0027529632207006216,0.05246868800247079,1.1725229024887085,0.8833125972754633
p257_395.wav,spectral_subtraction,"{""alpha"": 2.0, ""beta"": 0.02, ""noise_frames"": 6}",1.045436964123502,6.211925483895283,5.1664885197717805,0.021336624398827553,0.0008378216298297048,0.0289451486406566,1.4834614992141724,0.8806506296640616
p257_395.wav,wavelet_denoise,"{""mode"": ""soft"", ""threshold_scale"": 1.0, ""wavelet"": ""db4""}",1.045436964123502,1.622025401123168,0.5765884369996661,0.03888552635908127,0.0024106912314891815,0.049098790529800033,1.1672189235687256,0.8670772375731747
p257_395.wav,frequency_masking,"{""mask_floor"": 0.05, ""noise_frames"": 6, ""threshold"": 2.0}",1.045436964123502,4.697031500729146,3.651594536605644,0.0262481477111578,0.0011875201016664505,0.0344604135446232,1.3785185813903809,0.8942052720056018
p257_396.wav,noisy_input,{},15.750839741769218,15.750839741769218,0.0,0.008821520954370499,0.00011605607869569212,0.010772932687791757,3.2978105545043945,0.9947464243539332
p257_396.wav,spectral_subtraction,"{""alpha"": 2.0, ""beta"": 0.02, ""noise_frames"": 6}",15.750839741769218,19.550834523239377,3.7999947814701596,0.0054595316760241985,4.838028326048516e-05,0.006955593667005366,3.409893035888672,0.9900199960949349
p257_396.wav,wavelet_denoise,"{""mode"": ""soft"", ""threshold_scale"": 1.0, ""wavelet"": ""db4""}",15.750839741769218,15.726506934783647,-0.024332806985571054,0.008843318559229374,0.00011670814274111763,0.010803154295904397,3.74487566947937,0.9917905826052577
p257_396.wav,frequency_masking,"{""mask_floor"": 0.05, ""noise_frames"": 6, ""threshold"": 2.0}",15.750839741769218,20.781030605472406,5.030190863703188,0.004826908931136131,3.644590833573602e-05,0.006037044669019439,3.4055259227752686,0.9943563592279845
p257_397.wav,noisy_input,{},10.375473362099815,10.375473362099815,0.0,0.013876527547836304,0.0002942243590950966,0.017152969395853784,2.9834516048431396,0.9943937977265194
p257_397.wav,spectral_subtraction,"{""alpha"": 2.0, ""beta"": 0.02, ""noise_frames"": 6}",10.375473362099815,19.60572596044245,9.230252598342634,0.004508006386458874,3.512799594318494e-05,0.005926887542647063,3.515517473220825,0.9791496500006146
p257_397.wav,wavelet_denoise,"{""mode"": ""soft"", ""threshold_scale"": 1.0, ""wavelet"": ""db4""}",10.375473362099815,10.396651906848135,0.02117854474832015,0.013807868584990501,0.0002927930618170649,0.017111196972072553,3.2833008766174316,0.9699194818673573
p257_397.wav,frequency_masking,"{""mask_floor"": 0.05, ""noise_frames"": 6, ""threshold"": 2.0}",10.375473362099815,19.656512425790964,9.28103906369115,0.004377704579383135,3.4719600080279633e-05,0.005892334009565279,3.59030818939209,0.9872895304702164
p257_398.wav,noisy_input,{},5.369540626394177,5.369540626394177,0.0,0.028280455619096756,0.0012193508446216583,0.03491920452446846,1.2113220691680908,0.8737879564197953
p257_398.wav,spectral_subtraction,"{""alpha"": 2.0, ""beta"": 0.02, ""noise_frames"": 6}",5.369540626394177,19.343071147587686,13.97353052119351,0.005572040565311909,4.88399964524433e-05,0.006988561830050822,2.0540688037872314,0.8796474683884622
p257_398.wav,wavelet_denoise,"{""mode"": ""soft"", ""threshold_scale"": 1.0, ""wavelet"": ""db4""}",5.369540626394177,5.468502010391468,0.09896138399729093,0.0278993658721447,0.0011918800882995129,0.03452361638501263,1.6664530038833618,0.8849605705921485
p257_398.wav,frequency_masking,"{""mask_floor"": 0.05, ""noise_frames"": 6, ""threshold"": 2.0}",5.369540626394177,15.477316232027237,10.107775605633059,0.0075109004974365234,0.00011894635099451989,0.010906252839289941,1.9509474039077759,0.8813768498137764
p257_399.wav,noisy_input,{},1.7530858804751306,1.7530858804751306,0.0,0.04188850149512291,0.002717582043260336,0.0521304329855444,1.7956243753433228,0.9833518080118738
p257_399.wav,spectral_subtraction,"{""alpha"": 2.0, ""beta"": 0.02, ""noise_frames"": 6}",1.7530858804751306,13.727149480375067,11.974063599899935,0.008923213928937912,0.00017249492520932108,0.013133732341163386,2.8057689666748047,0.9829649179133894
p257_399.wav,wavelet_denoise,"{""mode"": ""soft"", ""threshold_scale"": 1.0, ""wavelet"": ""db4""}",1.7530858804751306,1.8114813425912892,0.05839546211615865,0.0415242463350296,0.002681286074221134,0.05178113627781003,1.9817345142364502,0.957899226233131
p257_399.wav,frequency_masking,"{""mask_floor"": 0.05, ""noise_frames"": 6, ""threshold"": 2.0}",1.7530858804751306,8.045716995492603,6.292631115017472,0.01573999412357807,0.0006381453131325543,0.025261538217863026,2.4340384006500244,0.9859517158018872
p257_400.wav,noisy_input,{},15.68227312270783,15.68227312270783,0.0,0.008800424635410309,0.00012381312262732536,0.011127134520051664,1.8887156248092651,0.9101958807256774
p257_400.wav,spectral_subtraction,"{""alpha"": 2.0, ""beta"": 0.02, ""noise_frames"": 6}",15.68227312270783,20.5007304593102,4.818457336602371,0.00505075603723526,4.0824506868375465e-05,0.006389405830621144,2.636702299118042,0.8838203199452902
p257_400.wav,wavelet_denoise,"{""mode"": ""soft"", ""threshold_scale"": 1.0, ""wavelet"": ""db4""}",15.68227312270783,15.760644087393132,0.07837096468530191,0.008717936463654041,0.00012159888137830421,0.011027188280713458,2.1933155059814453,0.9119107556673793
p257_400.wav,frequency_masking,"{""mask_floor"": 0.05, ""noise_frames"": 6, ""threshold"": 2.0}",15.68227312270783,20.05236382260503,4.370090699897201,0.005136395804584026,4.526448901742697e-05,0.00672788889752402,2.738321542739868,0.9029467674117987
p257_401.wav,noisy_input,{},10.267236340541148,10.267236340541148,0.0,0.012747807428240776,0.0002650154347065836,0.01627929466244111,1.146004557609558,0.9169036527105969
p257_401.wav,spectral_subtraction,"{""alpha"": 2.0, ""beta"": 0.02, ""noise_frames"": 6}",10.267236340541148,16.317843352928044,6.050607012386896,0.006220880895853043,6.579766341019422e-05,0.008111575889443076,1.2725485563278198,0.9240884593457155
p257_401.wav,wavelet_denoise,"{""mode"": ""soft"", ""threshold_scale"": 1.0, ""wavelet"": ""db4""}",10.267236340541148,10.414143794738582,0.146907454197434,0.012518061324954033,0.00025620078667998314,0.016006273353906683,1.2131845951080322,0.9200839436018456
p257_401.wav,frequency_masking,"{""mask_floor"": 0.05, ""noise_frames"": 6, ""threshold"": 2.0}",10.267236340541148,13.3065473875752,3.0393110470340527,0.008456610143184662,0.00013162550749257207,0.011472816022780635,1.2190163135528564,0.9216871364181108
p257_402.wav,noisy_input,{},6.383993188168482,6.383993188168482,0.0,0.016965290531516075,0.0006579409237019718,0.0256503591339765,1.2905384302139282,0.9592062955520787
p257_402.wav,spectral_subtraction,"{""alpha"": 2.0, ""beta"": 0.02, ""noise_frames"": 6}",6.383993188168482,9.726434272141617,3.342441083973135,0.009688565507531166,0.00030474935192614794,0.017457071688176912,1.5457777976989746,0.9611104880052721
p257_402.wav,wavelet_denoise,"{""mode"": ""soft"", ""threshold_scale"": 1.0, ""wavelet"": ""db4""}",6.383993188168482,6.432788470336939,0.048795282168456744,0.01683434098958969,0.0006505899946205318,0.025506665689982527,1.38187837600708,0.9625178530199867
p257_402.wav,frequency_masking,"{""mask_floor"": 0.05, ""noise_frames"": 6, ""threshold"": 2.0}",6.383993188168482,7.470390439228503,1.0863972510600215,0.013019081205129623,0.0005123269511386752,0.022634640512689288,1.3872606754302979,0.9649031923054036
p257_403.wav,noisy_input,{},1.033422661224381,1.033422661224381,0.0,0.04249146208167076,0.003115446073934436,0.05581618111206137,1.2750006914138794,0.9254281050962158
p257_403.wav,spectral_subtraction,"{""alpha"": 2.0, ""beta"": 0.02, ""noise_frames"": 6}",1.033422661224381,13.34147995990621,12.308057298681828,0.009601271711289883,0.00018311102758161724,0.01353185233372051,2.1950016021728516,0.9112991924740986
p257_403.wav,wavelet_denoise,"{""mode"": ""soft"", ""threshold_scale"": 1.0, ""wavelet"": ""db4""}",1.033422661224381,1.1131551013433814,0.07973244011900027,0.042073968797922134,0.003058771137148142,0.05530615822083597,1.339901328086853,0.9257662643288881
p257_403.wav,frequency_masking,"{""mask_floor"": 0.05, ""noise_frames"": 6, ""threshold"": 2.0}",1.033422661224381,11.465447843758279,10.432025182533897,0.011035543866455555,0.0002820445515681058,0.016794182074995667,1.96621572971344,0.9261441842277667
p257_404.wav,noisy_input,{},15.259053640418527,15.259053640418527,0.0,0.007178422994911671,8.827380952425301e-05,0.009395414281672364,3.568495988845825,0.921622959216176
p257_404.wav,spectral_subtraction,"{""alpha"": 2.0, ""beta"": 0.02, ""noise_frames"": 6}",15.259053640418527,17.771627078006674,2.5125734375881468,0.005301962606608868,4.949650610797107e-05,0.007035375335259027,3.4457857608795166,0.8973940770667167
p257_404.wav,wavelet_denoise,"{""mode"": ""soft"", ""threshold_scale"": 1.0, ""wavelet"": ""db4""}",15.259053640418527,15.259454793922423,0.0004011535038959124,0.007167638745158911,8.826566045172513e-05,0.009394980598794503,3.8271427154541016,0.9050394262051387
p257_404.wav,frequency_masking,"{""mask_floor"": 0.05, ""noise_frames"": 6, ""threshold"": 2.0}",15.259053640418527,16.122536410472566,0.8634827700540395,0.006325556430965662,7.235750672407448e-05,0.00850632157422199,3.719655990600586,0.9160515814537813
p257_405.wav,noisy_input,{},10.62094802734524,10.62094802734524,0.0,0.012876946479082108,0.00021556696447078139,0.014682198897671335,2.0900845527648926,0.8987868457269637
p257_405.wav,spectral_subtraction,"{""alpha"": 2.0, ""beta"": 0.02, ""noise_frames"": 6}",10.62094802734524,18.95870840776464,8.3377603804194,0.004366424400359392,3.160866617690772e-05,0.005622158498024377,2.4761369228363037,0.89530679494577
p257_405.wav,wavelet_denoise,"{""mode"": ""soft"", ""threshold_scale"": 1.0, ""wavelet"": ""db4""}",10.62094802734524,10.693930281197538,0.07298225385229884,0.012779210694134235,0.00021197467867750674,0.014559350214810644,2.305649518966675,0.905018471657413
p257_405.wav,frequency_masking,"{""mask_floor"": 0.05, ""noise_frames"": 6, ""threshold"": 2.0}",10.62094802734524,18.251182334627035,7.630234307281796,0.004884918220341206,3.720135646290146e-05,0.006099291472204084,2.425487518310547,0.8962447337415768
p257_406.wav,noisy_input,{},6.545254336792857,6.545254336792857,0.0,0.024552498012781143,0.0009081837488338351,0.03013608715201486,3.268899440765381,0.9826220900184506
p257_406.wav,spectral_subtraction,"{""alpha"": 2.0, ""beta"": 0.02, ""noise_frames"": 6}",6.545254336792857,8.53343319074805,1.9881788539551941,0.018554676324129105,0.0005745870876125991,0.023970546251860826,3.656420946121216,0.9838205187046755
p257_406.wav,wavelet_denoise,"{""mode"": ""soft"", ""threshold_scale"": 1.0, ""wavelet"": ""db4""}",6.545254336792857,6.563055906018964,0.01780156922610754,0.02449893020093441,0.0009044687612913549,0.030074387130768848,3.496089220046997,0.9826371209634661
p257_406.wav,frequency_masking,"{""mask_floor"": 0.05, ""noise_frames"": 6, ""threshold"": 2.0}",6.545254336792857,6.938786636200404,0.3935322994075472,0.022960444912314415,0.0008295078296214342,0.028801177573520048,3.5696840286254883,0.9851635528665605
p257_407.wav,noisy_input,{},1.3713662992470357,1.3713662992470357,0.0,0.04612363874912262,0.003211702685803175,0.056671886202977,1.4093704223632812,0.9738195187734976
p257_407.wav,spectral_subtraction,"{""alpha"": 2.0, ""beta"": 0.02, ""noise_frames"": 6}",1.3713662992470357,11.379756363182016,10.00839006393498,0.0115308603271842,0.0003205504035577178,0.017903921457538788,2.6599531173706055,0.9745351019724661
p257_407.wav,wavelet_denoise,"{""mode"": ""soft"", ""threshold_scale"": 1.0, ""wavelet"": ""db4""}",1.3713662992470357,1.3932123325187318,0.021846033271696097,0.045999929308891296,0.0031955877784639597,0.05652953014543779,1.5683099031448364,0.9744533703861341
p257_407.wav,frequency_masking,"{""mask_floor"": 0.05, ""noise_frames"": 6, ""threshold"": 2.0}",1.3713662992470357,5.071714088939919,3.700347789692883,0.024455711245536804,0.0013699368573725224,0.03701265806953781,1.4901031255722046,0.9782183388070343
p257_408.wav,noisy_input,{},16.05182530201453,16.05182530201453,0.0,0.0064378948882222176,6.74817492836155e-05,0.008214727584260813,1.7988358736038208,0.9359173831688002
p257_408.wav,spectral_subtraction,"{""alpha"": 2.0, ""beta"": 0.02, ""noise_frames"": 6}",16.05182530201453,16.313260760239178,0.2614354582246463,0.005991488695144653,6.353935168590397e-05,0.007971157487209996,2.093552589416504,0.923601337857214
p257_408.wav,wavelet_denoise,"{""mode"": ""soft"", ""threshold_scale"": 1.0, ""wavelet"": ""db4""}",16.05182530201453,16.52367849277901,0.4718531907644774,0.0060670217499136925,6.0534228396136314e-05,0.00778037456657045,1.9370989799499512,0.9361655628808693
p257_408.wav,frequency_masking,"{""mask_floor"": 0.05, ""noise_frames"": 6, ""threshold"": 2.0}",16.05182530201453,17.9552242802594,1.9033989782448693,0.005158088635653257,4.353579060989432e-05,0.006598165700396915,2.2429399490356445,0.9337554558490767
p257_409.wav,noisy_input,{},10.066361999283398,10.066361999283398,0.0,0.01393374428153038,0.00031947431853041053,0.017873844536931905,1.123192310333252,0.9115316210253033
p257_409.wav,spectral_subtraction,"{""alpha"": 2.0, ""beta"": 0.02, ""noise_frames"": 6}",10.066361999283398,15.863322577914765,5.796960578631367,0.006427438464015722,8.40891370899044e-05,0.009170012927466591,1.8784934282302856,0.8643409249585702
p257_409.wav,wavelet_denoise,"{""mode"": ""soft"", ""threshold_scale"": 1.0, ""wavelet"": ""db4""}",10.066361999283398,10.39097250951741,0.32461051023401133,0.013389176689088345,0.0002964660234283656,0.01721818873831872,1.172187089920044,0.9126713408107519
p257_409.wav,frequency_masking,"{""mask_floor"": 0.05, ""noise_frames"": 6, ""threshold"": 2.0}",10.066361999283398,17.462854972439676,7.396492973156278,0.005926928017288446,5.818173667648807e-05,0.007627695371243405,1.9800496101379395,0.8883193235349938
p257_410.wav,noisy_input,{},6.570181226035022,6.570181226035022,0.0,0.023290492594242096,0.0010707743931561708,0.032722689271454615,1.1837530136108398,0.9353597743550904
p257_410.wav,spectral_subtraction,"{""alpha"": 2.0, ""beta"": 0.02, ""noise_frames"": 6}",6.570181226035022,13.241275652755613,6.671094426720591,0.009745582938194275,0.00023045628040563315,0.015180786554247878,1.420045256614685,0.9310719805462008
p257_410.wav,wavelet_denoise,"{""mode"": ""soft"", ""threshold_scale"": 1.0, ""wavelet"": ""db4""}",6.570181226035022,6.660494156929922,0.09031293089490067,0.022982003167271614,0.0010487373219802976,0.03238421408619171,1.237760066986084,0.9357699048787798
p257_410.wav,frequency_masking,"{""mask_floor"": 0.05, ""noise_frames"": 6, ""threshold"": 2.0}",6.570181226035022,10.281805898794858,3.711624672759836,0.01225492637604475,0.0004555494524538517,0.021343604485977802,1.2523552179336548,0.9331945909603465
p257_411.wav,noisy_input,{},1.7903444721351778,1.7903444721351778,0.0,0.03472413122653961,0.0022794599644839764,0.04774369031069945,1.081611156463623,0.8924862550155123
p257_411.wav,spectral_subtraction,"{""alpha"": 2.0, ""beta"": 0.02, ""noise_frames"": 6}",1.7903444721351778,8.717262741163653,6.926918269028475,0.014816246926784515,0.00046253023901954293,0.02150651619903937,1.4633921384811401,0.8582462613068226
p257_411.wav,wavelet_denoise,"{""mode"": ""soft"", ""threshold_scale"": 1.0, ""wavelet"": ""db4""}",1.7903444721351778,1.9583016557981745,0.16795718366299672,0.033851925283670425,0.0021929878275841475,0.04682934793037532,1.0939804315567017,0.8980300671852871
p257_411.wav,frequency_masking,"{""mask_floor"": 0.05, ""noise_frames"": 6, ""threshold"": 2.0}",1.7903444721351778,10.932196420528285,9.141851948393107,0.012140757404267788,0.0002777453337330371,0.016665693316902153,1.3139866590499878,0.8840936027877717
p257_412.wav,noisy_input,{},15.189423515720158,15.189423515720158,0.0,0.0062391143292188644,6.037645653123036e-05,0.007770228859643091,2.4631571769714355,0.9802788195909167
p257_412.wav,spectral_subtraction,"{""alpha"": 2.0, ""beta"": 0.02, ""noise_frames"": 6}",15.189423515720158,18.91451862210622,3.7250951063860605,0.0039337738417088985,2.560696520959027e-05,0.005060332519666101,3.1732337474823,0.9821051491599492
p257_412.wav,wavelet_denoise,"{""mode"": ""soft"", ""threshold_scale"": 1.0, ""wavelet"": ""db4""}",15.189423515720158,15.507402624714148,0.31797910899399007,0.006012798752635717,5.6113804021151736e-05,0.0074909147653108256,2.3759853839874268,0.960382122522312
p257_412.wav,frequency_masking,"{""mask_floor"": 0.05, ""noise_frames"": 6, ""threshold"": 2.0}",15.189423515720158,17.201427821698246,2.0120043059780883,0.004798985086381435,3.7989815609762445e-05,0.006163587884484365,2.8427960872650146,0.9843872130380228
p257_413.wav,noisy_input,{},10.908650095473716,10.908650095473716,0.0,0.013224713504314423,0.00026571331545710564,0.016300715182380975,1.4008350372314453,0.9333076990839395
p257_413.wav,spectral_subtraction,"{""alpha"": 2.0, ""beta"": 0.02, ""noise_frames"": 6}",10.908650095473716,17.151227877641908,6.242577782168192,0.006148293148726225,6.311833567451686e-05,0.007944704882783052,2.2022597789764404,0.9403984113362676
p257_413.wav,wavelet_denoise,"{""mode"": ""soft"", ""threshold_scale"": 1.0, ""wavelet"": ""db4""}",10.908650095473716,11.128901918768632,0.220251823294916,0.012885975651443005,0.0002525737218093127,0.01589256813134091,1.7055954933166504,0.9276378090905073
p257_413.wav,frequency_masking,"{""mask_floor"": 0.05, ""noise_frames"": 6, ""threshold"": 2.0}",10.908650095473716,15.585280332234419,4.676630236760703,0.007451160345226526,9.052120003616437e-05,0.009514262979136344,1.9195243120193481,0.9402433401220517
p257_414.wav,noisy_input,{},6.332167082961605,6.332167082961605,0.0,0.023346230387687683,0.0008418041397817433,0.029013861166376033,1.5873291492462158,0.9045095249093682
p257_414.wav,spectral_subtraction,"{""alpha"": 2.0, ""beta"": 0.02, ""noise_frames"": 6}",6.332167082961605,12.092781446796598,5.760614363834994,0.011052332818508148,0.00022343419550452381,0.014947715394150499,1.9395771026611328,0.9333146013779767
p257_414.wav,wavelet_denoise,"{""mode"": ""soft"", ""threshold_scale"": 1.0, ""wavelet"": ""db4""}",6.332167082961605,6.76624762418352,0.4340805412219151,0.022160444408655167,0.0007617334485985339,0.027599518992158793,1.6235849857330322,0.8787140535923388
p257_414.wav,frequency_masking,"{""mask_floor"": 0.05, ""noise_frames"": 6, ""threshold"": 2.0}",6.332167082961605,9.142161094537219,2.809994011575614,0.01574067771434784,0.00044076962512917817,0.02099451416749571,2.1499109268188477,0.9237552345261622
p257_415.wav,noisy_input,{},0.5885365762819678,0.5885365762819678,0.0,0.041704416275024414,0.002643448766320944,0.05141448012302511,1.1072843074798584,0.8451831154253079
p257_415.wav,spectral_subtraction,"{""alpha"": 2.0, ""beta"": 0.02, ""noise_frames"": 6}",0.5885365762819678,8.907983588328927,8.31944701204696,0.012971577234566212,0.0003892478416673839,0.019729364958542987,1.563946008682251,0.8324766970030538
p257_415.wav,wavelet_denoise,"{""mode"": ""soft"", ""threshold_scale"": 1.0, ""wavelet"": ""db4""}",0.5885365762819678,1.1748177552615022,0.5862811789795345,0.03898634761571884,0.002309632021933794,0.0480586310867652,1.1629045009613037,0.8179763878814604
p257_415.wav,frequency_masking,"{""mask_floor"": 0.05, ""noise_frames"": 6, ""threshold"": 2.0}",0.5885365762819678,7.368624984095148,6.780088407813181,0.01747698150575161,0.0005548327462747693,0.023554887948677855,1.116530418395996,0.8443524939152386
p257_416.wav,noisy_input,{},16.00166769525681,16.00166769525681,0.0,0.005504724103957415,4.602186527336016e-05,0.006783941720958411,3.3469607830047607,0.9964050502622488
p257_416.wav,spectral_subtraction,"{""alpha"": 2.0, ""beta"": 0.02, ""noise_frames"": 6}",16.00166769525681,21.630056491303407,5.628388796046597,0.0027321423403918743,1.2592888197104912e-05,0.0035486459667181387,3.379042625427246,0.9921853854298242
p257_416.wav,wavelet_denoise,"{""mode"": ""soft"", ""threshold_scale"": 1.0, ""wavelet"": ""db4""}",16.00166769525681,15.96106025387019,-0.040607441386619314,0.005522808991372585,4.6454199036816135e-05,0.006815731731576305,3.8004186153411865,0.9930920648108059
p257_416.wav,frequency_masking,"{""mask_floor"": 0.05, ""noise_frames"": 6, ""threshold"": 2.0}",16.00166769525681,19.165701658684178,3.164033963427368,0.0035169553011655807,2.2210628230823204e-05,0.004712815318981129,3.3980438709259033,0.995551652233614
p257_417.wav,noisy_input,{},10.360463171357159,10.360463171357159,0.0,0.016635429114103317,0.00042138202115893364,0.020527591703824725,2.6986491680145264,0.9893026539340121
p257_417.wav,spectral_subtraction,"{""alpha"": 2.0, ""beta"": 0.02, ""noise_frames"": 6}",10.360463171357159,14.899203877539954,4.538740706182795,0.008587797172367573,0.00014818420459050685,0.012173093468404277,3.2100274562835693,0.9880625099974695
p257_417.wav,wavelet_denoise,"{""mode"": ""soft"", ""threshold_scale"": 1.0, ""wavelet"": ""db4""}",10.360463171357159,10.456936224700875,0.09647305334371659,0.016425305977463722,0.0004121247329749167,0.02030085547396751,3.0004425048828125,0.972840336569656
p257_417.wav,frequency_masking,"{""mask_floor"": 0.05, ""noise_frames"": 6, ""threshold"": 2.0}",10.360463171357159,11.882848923568192,1.522385752211033,0.012819242663681507,0.000296781916404143,0.01722735953082024,3.1255147457122803,0.9895066714766624
p257_418.wav,noisy_input,{},6.299074059579201,6.299074059579201,0.0,0.02426312305033207,0.0008980445563793182,0.029967391551139685,1.8271889686584473,0.9504769604697603
p257_418.wav,spectral_subtraction,"{""alpha"": 2.0, ""beta"": 0.02, ""noise_frames"": 6}",6.299074059579201,16.18898898456401,9.889914924984808,0.00689131673425436,9.210991993313655e-05,0.009597391308743045,2.3690550327301025,0.9211196111544475
p257_418.wav,wavelet_denoise,"{""mode"": ""soft"", ""threshold_scale"": 1.0, ""wavelet"": ""db4""}",6.299074059579201,6.375412799405461,0.0763387398262596,0.02402726747095585,0.0008823969983495772,0.029705167872772192,2.2918763160705566,0.9342764642855372
p257_418.wav,frequency_masking,"{""mask_floor"": 0.05, ""noise_frames"": 6, ""threshold"": 2.0}",6.299074059579201,11.767970746516152,5.468896686936951,0.010608656331896782,0.0002549225464463234,0.015966294073651636,2.408358573913574,0.9377491882853413
p257_419.wav,noisy_input,{},1.057868466407513,1.057868466407513,0.0,0.03899319842457771,0.002470718463882804,0.04970632217216241,1.8476505279541016,0.9632310574371463
p257_419.wav,spectral_subtraction,"{""alpha"": 2.0, ""beta"": 0.02, ""noise_frames"": 6}",1.057868466407513,11.656604263346019,10.598735796938506,0.009712764993309975,0.00021525323973037302,0.014671511160421513,1.9854090213775635,0.9480557894652721
p257_419.wav,wavelet_denoise,"{""mode"": ""soft"", ""threshold_scale"": 1.0, ""wavelet"": ""db4""}",1.057868466407513,1.1287341015455512,0.07086563513803812,0.038692984730005264,0.0024307300336658955,0.04930243435841577,1.8752708435058594,0.942760545746594
p257_419.wav,frequency_masking,"{""mask_floor"": 0.05, ""noise_frames"": 6, ""threshold"": 2.0}",1.057868466407513,6.269981350833367,5.212112884425855,0.016285458579659462,0.0007440668996423483,0.027277589696348692,2.328461170196533,0.9509311399072633
p257_420.wav,noisy_input,{},15.125111752448754,15.125111752448754,0.0,0.00840334128588438,0.00011842988169519231,0.010882549411566772,2.310649871826172,0.9764935449992946
p257_420.wav,spectral_subtraction,"{""alpha"": 2.0, ""beta"": 0.02, ""noise_frames"": 6}",15.125111752448754,19.97789796362775,4.852786211178996,0.004943980369716883,3.874205503962003e-05,0.006224311611706152,2.9262402057647705,0.9760216738767998
p257_420.wav,wavelet_denoise,"{""mode"": ""soft"", ""threshold_scale"": 1.0, ""wavelet"": ""db4""}",15.125111752448754,15.211050733159098,0.08593898071034367,0.008307632990181446,0.00011610940418904647,0.010775407379261652,2.6633925437927246,0.971682264895794
p257_420.wav,frequency_masking,"{""mask_floor"": 0.05, ""noise_frames"": 6, ""threshold"": 2.0}",15.125111752448754,17.995005861478155,2.869894109029401,0.005908362567424774,6.116061558714136e-05,0.00782052527565389,2.5174241065979004,0.9777186111926013
p257_421.wav,noisy_input,{},10.30463002547039,10.30463002547039,0.0,0.01771632581949234,0.0006220149807631969,0.02494022816181113,1.9529132843017578,0.8570512966766022
p257_421.wav,spectral_subtraction,"{""alpha"": 2.0, ""beta"": 0.02, ""noise_frames"": 6}",10.30463002547039,15.036730737895223,4.732100712424833,0.009548153728246689,0.00020921402028761804,0.01446423244723404,2.3937735557556152,0.8536327326489582
p257_421.wav,wavelet_denoise,"{""mode"": ""soft"", ""threshold_scale"": 1.0, ""wavelet"": ""db4""}",10.30463002547039,10.352091433741009,0.04746140827061929,0.01763240247964859,0.0006152543937787414,0.02480432207859633,2.184260606765747,0.8577448673856182
p257_421.wav,frequency_masking,"{""mask_floor"": 0.05, ""noise_frames"": 6, ""threshold"": 2.0}",10.30463002547039,12.499650109287446,2.195020083817056,0.012107331305742264,0.00037523111677728593,0.019370883221404386,2.115773916244507,0.8541800830371005
p257_422.wav,noisy_input,{},6.437713475768118,6.437713475768118,0.0,0.020840412005782127,0.000698357354849577,0.02642645180211632,1.2190308570861816,0.8534433028404431
p257_422.wav,spectral_subtraction,"{""alpha"": 2.0, ""beta"": 0.02, ""noise_frames"": 6}",6.437713475768118,11.091889851974724,4.654176376206606,0.011054587550461292,0.0002391443122178316,0.015464291520073968,1.443993330001831,0.8362076059197271
p257_422.wav,wavelet_denoise,"{""mode"": ""soft"", ""threshold_scale"": 1.0, ""wavelet"": ""db4""}",6.437713475768118,6.759260323724922,0.321546847956804,0.020039629191160202,0.0006485194899141788,0.025466045824080717,1.2603175640106201,0.8529957003898547
p257_422.wav,frequency_masking,"{""mask_floor"": 0.05, ""noise_frames"": 6, ""threshold"": 2.0}",6.437713475768118,9.686847287841598,3.24913381207348,0.013372770510613918,0.0003304945712443441,0.01817950965357273,1.3572208881378174,0.8478649907533405
p257_423.wav,noisy_input,{},0.3428183853911548,0.3428183853911548,0.0,0.0416208878159523,0.0031100150663405657,0.0557675090562647,1.0901155471801758,0.9102765034223533
p257_423.wav,spectral_subtraction,"{""alpha"": 2.0, ""beta"": 0.02, ""noise_frames"": 6}",0.3428183853911548,14.007794140672999,13.664975755281844,0.007703134790062904,0.00013374110858421773,0.011564649090405542,1.1166492700576782,0.9034090119681588
p257_423.wav,wavelet_denoise,"{""mode"": ""soft"", ""threshold_scale"": 1.0, ""wavelet"": ""db4""}",0.3428183853911548,0.4542333769877104,0.1114149915965556,0.04101818427443504,0.003031244734302163,0.05505674104323796,1.1375830173492432,0.9114530728866101
p257_423.wav,frequency_masking,"{""mask_floor"": 0.05, ""noise_frames"": 6, ""threshold"": 2.0}",0.3428183853911548,9.897707511713344,9.55488912632219,0.010348271578550339,0.0003445669135544449,0.018562513664761162,1.0961931943893433,0.9097145173137008
p257_424.wav,noisy_input,{},16.591894121434056,16.591894121434056,0.0,0.006055188365280628,6.468645005952567e-05,0.008042788699171804,1.645613670349121,0.9801211891619611
p257_424.wav,spectral_subtraction,"{""alpha"": 2.0, ""beta"": 0.02, ""noise_frames"": 6}",16.591894121434056,21.388046881505613,4.796152760071557,0.003622159594669938,2.1438680050778203e-05,0.004630192226115262,3.1377053260803223,0.9837281392538191
p257_424.wav,wavelet_denoise,"{""mode"": ""soft"", ""threshold_scale"": 1.0, ""wavelet"": ""db4""}",16.591894121434056,16.606548102360655,0.01465398092659953,0.006056599318981171,6.44685496808961e-05,0.008029230952021252,1.8400332927703857,0.9807754792262043
p257_424.wav,frequency_masking,"{""mask_floor"": 0.05, ""noise_frames"": 6, ""threshold"": 2.0}",16.591894121434056,19.719764500220755,3.1278703787866995,0.003998188767582178,3.147938696201891e-05,0.005610649424266223,2.808152914047241,0.9824419781142733
p257_425.wav,noisy_input,{},4.825489471139456,4.825489471139456,0.0,0.025627056136727333,0.0010842783376574516,0.03292838194715087,2.265899896621704,0.8890013169767605
p257_425.wav,spectral_subtraction,"{""alpha"": 2.0, ""beta"": 0.02, ""noise_frames"": 6}",4.825489471139456,14.363683168684416,9.53819369754496,0.008367147296667099,0.00012059280561516061,0.01098147556638727,2.491584539413452,0.9030528251392544
p257_425.wav,wavelet_denoise,"{""mode"": ""soft"", ""threshold_scale"": 1.0, ""wavelet"": ""db4""}",4.825489471139456,4.858397435504228,0.032907964364772724,0.02550547756254673,0.0010760934092104435,0.03280386271783315,2.4424517154693604,0.8898675446680846
p257_425.wav,frequency_masking,"{""mask_floor"": 0.05, ""noise_frames"": 6, ""threshold"": 2.0}",4.825489471139456,9.40728692471112,4.581797453571664,0.013204752467572689,0.00037753829383291304,0.019430344665829092,2.354396343231201,0.9042105863921603
p257_426.wav,noisy_input,{},1.113181231465721,1.113181231465721,0.0,0.04932825639843941,0.00378581159748137,0.06152894926358949,1.1244924068450928,0.8411051141644068
p257_426.wav,spectral_subtraction,"{""alpha"": 2.0, ""beta"": 0.02, ""noise_frames"": 6}",1.113181231465721,8.693718837687642,7.580537606221921,0.01888461783528328,0.0006608535768464208,0.025707072506343867,1.1949942111968994,0.8143633998507022
p257_426.wav,wavelet_denoise,"{""mode"": ""soft"", ""threshold_scale"": 1.0, ""wavelet"": ""db4""}",1.113181231465721,1.7443944904280297,0.6312132589623087,0.045721303671598434,0.003273691050708294,0.057216178225291264,1.1757831573486328,0.8171869744455209
p257_426.wav,frequency_masking,"{""mask_floor"": 0.05, ""noise_frames"": 6, ""threshold"": 2.0}",1.113181231465721,4.9267926223933465,3.8136113909276252,0.029869528487324715,0.0015732503961771727,0.03966422060468569,1.1696149110794067,0.8354310506737869
p257_427.wav,noisy_input,{},0.9974721532546074,0.9974721532546074,0.0,0.04372458904981613,0.0032522163819521666,0.057028206897571015,1.036937952041626,0.7097013225033417
p257_427.wav,spectral_subtraction,"{""alpha"": 2.0, ""beta"": 0.02, ""noise_frames"": 6}",0.9974721532546074,5.922887744326472,4.925415591071864,0.02218913473188877,0.0010462558129802346,0.03234587783598143,1.1422693729400635,0.6861910444216586
p257_427.wav,wavelet_denoise,"{""mode"": ""soft"", ""threshold_scale"": 1.0, ""wavelet"": ""db4""}",0.9974721532546074,1.4485042710136486,0.4510321177590413,0.041416872292757034,0.002931407652795315,0.05414247549563388,1.0443021059036255,0.701499659664784
p257_427.wav,frequency_masking,"{""mask_floor"": 0.05, ""noise_frames"": 6, ""threshold"": 2.0}",0.9974721532546074,4.746547734240008,3.7490755809854006,0.026792459189891815,0.0013717402471229434,0.03703701185466969,1.0564366579055786,0.7079218684800794
p257_428.wav,noisy_input,{},11.170297777659592,11.170297777659592,0.0,0.01262591127306223,0.00023447629064321518,0.015312618673604303,2.59012770652771,0.9719608374663632
p257_428.wav,spectral_subtraction,"{""alpha"": 2.0, ""beta"": 0.02, ""noise_frames"": 6}",11.170297777659592,18.157752874255145,6.9874550965955535,0.005298046860843897,4.691950380220078e-05,0.006849781295939366,2.961012601852417,0.966767748721739
p257_428.wav,wavelet_denoise,"{""mode"": ""soft"", ""threshold_scale"": 1.0, ""wavelet"": ""db4""}",11.170297777659592,11.20767284861505,0.03737507095545922,0.0125607680529356,0.00023246706405188888,0.0152468706314407,2.7965121269226074,0.9693779605063536
p257_428.wav,frequency_masking,"{""mask_floor"": 0.05, ""noise_frames"": 6, ""threshold"": 2.0}",11.170297777659592,16.320752370938983,5.150454593279392,0.006359604187309742,7.162315887399018e-05,0.00846304666618294,2.844954490661621,0.9687184049628902
p257_429.wav,noisy_input,{},9.933395979180041,9.933395979180041,0.0,0.019463704898953438,0.0005957272951491177,0.02440752537946274,1.4395638704299927,0.8503941358373968
p257_429.wav,spectral_subtraction,"{""alpha"": 2.0, ""beta"": 0.02, ""noise_frames"": 6}",9.933395979180041,13.535907181435336,3.602511202255295,0.011901488527655602,0.00025989406276494265,0.01612123018770412,1.7288296222686768,0.8253387859732122
p257_429.wav,wavelet_denoise,"{""mode"": ""soft"", ""threshold_scale"": 1.0, ""wavelet"": ""db4""}",9.933395979180041,10.401030835202263,0.4676348560222223,0.018415575847029686,0.0005349140265025198,0.02312820845855813,1.4898617267608643,0.8283846876797852
p257_429.wav,frequency_masking,"{""mask_floor"": 0.05, ""noise_frames"": 6, ""threshold"": 2.0}",9.933395979180041,14.90580333469289,4.97240735551285,0.010730625130236149,0.00018958620785269886,0.013769030752115373,1.824777364730835,0.8279013082647905
p257_430.wav,noisy_input,{},6.618295892841644,6.618295892841644,0.0,0.018721994012594223,0.0005590575165115297,0.023644397148405574,1.3256627321243286,0.8737246565230066
p257_430.wav,spectral_subtraction,"{""alpha"": 2.0, ""beta"": 0.02, ""noise_frames"": 6}",6.618295892841644,9.552642756768414,2.93434686392677,0.012416915036737919,0.0002844603732228279,0.0168659530778082,1.5435190200805664,0.8641507427497057
p257_430.wav,wavelet_denoise,"{""mode"": ""soft"", ""threshold_scale"": 1.0, ""wavelet"": ""db4""}",6.618295892841644,7.037088736371207,0.41879284352956336,0.017749881371855736,0.0005076649831607938,0.022531422129124335,1.3120732307434082,0.8418214790689406
p257_430.wav,frequency_masking,"{""mask_floor"": 0.05, ""noise_frames"": 6, ""threshold"": 2.0}",6.618295892841644,8.442008792230213,1.8237128993885694,0.014633119106292725,0.00036735436879098415,0.019166490779247623,1.4937608242034912,0.8730265615077212
p257_431.wav,noisy_input,{},6.2552057354449095,6.2552057354449095,0.0,0.022895291447639465,0.0008185032638721168,0.028609496043658596,1.1188244819641113,0.912933971867826
p257_431.wav,spectral_subtraction,"{""alpha"": 2.0, ""beta"": 0.02, ""noise_frames"": 6}",6.2552057354449095,13.364981586633192,7.1097758511882825,0.009480136446654797,0.00015923657338134944,0.012618897470910422,1.6826696395874023,0.8949756801074138
p257_431.wav,wavelet_denoise,"{""mode"": ""soft"", ""threshold_scale"": 1.0, ""wavelet"": ""db4""}",6.2552057354449095,6.5222619787508505,0.2670562433059409,0.022167544811964035,0.0007696881657466292,0.02774325441880655,1.163333773612976,0.914334072750096
p257_431.wav,frequency_masking,"{""mask_floor"": 0.05, ""noise_frames"": 6, ""threshold"": 2.0}",6.2552057354449095,10.81255698422083,4.5573512487759205,0.012771124951541424,0.00028660602401942015,0.01692944251945173,1.3025026321411133,0.9083524121599608
p257_432.wav,noisy_input,{},9.889136532782373,9.889136532782373,0.0,0.014500741846859455,0.0003421818255446851,0.018498157355387727,1.0709304809570312,0.7558706643322202
p257_432.wav,spectral_subtraction,"{""alpha"": 2.0, ""beta"": 0.02, ""noise_frames"": 6}",9.889136532782373,14.981412190212255,5.092275657429882,0.007396063767373562,0.00010593253682600334,0.010292353318167975,1.2092828750610352,0.7409472195631096
p257_432.wav,wavelet_denoise,"{""mode"": ""soft"", ""threshold_scale"": 1.0, ""wavelet"": ""db4""}",9.889136532782373,10.247536234286589,0.3583997015042151,0.013859536498785019,0.0003150771954096854,0.017750413950375507,1.0893276929855347,0.7601036455462015
p257_432.wav,frequency_masking,"{""mask_floor"": 0.05, ""noise_frames"": 6, ""threshold"": 2.0}",9.889136532782373,13.910878812534424,4.021742279752051,0.008655951358377934,0.00013554476026911288,0.011642369186257275,1.111402988433838,0.7499827133125748
p257_433.wav,noisy_input,{},10.283666718246396,10.283666718246396,0.0,0.01560553815215826,0.00037791600334458053,0.019440061814319946,2.4988760948181152,0.9694409570161976
p257_433.wav,spectral_subtraction,"{""alpha"": 2.0, ""beta"": 0.02, ""noise_frames"": 6}",10.283666718246396,15.859155124221324,5.575488405974928,0.007519891485571861,0.0001046758407028392,0.010231121185033398,2.998692750930786,0.9666909910031721
p257_433.wav,wavelet_denoise,"{""mode"": ""soft"", ""threshold_scale"": 1.0, ""wavelet"": ""db4""}",10.283666718246396,10.369410183379568,0.08574346513317188,0.015429887920618057,0.00037052793777547777,0.01924910225894906,3.047919511795044,0.9637758755294829
p257_433.wav,frequency_masking,"{""mask_floor"": 0.05, ""noise_frames"": 6, ""threshold"": 2.0}",10.283666718246396,12.408154605196216,2.1244878869498205,0.011301879771053791,0.00023171091743279248,0.015222053653590651,2.808345317840576,0.9727841940804716
p257_434.wav,noisy_input,{},0.29798338155946896,0.29798338155946896,0.0,0.04699798673391342,0.0035210056230425835,0.05933806217802013,1.973238229751587,0.8845121949817448
p257_434.wav,spectral_subtraction,"{""alpha"": 2.0, ""beta"": 0.02, ""noise_frames"": 6}",0.29798338155946896,14.809208180446234,14.511224798886765,0.007697904482483864,0.00012460752623155713,0.011162774127946742,2.5399014949798584,0.8688003158178926
p257_434.wav,wavelet_denoise,"{""mode"": ""soft"", ""threshold_scale"": 1.0, ""wavelet"": ""db4""}",0.29798338155946896,0.31521163968562393,0.01722825812615497,0.04687664657831192,0.0035070658195763826,0.05922048479687061,2.1385340690612793,0.881817507524139
p257_434.wav,frequency_masking,"{""mask_floor"": 0.05, ""noise_frames"": 6, ""threshold"": 2.0}",0.29798338155946896,8.696775404583331,8.398792023023862,0.01135997287929058,0.0005090817576274276,0.022562840194164997,2.4968953132629395,0.8776714668597504
